
================================================================================
                      MULTI-OBJECTIVE EVOLUTION - NSGA-II                       
================================================================================
Population: 300 | Generations: 1000 | Parents: 300
Objective 1: Flat Terrain Speed | Objective 2: Ice Terrain Speed
================================================================================

Generation 0:	[ -3.95883097 -16.2682097 ]
Mean fitness:	-93.57 +- 126.68
Mean fitness per obj: ['-49.26 +-58.31', '-137.89 +-157.37']
Gen    1/1000 [░░░░░░░░░░░░░░░░░░░░░░░░░░░░░░░░░░░░░░░░░░░░░░░░░░]   0.1%
     Best:     Objective 1=  -1.36  Objective 2= -11.21
     Mean:     Objective 1= -49.26  Objective 2=-137.89

Gen    2/1000 [░░░░░░░░░░░░░░░░░░░░░░░░░░░░░░░░░░░░░░░░░░░░░░░░░░]   0.2%
     Best:     Objective 1=  12.15  Objective 2= -11.16
     Mean:     Objective 1= -54.50  Objective 2=-133.23

Gen    3/1000 [░░░░░░░░░░░░░░░░░░░░░░░░░░░░░░░░░░░░░░░░░░░░░░░░░░]   0.3%
     Best:     Objective 1=  -4.23  Objective 2= -10.69
     Mean:     Objective 1= -48.70  Objective 2=-117.42

Gen    4/1000 [░░░░░░░░░░░░░░░░░░░░░░░░░░░░░░░░░░░░░░░░░░░░░░░░░░]   0.4%
     Best:     Objective 1=   0.73  Objective 2= -11.56
     Mean:     Objective 1= -45.63  Objective 2= -98.70

Gen    5/1000 [░░░░░░░░░░░░░░░░░░░░░░░░░░░░░░░░░░░░░░░░░░░░░░░░░░]   0.5%
     Best:     Objective 1=  -1.14  Objective 2= -12.47
     Mean:     Objective 1= -41.45  Objective 2= -99.47

Generation 5:	[ -3.95883097 -16.2682097 ]
Mean fitness:	-70.28 +- 93.80
Mean fitness per obj: ['-44.27 +-42.27', '-96.29 +-120.24']
Gen    6/1000 [░░░░░░░░░░░░░░░░░░░░░░░░░░░░░░░░░░░░░░░░░░░░░░░░░░]   0.6%
     Best:     Objective 1=   4.00  Objective 2= -11.18
     Mean:     Objective 1= -44.27  Objective 2= -96.29

Gen    7/1000 [░░░░░░░░░░░░░░░░░░░░░░░░░░░░░░░░░░░░░░░░░░░░░░░░░░]   0.7%
     Best:     Objective 1=   6.95  Objective 2=  -9.48
     Mean:     Objective 1= -45.16  Objective 2=-114.52

Gen    8/1000 [░░░░░░░░░░░░░░░░░░░░░░░░░░░░░░░░░░░░░░░░░░░░░░░░░░]   0.8%
     Best:     Objective 1=   5.22  Objective 2= -13.51
     Mean:     Objective 1= -40.94  Objective 2=-108.17

Gen    9/1000 [░░░░░░░░░░░░░░░░░░░░░░░░░░░░░░░░░░░░░░░░░░░░░░░░░░]   0.9%
     Best:     Objective 1=   6.76  Objective 2=  -8.01
     Mean:     Objective 1= -39.41  Objective 2= -88.18

Gen   10/1000 [░░░░░░░░░░░░░░░░░░░░░░░░░░░░░░░░░░░░░░░░░░░░░░░░░░]   1.0%
     Best:     Objective 1=   9.66  Objective 2= -14.01
     Mean:     Objective 1= -41.08  Objective 2= -88.34

Generation 10:	[  0.70398874 -14.65842267]
Mean fitness:	-73.56 +- 108.66
Mean fitness per obj: ['-45.21 +-55.43', '-101.91 +-137.61']
Gen   11/1000 [░░░░░░░░░░░░░░░░░░░░░░░░░░░░░░░░░░░░░░░░░░░░░░░░░░]   1.1%
     Best:     Objective 1=  -2.54  Objective 2= -11.03
     Mean:     Objective 1= -45.21  Objective 2=-101.91

Gen   12/1000 [░░░░░░░░░░░░░░░░░░░░░░░░░░░░░░░░░░░░░░░░░░░░░░░░░░]   1.2%
     Best:     Objective 1=   6.46  Objective 2= -10.03
     Mean:     Objective 1= -45.53  Objective 2= -98.85

Gen   13/1000 [░░░░░░░░░░░░░░░░░░░░░░░░░░░░░░░░░░░░░░░░░░░░░░░░░░]   1.3%
     Best:     Objective 1=   2.12  Objective 2= -10.52
     Mean:     Objective 1= -38.46  Objective 2= -90.44

Gen   14/1000 [░░░░░░░░░░░░░░░░░░░░░░░░░░░░░░░░░░░░░░░░░░░░░░░░░░]   1.4%
     Best:     Objective 1=   2.61  Objective 2= -11.03
     Mean:     Objective 1= -37.17  Objective 2= -87.57

Gen   15/1000 [░░░░░░░░░░░░░░░░░░░░░░░░░░░░░░░░░░░░░░░░░░░░░░░░░░]   1.5%
     Best:     Objective 1=  17.37  Objective 2= -10.63
     Mean:     Objective 1= -40.40  Objective 2= -88.16

Generation 15:	[  1.45851606 -12.23138279]
Mean fitness:	-67.03 +- 112.60
Mean fitness per obj: ['-36.22 +-46.84', '-97.85 +-145.83']
Gen   16/1000 [░░░░░░░░░░░░░░░░░░░░░░░░░░░░░░░░░░░░░░░░░░░░░░░░░░]   1.6%
     Best:     Objective 1=   3.59  Objective 2= -12.46
     Mean:     Objective 1= -36.22  Objective 2= -97.85

Gen   17/1000 [░░░░░░░░░░░░░░░░░░░░░░░░░░░░░░░░░░░░░░░░░░░░░░░░░░]   1.7%
     Best:     Objective 1=   7.13  Objective 2= -10.14
     Mean:     Objective 1= -38.21  Objective 2= -90.55

Gen   18/1000 [░░░░░░░░░░░░░░░░░░░░░░░░░░░░░░░░░░░░░░░░░░░░░░░░░░]   1.8%
     Best:     Objective 1=  22.65  Objective 2= -11.49
     Mean:     Objective 1= -45.92  Objective 2= -82.57

Gen   19/1000 [░░░░░░░░░░░░░░░░░░░░░░░░░░░░░░░░░░░░░░░░░░░░░░░░░░]   1.9%
     Best:     Objective 1=  10.57  Objective 2= -11.54
     Mean:     Objective 1= -38.82  Objective 2=-100.79

Gen   20/1000 [█░░░░░░░░░░░░░░░░░░░░░░░░░░░░░░░░░░░░░░░░░░░░░░░░░]   2.0%
     Best:     Objective 1=   5.41  Objective 2= -11.65
     Mean:     Objective 1= -39.62  Objective 2= -99.59

Generation 20:	[  1.45851606 -12.23138279]
Mean fitness:	-57.82 +- 88.31
Mean fitness per obj: ['-35.39 +-32.25', '-80.24 +-116.41']
Gen   21/1000 [█░░░░░░░░░░░░░░░░░░░░░░░░░░░░░░░░░░░░░░░░░░░░░░░░░]   2.1%
     Best:     Objective 1=   4.05  Objective 2= -10.53
     Mean:     Objective 1= -35.39  Objective 2= -80.24

Gen   22/1000 [█░░░░░░░░░░░░░░░░░░░░░░░░░░░░░░░░░░░░░░░░░░░░░░░░░]   2.2%
     Best:     Objective 1=   7.12  Objective 2= -11.06
     Mean:     Objective 1= -41.54  Objective 2= -87.57

Gen   23/1000 [█░░░░░░░░░░░░░░░░░░░░░░░░░░░░░░░░░░░░░░░░░░░░░░░░░]   2.3%
     Best:     Objective 1=   3.61  Objective 2= -10.90
     Mean:     Objective 1= -37.13  Objective 2= -77.09

Gen   24/1000 [█░░░░░░░░░░░░░░░░░░░░░░░░░░░░░░░░░░░░░░░░░░░░░░░░░]   2.4%
     Best:     Objective 1=  14.97  Objective 2=  -9.35
     Mean:     Objective 1= -42.66  Objective 2= -90.63

Gen   25/1000 [█░░░░░░░░░░░░░░░░░░░░░░░░░░░░░░░░░░░░░░░░░░░░░░░░░]   2.5%
     Best:     Objective 1=   7.58  Objective 2=  -8.24
     Mean:     Objective 1= -36.28  Objective 2= -93.03

Generation 25:	[  1.45851606 -12.23138279]
Mean fitness:	-58.21 +- 83.23
Mean fitness per obj: ['-41.74 +-64.25', '-74.69 +-95.84']
Gen   26/1000 [█░░░░░░░░░░░░░░░░░░░░░░░░░░░░░░░░░░░░░░░░░░░░░░░░░]   2.6%
     Best:     Objective 1=  -0.99  Objective 2= -11.21
     Mean:     Objective 1= -41.74  Objective 2= -74.69

Gen   27/1000 [█░░░░░░░░░░░░░░░░░░░░░░░░░░░░░░░░░░░░░░░░░░░░░░░░░]   2.7%
     Best:     Objective 1=  -1.01  Objective 2= -10.75
     Mean:     Objective 1= -35.11  Objective 2= -89.27

Gen   28/1000 [█░░░░░░░░░░░░░░░░░░░░░░░░░░░░░░░░░░░░░░░░░░░░░░░░░]   2.8%
     Best:     Objective 1=  12.41  Objective 2=  -9.47
     Mean:     Objective 1= -36.88  Objective 2= -88.63

Gen   29/1000 [█░░░░░░░░░░░░░░░░░░░░░░░░░░░░░░░░░░░░░░░░░░░░░░░░░]   2.9%
     Best:     Objective 1=   1.27  Objective 2= -10.06
     Mean:     Objective 1= -41.55  Objective 2= -79.86

Gen   30/1000 [█░░░░░░░░░░░░░░░░░░░░░░░░░░░░░░░░░░░░░░░░░░░░░░░░░]   3.0%
     Best:     Objective 1=  17.63  Objective 2=  -8.44
     Mean:     Objective 1= -36.10  Objective 2= -71.91

Generation 30:	[  1.45851606 -12.23138279]
Mean fitness:	-61.31 +- 91.75
Mean fitness per obj: ['-36.15 +-37.55', '-86.48 +-118.99']
Gen   31/1000 [█░░░░░░░░░░░░░░░░░░░░░░░░░░░░░░░░░░░░░░░░░░░░░░░░░]   3.1%
     Best:     Objective 1=   7.27  Objective 2=  -9.68
     Mean:     Objective 1= -36.15  Objective 2= -86.48

Gen   32/1000 [█░░░░░░░░░░░░░░░░░░░░░░░░░░░░░░░░░░░░░░░░░░░░░░░░░]   3.2%
     Best:     Objective 1=   6.92  Objective 2= -10.20
     Mean:     Objective 1= -37.75  Objective 2= -75.99

Gen   33/1000 [█░░░░░░░░░░░░░░░░░░░░░░░░░░░░░░░░░░░░░░░░░░░░░░░░░]   3.3%
     Best:     Objective 1=  21.96  Objective 2= -11.73
     Mean:     Objective 1= -35.34  Objective 2= -82.94

Gen   34/1000 [█░░░░░░░░░░░░░░░░░░░░░░░░░░░░░░░░░░░░░░░░░░░░░░░░░]   3.4%
     Best:     Objective 1=   4.50  Objective 2=  -8.12
     Mean:     Objective 1= -43.98  Objective 2= -82.64

Gen   35/1000 [█░░░░░░░░░░░░░░░░░░░░░░░░░░░░░░░░░░░░░░░░░░░░░░░░░]   3.5%
     Best:     Objective 1=  11.11  Objective 2=  -8.06
     Mean:     Objective 1= -38.67  Objective 2= -83.28

Generation 35:	[  1.45851606 -12.23138279]
Mean fitness:	-56.89 +- 75.93
Mean fitness per obj: ['-37.19 +-35.57', '-76.60 +-97.41']
Gen   36/1000 [█░░░░░░░░░░░░░░░░░░░░░░░░░░░░░░░░░░░░░░░░░░░░░░░░░]   3.6%
     Best:     Objective 1=  17.07  Objective 2= -10.61
     Mean:     Objective 1= -37.19  Objective 2= -76.60

Gen   37/1000 [█░░░░░░░░░░░░░░░░░░░░░░░░░░░░░░░░░░░░░░░░░░░░░░░░░]   3.7%
     Best:     Objective 1=   3.09  Objective 2= -10.66
     Mean:     Objective 1= -38.38  Objective 2= -74.22

Gen   38/1000 [█░░░░░░░░░░░░░░░░░░░░░░░░░░░░░░░░░░░░░░░░░░░░░░░░░]   3.8%
     Best:     Objective 1=  14.13  Objective 2=  -8.09
     Mean:     Objective 1= -41.23  Objective 2= -84.28

Gen   39/1000 [█░░░░░░░░░░░░░░░░░░░░░░░░░░░░░░░░░░░░░░░░░░░░░░░░░]   3.9%
     Best:     Objective 1=   3.85  Objective 2= -11.20
     Mean:     Objective 1= -41.42  Objective 2= -84.60

Gen   40/1000 [██░░░░░░░░░░░░░░░░░░░░░░░░░░░░░░░░░░░░░░░░░░░░░░░░]   4.0%
     Best:     Objective 1=   6.29  Objective 2=  -7.79
     Mean:     Objective 1= -36.65  Objective 2= -76.60

Generation 40:	[  1.45851606 -12.23138279]
Mean fitness:	-65.21 +- 106.65
Mean fitness per obj: ['-41.20 +-46.88', '-89.22 +-139.28']
Gen   41/1000 [██░░░░░░░░░░░░░░░░░░░░░░░░░░░░░░░░░░░░░░░░░░░░░░░░]   4.1%
     Best:     Objective 1=   7.60  Objective 2= -10.77
     Mean:     Objective 1= -41.20  Objective 2= -89.22

Gen   42/1000 [██░░░░░░░░░░░░░░░░░░░░░░░░░░░░░░░░░░░░░░░░░░░░░░░░]   4.2%
     Best:     Objective 1=  11.47  Objective 2=  -9.37
     Mean:     Objective 1= -38.03  Objective 2= -88.25

Gen   43/1000 [██░░░░░░░░░░░░░░░░░░░░░░░░░░░░░░░░░░░░░░░░░░░░░░░░]   4.3%
     Best:     Objective 1=  22.47  Objective 2= -10.38
     Mean:     Objective 1= -38.75  Objective 2= -86.38

Gen   44/1000 [██░░░░░░░░░░░░░░░░░░░░░░░░░░░░░░░░░░░░░░░░░░░░░░░░]   4.4%
     Best:     Objective 1=   5.50  Objective 2=  -9.06
     Mean:     Objective 1= -36.36  Objective 2= -80.83

Gen   45/1000 [██░░░░░░░░░░░░░░░░░░░░░░░░░░░░░░░░░░░░░░░░░░░░░░░░]   4.5%
     Best:     Objective 1=   6.91  Objective 2=  -9.63
     Mean:     Objective 1= -39.63  Objective 2= -94.76

Generation 45:	[  1.45851606 -12.23138279]
Mean fitness:	-62.91 +- 100.84
Mean fitness per obj: ['-36.45 +-39.98', '-89.37 +-131.68']
Gen   46/1000 [██░░░░░░░░░░░░░░░░░░░░░░░░░░░░░░░░░░░░░░░░░░░░░░░░]   4.6%
     Best:     Objective 1=   6.04  Objective 2=  -7.80
     Mean:     Objective 1= -36.45  Objective 2= -89.37

Gen   47/1000 [██░░░░░░░░░░░░░░░░░░░░░░░░░░░░░░░░░░░░░░░░░░░░░░░░]   4.7%
     Best:     Objective 1=   7.31  Objective 2=  -9.54
     Mean:     Objective 1= -34.42  Objective 2= -77.98

Gen   48/1000 [██░░░░░░░░░░░░░░░░░░░░░░░░░░░░░░░░░░░░░░░░░░░░░░░░]   4.8%
     Best:     Objective 1=   5.82  Objective 2=  -8.62
     Mean:     Objective 1= -39.00  Objective 2= -84.80

Gen   49/1000 [██░░░░░░░░░░░░░░░░░░░░░░░░░░░░░░░░░░░░░░░░░░░░░░░░]   4.9%
     Best:     Objective 1=   8.33  Objective 2=  -6.48
     Mean:     Objective 1= -38.95  Objective 2= -84.02

Gen   50/1000 [██░░░░░░░░░░░░░░░░░░░░░░░░░░░░░░░░░░░░░░░░░░░░░░░░]   5.0%
     Best:     Objective 1=  18.11  Objective 2=  -8.83
     Mean:     Objective 1= -34.63  Objective 2= -77.49

Generation 50:	[  1.45851606 -12.23138279]
Mean fitness:	-57.68 +- 86.26
Mean fitness per obj: ['-37.01 +-61.36', '-78.34 +-101.30']
Gen   51/1000 [██░░░░░░░░░░░░░░░░░░░░░░░░░░░░░░░░░░░░░░░░░░░░░░░░]   5.1%
     Best:     Objective 1=  32.75  Objective 2=  -8.31
     Mean:     Objective 1= -37.01  Objective 2= -78.34

Gen   52/1000 [██░░░░░░░░░░░░░░░░░░░░░░░░░░░░░░░░░░░░░░░░░░░░░░░░]   5.2%
     Best:     Objective 1=  31.63  Objective 2=  -7.14
     Mean:     Objective 1= -35.37  Objective 2= -75.71

Gen   53/1000 [██░░░░░░░░░░░░░░░░░░░░░░░░░░░░░░░░░░░░░░░░░░░░░░░░]   5.3%
     Best:     Objective 1=   9.81  Objective 2=  -7.65
     Mean:     Objective 1= -35.04  Objective 2= -69.13

Gen   54/1000 [██░░░░░░░░░░░░░░░░░░░░░░░░░░░░░░░░░░░░░░░░░░░░░░░░]   5.4%
     Best:     Objective 1=  14.17  Objective 2=  -6.55
     Mean:     Objective 1= -35.53  Objective 2= -81.87

Gen   55/1000 [██░░░░░░░░░░░░░░░░░░░░░░░░░░░░░░░░░░░░░░░░░░░░░░░░]   5.5%
     Best:     Objective 1=  12.13  Objective 2=   8.57
     Mean:     Objective 1= -34.13  Objective 2= -75.09

Generation 55:	[  1.45851606 -12.23138279]
Mean fitness:	-61.14 +- 97.75
Mean fitness per obj: ['-38.89 +-55.18', '-83.39 +-122.79']
Gen   56/1000 [██░░░░░░░░░░░░░░░░░░░░░░░░░░░░░░░░░░░░░░░░░░░░░░░░]   5.6%
     Best:     Objective 1=  12.57  Objective 2=  -7.75
     Mean:     Objective 1= -38.89  Objective 2= -83.39

Gen   57/1000 [██░░░░░░░░░░░░░░░░░░░░░░░░░░░░░░░░░░░░░░░░░░░░░░░░]   5.7%
     Best:     Objective 1=  19.87  Objective 2=  -9.51
     Mean:     Objective 1= -37.58  Objective 2= -88.03

Gen   58/1000 [██░░░░░░░░░░░░░░░░░░░░░░░░░░░░░░░░░░░░░░░░░░░░░░░░]   5.8%
     Best:     Objective 1=   3.97  Objective 2=  -7.56
     Mean:     Objective 1= -31.11  Objective 2= -83.31

Gen   59/1000 [██░░░░░░░░░░░░░░░░░░░░░░░░░░░░░░░░░░░░░░░░░░░░░░░░]   5.9%
     Best:     Objective 1=  27.13  Objective 2=  -5.28
     Mean:     Objective 1= -34.25  Objective 2= -70.97

Gen   60/1000 [███░░░░░░░░░░░░░░░░░░░░░░░░░░░░░░░░░░░░░░░░░░░░░░░]   6.0%
     Best:     Objective 1=  29.72  Objective 2=  -8.46
     Mean:     Objective 1= -31.70  Objective 2= -82.24

Generation 60:	[ 15.02229167 -10.41021609]
Mean fitness:	-57.69 +- 90.02
Mean fitness per obj: ['-34.43 +-45.38', '-80.95 +-114.31']
Gen   61/1000 [███░░░░░░░░░░░░░░░░░░░░░░░░░░░░░░░░░░░░░░░░░░░░░░░]   6.1%
     Best:     Objective 1=  15.02  Objective 2=  -7.65
     Mean:     Objective 1= -34.43  Objective 2= -80.95

Gen   62/1000 [███░░░░░░░░░░░░░░░░░░░░░░░░░░░░░░░░░░░░░░░░░░░░░░░]   6.2%
     Best:     Objective 1=   4.05  Objective 2=  -5.36
     Mean:     Objective 1= -33.24  Objective 2= -74.60

Gen   63/1000 [███░░░░░░░░░░░░░░░░░░░░░░░░░░░░░░░░░░░░░░░░░░░░░░░]   6.3%
     Best:     Objective 1=  15.83  Objective 2=  -7.05
     Mean:     Objective 1= -32.18  Objective 2= -65.27

Gen   64/1000 [███░░░░░░░░░░░░░░░░░░░░░░░░░░░░░░░░░░░░░░░░░░░░░░░]   6.4%
     Best:     Objective 1=  21.25  Objective 2=   4.09
     Mean:     Objective 1= -30.87  Objective 2= -75.98

Gen   65/1000 [███░░░░░░░░░░░░░░░░░░░░░░░░░░░░░░░░░░░░░░░░░░░░░░░]   6.5%
     Best:     Objective 1=  16.24  Objective 2=  -8.18
     Mean:     Objective 1= -32.28  Objective 2= -69.03

Generation 65:	[ 15.02229167 -10.41021609]
Mean fitness:	-50.67 +- 73.60
Mean fitness per obj: ['-30.92 +-37.51', '-70.42 +-92.99']
Gen   66/1000 [███░░░░░░░░░░░░░░░░░░░░░░░░░░░░░░░░░░░░░░░░░░░░░░░]   6.6%
     Best:     Objective 1=  17.91  Objective 2=  -7.04
     Mean:     Objective 1= -30.92  Objective 2= -70.42

Gen   67/1000 [███░░░░░░░░░░░░░░░░░░░░░░░░░░░░░░░░░░░░░░░░░░░░░░░]   6.7%
     Best:     Objective 1=  27.66  Objective 2=  -6.98
     Mean:     Objective 1= -32.37  Objective 2= -74.42

Gen   68/1000 [███░░░░░░░░░░░░░░░░░░░░░░░░░░░░░░░░░░░░░░░░░░░░░░░]   6.8%
     Best:     Objective 1=  23.81  Objective 2=  -9.29
     Mean:     Objective 1= -29.61  Objective 2= -69.25

Gen   69/1000 [███░░░░░░░░░░░░░░░░░░░░░░░░░░░░░░░░░░░░░░░░░░░░░░░]   6.9%
     Best:     Objective 1=  16.34  Objective 2=  -6.19
     Mean:     Objective 1= -34.62  Objective 2= -84.42

Gen   70/1000 [███░░░░░░░░░░░░░░░░░░░░░░░░░░░░░░░░░░░░░░░░░░░░░░░]   7.0%
     Best:     Objective 1=  27.54  Objective 2=  -6.97
     Mean:     Objective 1= -36.50  Objective 2= -68.29

Generation 70:	[ 15.02229167 -10.41021609]
Mean fitness:	-56.80 +- 86.03
Mean fitness per obj: ['-33.69 +-40.02', '-79.91 +-110.15']
Gen   71/1000 [███░░░░░░░░░░░░░░░░░░░░░░░░░░░░░░░░░░░░░░░░░░░░░░░]   7.1%
     Best:     Objective 1=  24.48  Objective 2=  -6.96
     Mean:     Objective 1= -33.69  Objective 2= -79.91

Gen   72/1000 [███░░░░░░░░░░░░░░░░░░░░░░░░░░░░░░░░░░░░░░░░░░░░░░░]   7.2%
     Best:     Objective 1=  27.01  Objective 2=  -7.77
     Mean:     Objective 1= -32.81  Objective 2= -74.87

Gen   73/1000 [███░░░░░░░░░░░░░░░░░░░░░░░░░░░░░░░░░░░░░░░░░░░░░░░]   7.3%
     Best:     Objective 1=  15.17  Objective 2=  -7.16
     Mean:     Objective 1= -35.06  Objective 2= -61.64

Gen   74/1000 [███░░░░░░░░░░░░░░░░░░░░░░░░░░░░░░░░░░░░░░░░░░░░░░░]   7.4%
     Best:     Objective 1=  24.57  Objective 2=  -6.62
     Mean:     Objective 1= -32.50  Objective 2= -65.37

Gen   75/1000 [███░░░░░░░░░░░░░░░░░░░░░░░░░░░░░░░░░░░░░░░░░░░░░░░]   7.5%
     Best:     Objective 1=  23.35  Objective 2=  -7.92
     Mean:     Objective 1= -30.42  Objective 2= -77.32

Generation 75:	[24.56915164 -6.62493127]
Mean fitness:	-53.89 +- 88.48
Mean fitness per obj: ['-32.38 +-40.62', '-75.40 +-114.37']
Gen   76/1000 [███░░░░░░░░░░░░░░░░░░░░░░░░░░░░░░░░░░░░░░░░░░░░░░░]   7.6%
     Best:     Objective 1=  14.98  Objective 2=  -2.76
     Mean:     Objective 1= -32.38  Objective 2= -75.40

Gen   77/1000 [███░░░░░░░░░░░░░░░░░░░░░░░░░░░░░░░░░░░░░░░░░░░░░░░]   7.7%
     Best:     Objective 1=  11.47  Objective 2=  -5.52
     Mean:     Objective 1= -29.28  Objective 2= -71.53

Gen   78/1000 [███░░░░░░░░░░░░░░░░░░░░░░░░░░░░░░░░░░░░░░░░░░░░░░░]   7.8%
     Best:     Objective 1=  14.78  Objective 2=  -5.40
     Mean:     Objective 1= -27.66  Objective 2= -75.71

Gen   79/1000 [███░░░░░░░░░░░░░░░░░░░░░░░░░░░░░░░░░░░░░░░░░░░░░░░]   7.9%
     Best:     Objective 1=   8.17  Objective 2=  -4.69
     Mean:     Objective 1= -32.33  Objective 2= -75.92

Gen   80/1000 [████░░░░░░░░░░░░░░░░░░░░░░░░░░░░░░░░░░░░░░░░░░░░░░]   8.0%
     Best:     Objective 1=  27.95  Objective 2=  -6.41
     Mean:     Objective 1= -28.06  Objective 2= -73.42

Generation 80:	[24.56915164 -6.62493127]
Mean fitness:	-52.98 +- 82.07
Mean fitness per obj: ['-28.12 +-36.83', '-77.83 +-104.30']
Gen   81/1000 [████░░░░░░░░░░░░░░░░░░░░░░░░░░░░░░░░░░░░░░░░░░░░░░]   8.1%
     Best:     Objective 1=  18.59  Objective 2=  -5.42
     Mean:     Objective 1= -28.12  Objective 2= -77.83

Gen   82/1000 [████░░░░░░░░░░░░░░░░░░░░░░░░░░░░░░░░░░░░░░░░░░░░░░]   8.2%
     Best:     Objective 1=  49.74  Objective 2=   2.55
     Mean:     Objective 1= -30.95  Objective 2= -64.88

Gen   83/1000 [████░░░░░░░░░░░░░░░░░░░░░░░░░░░░░░░░░░░░░░░░░░░░░░]   8.3%
     Best:     Objective 1=  21.91  Objective 2=  -5.58
     Mean:     Objective 1= -32.27  Objective 2= -76.71

Gen   84/1000 [████░░░░░░░░░░░░░░░░░░░░░░░░░░░░░░░░░░░░░░░░░░░░░░]   8.4%
     Best:     Objective 1=   6.59  Objective 2=  -7.02
     Mean:     Objective 1= -32.21  Objective 2= -80.35

Gen   85/1000 [████░░░░░░░░░░░░░░░░░░░░░░░░░░░░░░░░░░░░░░░░░░░░░░]   8.5%
     Best:     Objective 1=  26.11  Objective 2=  -5.36
     Mean:     Objective 1= -32.47  Objective 2= -65.30

Generation 85:	[24.56915164 -6.62493127]
Mean fitness:	-52.79 +- 86.42
Mean fitness per obj: ['-30.25 +-46.11', '-75.34 +-108.60']
Gen   86/1000 [████░░░░░░░░░░░░░░░░░░░░░░░░░░░░░░░░░░░░░░░░░░░░░░]   8.6%
     Best:     Objective 1=  22.77  Objective 2=  -2.42
     Mean:     Objective 1= -30.25  Objective 2= -75.34

Gen   87/1000 [████░░░░░░░░░░░░░░░░░░░░░░░░░░░░░░░░░░░░░░░░░░░░░░]   8.7%
     Best:     Objective 1=  18.49  Objective 2=  -6.55
     Mean:     Objective 1= -26.43  Objective 2= -77.63

Gen   88/1000 [████░░░░░░░░░░░░░░░░░░░░░░░░░░░░░░░░░░░░░░░░░░░░░░]   8.8%
     Best:     Objective 1=  15.09  Objective 2=  -2.82
     Mean:     Objective 1= -28.75  Objective 2= -60.06

Gen   89/1000 [████░░░░░░░░░░░░░░░░░░░░░░░░░░░░░░░░░░░░░░░░░░░░░░]   8.9%
     Best:     Objective 1=  28.14  Objective 2=  -5.00
     Mean:     Objective 1= -30.47  Objective 2= -68.76

Gen   90/1000 [████░░░░░░░░░░░░░░░░░░░░░░░░░░░░░░░░░░░░░░░░░░░░░░]   9.0%
     Best:     Objective 1=  15.51  Objective 2=  -0.93
     Mean:     Objective 1= -28.24  Objective 2= -77.22

Generation 90:	[24.56915164 -6.62493127]
Mean fitness:	-51.34 +- 83.15
Mean fitness per obj: ['-28.88 +-36.78', '-73.79 +-107.08']
Gen   91/1000 [████░░░░░░░░░░░░░░░░░░░░░░░░░░░░░░░░░░░░░░░░░░░░░░]   9.1%
     Best:     Objective 1=  26.18  Objective 2=  12.37
     Mean:     Objective 1= -28.88  Objective 2= -73.79

Gen   92/1000 [████░░░░░░░░░░░░░░░░░░░░░░░░░░░░░░░░░░░░░░░░░░░░░░]   9.2%
     Best:     Objective 1=  26.12  Objective 2=  27.92
     Mean:     Objective 1= -28.23  Objective 2= -75.81

Gen   93/1000 [████░░░░░░░░░░░░░░░░░░░░░░░░░░░░░░░░░░░░░░░░░░░░░░]   9.3%
     Best:     Objective 1=  26.87  Objective 2=  -5.55
     Mean:     Objective 1= -28.10  Objective 2= -72.45

Gen   94/1000 [████░░░░░░░░░░░░░░░░░░░░░░░░░░░░░░░░░░░░░░░░░░░░░░]   9.4%
     Best:     Objective 1=  14.03  Objective 2=  -3.87
     Mean:     Objective 1= -27.41  Objective 2= -67.84

Gen   95/1000 [████░░░░░░░░░░░░░░░░░░░░░░░░░░░░░░░░░░░░░░░░░░░░░░]   9.5%
     Best:     Objective 1=  24.39  Objective 2=   0.26
     Mean:     Objective 1= -26.46  Objective 2= -65.56

Generation 95:	[24.56915164 -6.62493127]
Mean fitness:	-50.86 +- 83.03
Mean fitness per obj: ['-27.26 +-34.20', '-74.45 +-107.25']
Gen   96/1000 [████░░░░░░░░░░░░░░░░░░░░░░░░░░░░░░░░░░░░░░░░░░░░░░]   9.6%
     Best:     Objective 1=  13.97  Objective 2=  -3.41
     Mean:     Objective 1= -27.26  Objective 2= -74.45

Gen   97/1000 [████░░░░░░░░░░░░░░░░░░░░░░░░░░░░░░░░░░░░░░░░░░░░░░]   9.7%
     Best:     Objective 1=  12.76  Objective 2=  17.89
     Mean:     Objective 1= -30.88  Objective 2= -63.04

Gen   98/1000 [████░░░░░░░░░░░░░░░░░░░░░░░░░░░░░░░░░░░░░░░░░░░░░░]   9.8%
     Best:     Objective 1=  10.93  Objective 2=   6.26
     Mean:     Objective 1= -30.51  Objective 2= -62.02

Gen   99/1000 [████░░░░░░░░░░░░░░░░░░░░░░░░░░░░░░░░░░░░░░░░░░░░░░]   9.9%
     Best:     Objective 1=  40.72  Objective 2=  21.01
     Mean:     Objective 1= -27.06  Objective 2= -70.82

Gen  100/1000 [█████░░░░░░░░░░░░░░░░░░░░░░░░░░░░░░░░░░░░░░░░░░░░░]  10.0%
     Best:     Objective 1=  27.84  Objective 2=   2.30
     Mean:     Objective 1= -26.00  Objective 2= -65.43

Generation 100:	[31.79116223 -4.19387222]
Mean fitness:	-44.65 +- 70.92
Mean fitness per obj: ['-26.66 +-29.97', '-62.63 +-92.28']
Gen  101/1000 [█████░░░░░░░░░░░░░░░░░░░░░░░░░░░░░░░░░░░░░░░░░░░░░]  10.1%
     Best:     Objective 1=  30.27  Objective 2=  13.64
     Mean:     Objective 1= -26.66  Objective 2= -62.63

Gen  102/1000 [█████░░░░░░░░░░░░░░░░░░░░░░░░░░░░░░░░░░░░░░░░░░░░░]  10.2%
     Best:     Objective 1=  24.65  Objective 2=  76.51
     Mean:     Objective 1= -28.38  Objective 2= -61.59

Gen  103/1000 [█████░░░░░░░░░░░░░░░░░░░░░░░░░░░░░░░░░░░░░░░░░░░░░]  10.3%
     Best:     Objective 1=  23.47  Objective 2=   9.14
     Mean:     Objective 1= -23.29  Objective 2= -59.33

Gen  104/1000 [█████░░░░░░░░░░░░░░░░░░░░░░░░░░░░░░░░░░░░░░░░░░░░░]  10.4%
     Best:     Objective 1=  31.06  Objective 2=  27.93
     Mean:     Objective 1= -23.71  Objective 2= -62.31

Gen  105/1000 [█████░░░░░░░░░░░░░░░░░░░░░░░░░░░░░░░░░░░░░░░░░░░░░]  10.5%
     Best:     Objective 1=  21.15  Objective 2=  -2.96
     Mean:     Objective 1= -26.73  Objective 2= -75.19

Generation 105:	[31.79116223 -4.19387222]
Mean fitness:	-42.99 +- 66.22
Mean fitness per obj: ['-23.41 +-33.07', '-62.58 +-83.12']
Gen  106/1000 [█████░░░░░░░░░░░░░░░░░░░░░░░░░░░░░░░░░░░░░░░░░░░░░]  10.6%
     Best:     Objective 1=  71.97  Objective 2=  18.70
     Mean:     Objective 1= -23.41  Objective 2= -62.58

Gen  107/1000 [█████░░░░░░░░░░░░░░░░░░░░░░░░░░░░░░░░░░░░░░░░░░░░░]  10.7%
     Best:     Objective 1=  25.39  Objective 2=  29.80
     Mean:     Objective 1= -23.33  Objective 2= -60.11

Gen  108/1000 [█████░░░░░░░░░░░░░░░░░░░░░░░░░░░░░░░░░░░░░░░░░░░░░]  10.8%
     Best:     Objective 1=  20.62  Objective 2=  24.59
     Mean:     Objective 1= -22.45  Objective 2= -73.19

Gen  109/1000 [█████░░░░░░░░░░░░░░░░░░░░░░░░░░░░░░░░░░░░░░░░░░░░░]  10.9%
     Best:     Objective 1=  34.37  Objective 2=   8.76
     Mean:     Objective 1= -24.56  Objective 2= -65.18

Gen  110/1000 [█████░░░░░░░░░░░░░░░░░░░░░░░░░░░░░░░░░░░░░░░░░░░░░]  11.0%
     Best:     Objective 1=  49.46  Objective 2=   5.89
     Mean:     Objective 1= -25.94  Objective 2= -65.52

Generation 110:	[31.79116223 -4.19387222]
Mean fitness:	-38.71 +- 57.68
Mean fitness per obj: ['-22.42 +-30.34', '-55.01 +-72.12']
Gen  111/1000 [█████░░░░░░░░░░░░░░░░░░░░░░░░░░░░░░░░░░░░░░░░░░░░░]  11.1%
     Best:     Objective 1=  27.91  Objective 2=  53.35
     Mean:     Objective 1= -22.42  Objective 2= -55.01

Gen  112/1000 [█████░░░░░░░░░░░░░░░░░░░░░░░░░░░░░░░░░░░░░░░░░░░░░]  11.2%
     Best:     Objective 1=  33.54  Objective 2=  15.26
     Mean:     Objective 1= -24.05  Objective 2= -66.30

Gen  113/1000 [█████░░░░░░░░░░░░░░░░░░░░░░░░░░░░░░░░░░░░░░░░░░░░░]  11.3%
     Best:     Objective 1=  29.09  Objective 2=  20.66
     Mean:     Objective 1= -21.17  Objective 2= -75.76

Gen  114/1000 [█████░░░░░░░░░░░░░░░░░░░░░░░░░░░░░░░░░░░░░░░░░░░░░]  11.4%
     Best:     Objective 1=  45.94  Objective 2=   5.50
     Mean:     Objective 1= -23.70  Objective 2= -65.64

Gen  115/1000 [█████░░░░░░░░░░░░░░░░░░░░░░░░░░░░░░░░░░░░░░░░░░░░░]  11.5%
     Best:     Objective 1=  30.03  Objective 2=  13.57
     Mean:     Objective 1= -26.72  Objective 2= -62.27

Generation 115:	[31.79116223 -4.19387222]
Mean fitness:	-42.59 +- 65.50
Mean fitness per obj: ['-23.17 +-33.15', '-62.01 +-82.01']
Gen  116/1000 [█████░░░░░░░░░░░░░░░░░░░░░░░░░░░░░░░░░░░░░░░░░░░░░]  11.6%
     Best:     Objective 1=  35.71  Objective 2=  48.46
     Mean:     Objective 1= -23.17  Objective 2= -62.01

Gen  117/1000 [█████░░░░░░░░░░░░░░░░░░░░░░░░░░░░░░░░░░░░░░░░░░░░░]  11.7%
     Best:     Objective 1=  25.77  Objective 2=  18.77
     Mean:     Objective 1= -22.12  Objective 2= -53.78

Gen  118/1000 [█████░░░░░░░░░░░░░░░░░░░░░░░░░░░░░░░░░░░░░░░░░░░░░]  11.8%
     Best:     Objective 1=  61.76  Objective 2=  54.46
     Mean:     Objective 1= -22.67  Objective 2= -56.90

Gen  119/1000 [█████░░░░░░░░░░░░░░░░░░░░░░░░░░░░░░░░░░░░░░░░░░░░░]  11.9%
     Best:     Objective 1=  43.77  Objective 2=   8.53
     Mean:     Objective 1= -25.18  Objective 2= -47.35

Gen  120/1000 [██████░░░░░░░░░░░░░░░░░░░░░░░░░░░░░░░░░░░░░░░░░░░░]  12.0%
     Best:     Objective 1=  34.33  Objective 2=  40.72
     Mean:     Objective 1= -18.86  Objective 2= -63.79

Generation 120:	[61.76377379 17.17020142]
Mean fitness:	-41.65 +- 70.30
Mean fitness per obj: ['-21.89 +-37.32', '-61.41 +-87.82']
Gen  121/1000 [██████░░░░░░░░░░░░░░░░░░░░░░░░░░░░░░░░░░░░░░░░░░░░]  12.1%
     Best:     Objective 1=  38.85  Objective 2=  54.63
     Mean:     Objective 1= -21.89  Objective 2= -61.41

Gen  122/1000 [██████░░░░░░░░░░░░░░░░░░░░░░░░░░░░░░░░░░░░░░░░░░░░]  12.2%
     Best:     Objective 1=  27.38  Objective 2=  58.40
     Mean:     Objective 1= -21.71  Objective 2= -53.37

Gen  123/1000 [██████░░░░░░░░░░░░░░░░░░░░░░░░░░░░░░░░░░░░░░░░░░░░]  12.3%
     Best:     Objective 1=  89.81  Objective 2=  45.70
     Mean:     Objective 1= -23.56  Objective 2= -62.69

Gen  124/1000 [██████░░░░░░░░░░░░░░░░░░░░░░░░░░░░░░░░░░░░░░░░░░░░]  12.4%
     Best:     Objective 1=  53.10  Objective 2=  38.33
     Mean:     Objective 1= -18.01  Objective 2= -62.19

Gen  125/1000 [██████░░░░░░░░░░░░░░░░░░░░░░░░░░░░░░░░░░░░░░░░░░░░]  12.5%
     Best:     Objective 1=  59.31  Objective 2=  38.59
     Mean:     Objective 1= -20.04  Objective 2= -55.04

Generation 125:	[61.76377379 17.17020142]
Mean fitness:	-34.94 +- 61.90
Mean fitness per obj: ['-18.79 +-33.81', '-51.09 +-77.45']
Gen  126/1000 [██████░░░░░░░░░░░░░░░░░░░░░░░░░░░░░░░░░░░░░░░░░░░░]  12.6%
     Best:     Objective 1=  58.79  Objective 2=  39.53
     Mean:     Objective 1= -18.79  Objective 2= -51.09

Gen  127/1000 [██████░░░░░░░░░░░░░░░░░░░░░░░░░░░░░░░░░░░░░░░░░░░░]  12.7%
     Best:     Objective 1=  48.36  Objective 2=  33.02
     Mean:     Objective 1= -16.37  Objective 2= -56.78

Gen  128/1000 [██████░░░░░░░░░░░░░░░░░░░░░░░░░░░░░░░░░░░░░░░░░░░░]  12.8%
     Best:     Objective 1=  44.07  Objective 2= 178.38
     Mean:     Objective 1= -15.06  Objective 2= -52.88

Gen  129/1000 [██████░░░░░░░░░░░░░░░░░░░░░░░░░░░░░░░░░░░░░░░░░░░░]  12.9%
     Best:     Objective 1=  53.64  Objective 2=  82.21
     Mean:     Objective 1= -17.49  Objective 2= -44.95

Gen  130/1000 [██████░░░░░░░░░░░░░░░░░░░░░░░░░░░░░░░░░░░░░░░░░░░░]  13.0%
     Best:     Objective 1=  63.31  Objective 2=  38.95
     Mean:     Objective 1= -15.81  Objective 2= -49.30

Generation 130:	[61.76377379 17.17020142]
Mean fitness:	-34.60 +- 60.44
Mean fitness per obj: ['-23.26 +-45.08', '-45.95 +-70.82']
Gen  131/1000 [██████░░░░░░░░░░░░░░░░░░░░░░░░░░░░░░░░░░░░░░░░░░░░]  13.1%
     Best:     Objective 1=  61.30  Objective 2=  38.66
     Mean:     Objective 1= -23.26  Objective 2= -45.95

Gen  132/1000 [██████░░░░░░░░░░░░░░░░░░░░░░░░░░░░░░░░░░░░░░░░░░░░]  13.2%
     Best:     Objective 1=  66.78  Objective 2= 126.02
     Mean:     Objective 1= -11.45  Objective 2= -46.97

Gen  133/1000 [██████░░░░░░░░░░░░░░░░░░░░░░░░░░░░░░░░░░░░░░░░░░░░]  13.3%
     Best:     Objective 1=  69.80  Objective 2=  55.21
     Mean:     Objective 1= -14.61  Objective 2= -43.91

Gen  134/1000 [██████░░░░░░░░░░░░░░░░░░░░░░░░░░░░░░░░░░░░░░░░░░░░]  13.4%
     Best:     Objective 1=  77.17  Objective 2=  81.97
     Mean:     Objective 1= -11.11  Objective 2= -44.52

Gen  135/1000 [██████░░░░░░░░░░░░░░░░░░░░░░░░░░░░░░░░░░░░░░░░░░░░]  13.5%
     Best:     Objective 1=  65.61  Objective 2=  84.70
     Mean:     Objective 1= -10.77  Objective 2= -34.52

Generation 135:	[77.16998585 39.13590674]
Mean fitness:	-18.82 +- 42.28
Mean fitness per obj: ['-7.93 +-26.91', '-29.71 +-51.13']
Gen  136/1000 [██████░░░░░░░░░░░░░░░░░░░░░░░░░░░░░░░░░░░░░░░░░░░░]  13.6%
     Best:     Objective 1=  71.94  Objective 2=  57.17
     Mean:     Objective 1=  -7.93  Objective 2= -29.71

Gen  137/1000 [██████░░░░░░░░░░░░░░░░░░░░░░░░░░░░░░░░░░░░░░░░░░░░]  13.7%
     Best:     Objective 1=  85.25  Objective 2=  90.65
     Mean:     Objective 1=  -7.95  Objective 2= -32.22

Gen  138/1000 [██████░░░░░░░░░░░░░░░░░░░░░░░░░░░░░░░░░░░░░░░░░░░░]  13.8%
     Best:     Objective 1=  49.47  Objective 2= 115.26
     Mean:     Objective 1=  -5.50  Objective 2= -30.72

Gen  139/1000 [██████░░░░░░░░░░░░░░░░░░░░░░░░░░░░░░░░░░░░░░░░░░░░]  13.9%
     Best:     Objective 1=  67.83  Objective 2=  90.52
     Mean:     Objective 1= -10.38  Objective 2= -36.12

Gen  140/1000 [███████░░░░░░░░░░░░░░░░░░░░░░░░░░░░░░░░░░░░░░░░░░░]  14.0%
     Best:     Objective 1=  65.19  Objective 2= 123.52
     Mean:     Objective 1=  -6.38  Objective 2= -30.98

Generation 140:	[77.16998585 39.13590674]
Mean fitness:	-16.53 +- 47.99
Mean fitness per obj: ['-5.45 +-25.77', '-27.61 +-60.80']
Gen  141/1000 [███████░░░░░░░░░░░░░░░░░░░░░░░░░░░░░░░░░░░░░░░░░░░]  14.1%
     Best:     Objective 1=  67.94  Objective 2= 101.07
     Mean:     Objective 1=  -5.45  Objective 2= -27.61

Gen  142/1000 [███████░░░░░░░░░░░░░░░░░░░░░░░░░░░░░░░░░░░░░░░░░░░]  14.2%
     Best:     Objective 1=  99.69  Objective 2= 150.69
     Mean:     Objective 1=  -5.21  Objective 2= -23.75

Gen  143/1000 [███████░░░░░░░░░░░░░░░░░░░░░░░░░░░░░░░░░░░░░░░░░░░]  14.3%
     Best:     Objective 1=  81.95  Objective 2= 117.32
     Mean:     Objective 1=  -5.97  Objective 2= -23.15

Gen  144/1000 [███████░░░░░░░░░░░░░░░░░░░░░░░░░░░░░░░░░░░░░░░░░░░]  14.4%
     Best:     Objective 1=  89.14  Objective 2= 148.91
     Mean:     Objective 1=  -1.05  Objective 2= -21.18

Gen  145/1000 [███████░░░░░░░░░░░░░░░░░░░░░░░░░░░░░░░░░░░░░░░░░░░]  14.5%
     Best:     Objective 1= 131.08  Objective 2= 385.39
     Mean:     Objective 1=   0.10  Objective 2= -18.83

Generation 145:	[ 78.87415012 103.13386131]
Mean fitness:	-10.96 +- 47.03
Mean fitness per obj: ['-2.35 +-28.54', '-19.56 +-58.83']
Gen  146/1000 [███████░░░░░░░░░░░░░░░░░░░░░░░░░░░░░░░░░░░░░░░░░░░]  14.6%
     Best:     Objective 1=  60.20  Objective 2= 178.82
     Mean:     Objective 1=  -2.35  Objective 2= -19.56

Gen  147/1000 [███████░░░░░░░░░░░░░░░░░░░░░░░░░░░░░░░░░░░░░░░░░░░]  14.7%
     Best:     Objective 1=  78.02  Objective 2= 195.73
     Mean:     Objective 1=  -0.51  Objective 2= -15.84

Gen  148/1000 [███████░░░░░░░░░░░░░░░░░░░░░░░░░░░░░░░░░░░░░░░░░░░]  14.8%
     Best:     Objective 1=  92.77  Objective 2= 106.69
     Mean:     Objective 1=  -0.09  Objective 2= -19.35

Gen  149/1000 [███████░░░░░░░░░░░░░░░░░░░░░░░░░░░░░░░░░░░░░░░░░░░]  14.9%
     Best:     Objective 1=  79.78  Objective 2= 131.69
     Mean:     Objective 1=  -3.17  Objective 2= -24.94

Gen  150/1000 [███████░░░░░░░░░░░░░░░░░░░░░░░░░░░░░░░░░░░░░░░░░░░]  15.0%
     Best:     Objective 1= 117.54  Objective 2= 113.77
     Mean:     Objective 1=  -0.70  Objective 2= -12.62

Generation 150:	[ 78.87415012 103.13386131]
Mean fitness:	-10.44 +- 44.46
Mean fitness per obj: ['-4.23 +-28.16', '-16.65 +-55.53']
Gen  151/1000 [███████░░░░░░░░░░░░░░░░░░░░░░░░░░░░░░░░░░░░░░░░░░░]  15.1%
     Best:     Objective 1=  57.74  Objective 2= 166.64
     Mean:     Objective 1=  -4.23  Objective 2= -16.65

Gen  152/1000 [███████░░░░░░░░░░░░░░░░░░░░░░░░░░░░░░░░░░░░░░░░░░░]  15.2%
     Best:     Objective 1=  88.72  Objective 2= 177.49
     Mean:     Objective 1=  -1.79  Objective 2= -15.88

Gen  153/1000 [███████░░░░░░░░░░░░░░░░░░░░░░░░░░░░░░░░░░░░░░░░░░░]  15.3%
     Best:     Objective 1= 133.63  Objective 2= 221.57
     Mean:     Objective 1=   1.33  Objective 2= -16.26

Gen  154/1000 [███████░░░░░░░░░░░░░░░░░░░░░░░░░░░░░░░░░░░░░░░░░░░]  15.4%
     Best:     Objective 1=  75.79  Objective 2= 319.72
     Mean:     Objective 1=  -0.11  Objective 2= -16.70

Gen  155/1000 [███████░░░░░░░░░░░░░░░░░░░░░░░░░░░░░░░░░░░░░░░░░░░]  15.5%
     Best:     Objective 1=  78.76  Objective 2= 163.14
     Mean:     Objective 1=   0.32  Objective 2= -19.32

Generation 155:	[ 78.87415012 103.13386131]
Mean fitness:	-6.04 +- 44.22
Mean fitness per obj: ['0.92 +-24.77', '-13.00 +-56.57']
Gen  156/1000 [███████░░░░░░░░░░░░░░░░░░░░░░░░░░░░░░░░░░░░░░░░░░░]  15.6%
     Best:     Objective 1=  93.35  Objective 2= 152.09
     Mean:     Objective 1=   0.92  Objective 2= -13.00

Gen  157/1000 [███████░░░░░░░░░░░░░░░░░░░░░░░░░░░░░░░░░░░░░░░░░░░]  15.7%
     Best:     Objective 1=  72.82  Objective 2= 202.32
     Mean:     Objective 1=   1.08  Objective 2= -10.22

Gen  158/1000 [███████░░░░░░░░░░░░░░░░░░░░░░░░░░░░░░░░░░░░░░░░░░░]  15.8%
     Best:     Objective 1= 129.46  Objective 2= 219.59
     Mean:     Objective 1=  -0.64  Objective 2=  -7.66

Gen  159/1000 [███████░░░░░░░░░░░░░░░░░░░░░░░░░░░░░░░░░░░░░░░░░░░]  15.9%
     Best:     Objective 1= 107.89  Objective 2= 177.92
     Mean:     Objective 1=   3.90  Objective 2=  -9.96

Gen  160/1000 [████████░░░░░░░░░░░░░░░░░░░░░░░░░░░░░░░░░░░░░░░░░░]  16.0%
     Best:     Objective 1=  78.65  Objective 2= 316.87
     Mean:     Objective 1=   2.45  Objective 2= -10.33

Generation 160:	[ 78.87415012 103.13386131]
Mean fitness:	-5.43 +- 48.29
Mean fitness per obj: ['0.98 +-30.51', '-11.83 +-60.42']
Gen  161/1000 [████████░░░░░░░░░░░░░░░░░░░░░░░░░░░░░░░░░░░░░░░░░░]  16.1%
     Best:     Objective 1= 118.81  Objective 2= 147.72
     Mean:     Objective 1=   0.98  Objective 2= -11.83

Gen  162/1000 [████████░░░░░░░░░░░░░░░░░░░░░░░░░░░░░░░░░░░░░░░░░░]  16.2%
     Best:     Objective 1=  69.44  Objective 2= 238.86
     Mean:     Objective 1=   3.03  Objective 2= -10.15

Gen  163/1000 [████████░░░░░░░░░░░░░░░░░░░░░░░░░░░░░░░░░░░░░░░░░░]  16.3%
     Best:     Objective 1= 122.31  Objective 2= 138.62
     Mean:     Objective 1=   1.60  Objective 2= -10.77

Gen  164/1000 [████████░░░░░░░░░░░░░░░░░░░░░░░░░░░░░░░░░░░░░░░░░░]  16.4%
     Best:     Objective 1= 111.52  Objective 2= 361.89
     Mean:     Objective 1=   3.83  Objective 2= -11.03

Gen  165/1000 [████████░░░░░░░░░░░░░░░░░░░░░░░░░░░░░░░░░░░░░░░░░░]  16.5%
     Best:     Objective 1=  79.69  Objective 2= 136.59
     Mean:     Objective 1=   1.52  Objective 2= -13.52

Generation 165:	[106.59874249 176.1686125 ]
Mean fitness:	0.46 +- 49.13
Mean fitness per obj: ['4.77 +-28.90', '-3.84 +-62.89']
Gen  166/1000 [████████░░░░░░░░░░░░░░░░░░░░░░░░░░░░░░░░░░░░░░░░░░]  16.6%
     Best:     Objective 1= 106.60  Objective 2= 176.17
     Mean:     Objective 1=   4.77  Objective 2=  -3.84

Gen  167/1000 [████████░░░░░░░░░░░░░░░░░░░░░░░░░░░░░░░░░░░░░░░░░░]  16.7%
     Best:     Objective 1= 104.00  Objective 2= 240.52
     Mean:     Objective 1=   2.65  Objective 2= -14.84

Gen  168/1000 [████████░░░░░░░░░░░░░░░░░░░░░░░░░░░░░░░░░░░░░░░░░░]  16.8%
     Best:     Objective 1=  99.30  Objective 2= 158.29
     Mean:     Objective 1=   2.59  Objective 2=  -6.76

Gen  169/1000 [████████░░░░░░░░░░░░░░░░░░░░░░░░░░░░░░░░░░░░░░░░░░]  16.9%
     Best:     Objective 1=  91.09  Objective 2= 252.21
     Mean:     Objective 1=   6.67  Objective 2=   2.22

Gen  170/1000 [████████░░░░░░░░░░░░░░░░░░░░░░░░░░░░░░░░░░░░░░░░░░]  17.0%
     Best:     Objective 1=  95.85  Objective 2= 209.89
     Mean:     Objective 1=   1.73  Objective 2=  -4.90

Generation 170:	[106.59874249 176.1686125 ]
Mean fitness:	-1.30 +- 50.83
Mean fitness per obj: ['3.97 +-28.26', '-6.57 +-65.68']
Gen  171/1000 [████████░░░░░░░░░░░░░░░░░░░░░░░░░░░░░░░░░░░░░░░░░░]  17.1%
     Best:     Objective 1= 147.88  Objective 2= 199.26
     Mean:     Objective 1=   3.97  Objective 2=  -6.57

Gen  172/1000 [████████░░░░░░░░░░░░░░░░░░░░░░░░░░░░░░░░░░░░░░░░░░]  17.2%
     Best:     Objective 1= 120.27  Objective 2= 223.78
     Mean:     Objective 1=   5.51  Objective 2=  -7.12

Gen  173/1000 [████████░░░░░░░░░░░░░░░░░░░░░░░░░░░░░░░░░░░░░░░░░░]  17.3%
     Best:     Objective 1=  96.39  Objective 2= 273.75
     Mean:     Objective 1=   1.24  Objective 2=  -7.15

Gen  174/1000 [████████░░░░░░░░░░░░░░░░░░░░░░░░░░░░░░░░░░░░░░░░░░]  17.4%
     Best:     Objective 1= 100.93  Objective 2= 238.50
     Mean:     Objective 1=   3.58  Objective 2= -12.48

Gen  175/1000 [████████░░░░░░░░░░░░░░░░░░░░░░░░░░░░░░░░░░░░░░░░░░]  17.5%
     Best:     Objective 1=  95.02  Objective 2= 192.94
     Mean:     Objective 1=   2.47  Objective 2=  -8.20

Generation 175:	[106.59874249 176.1686125 ]
Mean fitness:	-0.29 +- 53.97
Mean fitness per obj: ['4.54 +-29.75', '-5.13 +-69.96']
Gen  176/1000 [████████░░░░░░░░░░░░░░░░░░░░░░░░░░░░░░░░░░░░░░░░░░]  17.6%
     Best:     Objective 1= 143.99  Objective 2= 308.08
     Mean:     Objective 1=   4.54  Objective 2=  -5.13

Gen  177/1000 [████████░░░░░░░░░░░░░░░░░░░░░░░░░░░░░░░░░░░░░░░░░░]  17.7%
     Best:     Objective 1= 108.62  Objective 2= 257.76
     Mean:     Objective 1=   2.53  Objective 2=  -5.41

Gen  178/1000 [████████░░░░░░░░░░░░░░░░░░░░░░░░░░░░░░░░░░░░░░░░░░]  17.8%
     Best:     Objective 1=  93.44  Objective 2= 258.17
     Mean:     Objective 1=   4.59  Objective 2=  -8.88

Gen  179/1000 [████████░░░░░░░░░░░░░░░░░░░░░░░░░░░░░░░░░░░░░░░░░░]  17.9%
     Best:     Objective 1= 106.15  Objective 2= 442.11
     Mean:     Objective 1=   6.36  Objective 2=  -5.08

Gen  180/1000 [█████████░░░░░░░░░░░░░░░░░░░░░░░░░░░░░░░░░░░░░░░░░]  18.0%
     Best:     Objective 1= 104.92  Objective 2= 226.72
     Mean:     Objective 1=   1.68  Objective 2=  -6.69

Generation 180:	[106.59874249 176.1686125 ]
Mean fitness:	-0.86 +- 48.27
Mean fitness per obj: ['4.09 +-28.82', '-5.81 +-61.49']
Gen  181/1000 [█████████░░░░░░░░░░░░░░░░░░░░░░░░░░░░░░░░░░░░░░░░░]  18.1%
     Best:     Objective 1=  79.42  Objective 2= 209.70
     Mean:     Objective 1=   4.09  Objective 2=  -5.81

Gen  182/1000 [█████████░░░░░░░░░░░░░░░░░░░░░░░░░░░░░░░░░░░░░░░░░]  18.2%
     Best:     Objective 1=  76.50  Objective 2= 306.85
     Mean:     Objective 1=   4.01  Objective 2=  -3.70

Gen  183/1000 [█████████░░░░░░░░░░░░░░░░░░░░░░░░░░░░░░░░░░░░░░░░░]  18.3%
     Best:     Objective 1= 155.83  Objective 2= 367.97
     Mean:     Objective 1=   5.26  Objective 2= -10.89

Gen  184/1000 [█████████░░░░░░░░░░░░░░░░░░░░░░░░░░░░░░░░░░░░░░░░░]  18.4%
     Best:     Objective 1= 105.45  Objective 2= 246.89
     Mean:     Objective 1=   3.04  Objective 2=  -2.34

Gen  185/1000 [█████████░░░░░░░░░░░░░░░░░░░░░░░░░░░░░░░░░░░░░░░░░]  18.5%
     Best:     Objective 1=  80.65  Objective 2= 230.20
     Mean:     Objective 1=   4.79  Objective 2=   0.11

Generation 185:	[106.59874249 176.1686125 ]
Mean fitness:	-0.51 +- 52.29
Mean fitness per obj: ['4.56 +-29.13', '-5.58 +-67.59']
Gen  186/1000 [█████████░░░░░░░░░░░░░░░░░░░░░░░░░░░░░░░░░░░░░░░░░]  18.6%
     Best:     Objective 1= 104.61  Objective 2= 290.06
     Mean:     Objective 1=   4.56  Objective 2=  -5.58

Gen  187/1000 [█████████░░░░░░░░░░░░░░░░░░░░░░░░░░░░░░░░░░░░░░░░░]  18.7%
     Best:     Objective 1=  86.20  Objective 2= 250.30
     Mean:     Objective 1=   4.06  Objective 2=   3.78

Gen  188/1000 [█████████░░░░░░░░░░░░░░░░░░░░░░░░░░░░░░░░░░░░░░░░░]  18.8%
     Best:     Objective 1=  62.30  Objective 2= 216.48
     Mean:     Objective 1=   4.55  Objective 2=  -3.30

Gen  189/1000 [█████████░░░░░░░░░░░░░░░░░░░░░░░░░░░░░░░░░░░░░░░░░]  18.9%
     Best:     Objective 1= 130.64  Objective 2= 327.27
     Mean:     Objective 1=   3.64  Objective 2=  -7.34

Gen  190/1000 [█████████░░░░░░░░░░░░░░░░░░░░░░░░░░░░░░░░░░░░░░░░░]  19.0%
     Best:     Objective 1=  90.28  Objective 2= 227.59
     Mean:     Objective 1=   5.68  Objective 2=  -6.60

Generation 190:	[106.59874249 176.1686125 ]
Mean fitness:	1.93 +- 52.50
Mean fitness per obj: ['3.54 +-30.25', '0.31 +-67.76']
Gen  191/1000 [█████████░░░░░░░░░░░░░░░░░░░░░░░░░░░░░░░░░░░░░░░░░]  19.1%
     Best:     Objective 1=  77.43  Objective 2= 247.86
     Mean:     Objective 1=   3.54  Objective 2=   0.31

Gen  192/1000 [█████████░░░░░░░░░░░░░░░░░░░░░░░░░░░░░░░░░░░░░░░░░]  19.2%
     Best:     Objective 1=  87.57  Objective 2= 204.34
     Mean:     Objective 1=   0.88  Objective 2=  -5.48

Gen  193/1000 [█████████░░░░░░░░░░░░░░░░░░░░░░░░░░░░░░░░░░░░░░░░░]  19.3%
     Best:     Objective 1= 145.13  Objective 2= 237.91
     Mean:     Objective 1=   6.24  Objective 2=  -1.89

Gen  194/1000 [█████████░░░░░░░░░░░░░░░░░░░░░░░░░░░░░░░░░░░░░░░░░]  19.4%
     Best:     Objective 1= 108.86  Objective 2= 210.36
     Mean:     Objective 1=   4.68  Objective 2=  -3.44

Gen  195/1000 [█████████░░░░░░░░░░░░░░░░░░░░░░░░░░░░░░░░░░░░░░░░░]  19.5%
     Best:     Objective 1= 113.29  Objective 2= 231.98
     Mean:     Objective 1=   4.45  Objective 2=  -8.11

Generation 195:	[106.59874249 176.1686125 ]
Mean fitness:	4.35 +- 57.49
Mean fitness per obj: ['2.70 +-35.62', '5.99 +-73.04']
Gen  196/1000 [█████████░░░░░░░░░░░░░░░░░░░░░░░░░░░░░░░░░░░░░░░░░]  19.6%
     Best:     Objective 1= 141.58  Objective 2= 268.08
     Mean:     Objective 1=   2.70  Objective 2=   5.99

Gen  197/1000 [█████████░░░░░░░░░░░░░░░░░░░░░░░░░░░░░░░░░░░░░░░░░]  19.7%
     Best:     Objective 1= 100.30  Objective 2= 214.09
     Mean:     Objective 1=  -1.49  Objective 2=  -6.61

Gen  198/1000 [█████████░░░░░░░░░░░░░░░░░░░░░░░░░░░░░░░░░░░░░░░░░]  19.8%
     Best:     Objective 1= 106.74  Objective 2= 328.00
     Mean:     Objective 1=   4.52  Objective 2=   1.85

Gen  199/1000 [█████████░░░░░░░░░░░░░░░░░░░░░░░░░░░░░░░░░░░░░░░░░]  19.9%
     Best:     Objective 1= 176.12  Objective 2= 307.15
     Mean:     Objective 1=   5.25  Objective 2= -12.43

Gen  200/1000 [██████████░░░░░░░░░░░░░░░░░░░░░░░░░░░░░░░░░░░░░░░░]  20.0%
     Best:     Objective 1=  79.45  Objective 2= 357.86
     Mean:     Objective 1=   5.17  Objective 2=   1.27

Generation 200:	[106.59874249 176.1686125 ]
Mean fitness:	4.18 +- 66.28
Mean fitness per obj: ['4.35 +-28.68', '4.00 +-89.23']
Gen  201/1000 [██████████░░░░░░░░░░░░░░░░░░░░░░░░░░░░░░░░░░░░░░░░]  20.1%
     Best:     Objective 1= 103.48  Objective 2= 376.13
     Mean:     Objective 1=   4.35  Objective 2=   4.00

Gen  202/1000 [██████████░░░░░░░░░░░░░░░░░░░░░░░░░░░░░░░░░░░░░░░░]  20.2%
     Best:     Objective 1= 189.15  Objective 2= 272.23
     Mean:     Objective 1=   2.75  Objective 2=   8.03

Gen  203/1000 [██████████░░░░░░░░░░░░░░░░░░░░░░░░░░░░░░░░░░░░░░░░]  20.3%
     Best:     Objective 1= 126.18  Objective 2= 261.25
     Mean:     Objective 1=   5.67  Objective 2=   3.20

Gen  204/1000 [██████████░░░░░░░░░░░░░░░░░░░░░░░░░░░░░░░░░░░░░░░░]  20.4%
     Best:     Objective 1= 136.86  Objective 2= 257.34
     Mean:     Objective 1=   5.48  Objective 2=  -0.95

Gen  205/1000 [██████████░░░░░░░░░░░░░░░░░░░░░░░░░░░░░░░░░░░░░░░░]  20.5%
     Best:     Objective 1= 122.26  Objective 2= 287.91
     Mean:     Objective 1=   6.44  Objective 2=   2.88

Generation 205:	[106.59874249 176.1686125 ]
Mean fitness:	3.70 +- 57.96
Mean fitness per obj: ['5.86 +-27.99', '1.53 +-76.97']
Gen  206/1000 [██████████░░░░░░░░░░░░░░░░░░░░░░░░░░░░░░░░░░░░░░░░]  20.6%
     Best:     Objective 1=  77.73  Objective 2= 326.73
     Mean:     Objective 1=   5.86  Objective 2=   1.53

Gen  207/1000 [██████████░░░░░░░░░░░░░░░░░░░░░░░░░░░░░░░░░░░░░░░░]  20.7%
     Best:     Objective 1= 103.44  Objective 2= 272.26
     Mean:     Objective 1=   8.08  Objective 2=   7.65

Gen  208/1000 [██████████░░░░░░░░░░░░░░░░░░░░░░░░░░░░░░░░░░░░░░░░]  20.8%
     Best:     Objective 1= 124.14  Objective 2= 293.12
     Mean:     Objective 1=   7.05  Objective 2=   4.45

Gen  209/1000 [██████████░░░░░░░░░░░░░░░░░░░░░░░░░░░░░░░░░░░░░░░░]  20.9%
     Best:     Objective 1=  93.02  Objective 2= 294.30
     Mean:     Objective 1=   4.31  Objective 2=   1.37

Gen  210/1000 [██████████░░░░░░░░░░░░░░░░░░░░░░░░░░░░░░░░░░░░░░░░]  21.0%
     Best:     Objective 1= 251.30  Objective 2= 315.07
     Mean:     Objective 1=   6.19  Objective 2=   6.83

Generation 210:	[106.59874249 176.1686125 ]
Mean fitness:	6.67 +- 61.20
Mean fitness per obj: ['10.17 +-31.17', '3.17 +-80.59']
Gen  211/1000 [██████████░░░░░░░░░░░░░░░░░░░░░░░░░░░░░░░░░░░░░░░░]  21.1%
     Best:     Objective 1= 132.27  Objective 2= 264.61
     Mean:     Objective 1=  10.17  Objective 2=   3.17

Gen  212/1000 [██████████░░░░░░░░░░░░░░░░░░░░░░░░░░░░░░░░░░░░░░░░]  21.2%
     Best:     Objective 1= 240.72  Objective 2= 239.08
     Mean:     Objective 1=   6.59  Objective 2=   2.12

Gen  213/1000 [██████████░░░░░░░░░░░░░░░░░░░░░░░░░░░░░░░░░░░░░░░░]  21.3%
     Best:     Objective 1= 233.72  Objective 2= 296.51
     Mean:     Objective 1=  10.37  Objective 2=   8.58

Gen  214/1000 [██████████░░░░░░░░░░░░░░░░░░░░░░░░░░░░░░░░░░░░░░░░]  21.4%
     Best:     Objective 1= 117.28  Objective 2= 274.41
     Mean:     Objective 1=   9.74  Objective 2=   6.94

Gen  215/1000 [██████████░░░░░░░░░░░░░░░░░░░░░░░░░░░░░░░░░░░░░░░░]  21.5%
     Best:     Objective 1= 156.10  Objective 2= 295.60
     Mean:     Objective 1=   7.51  Objective 2=   7.16

Generation 215:	[106.59874249 176.1686125 ]
Mean fitness:	10.73 +- 56.48
Mean fitness per obj: ['9.17 +-30.76', '12.28 +-73.68']
Gen  216/1000 [██████████░░░░░░░░░░░░░░░░░░░░░░░░░░░░░░░░░░░░░░░░]  21.6%
     Best:     Objective 1=  96.76  Objective 2= 239.86
     Mean:     Objective 1=   9.17  Objective 2=  12.28

Gen  217/1000 [██████████░░░░░░░░░░░░░░░░░░░░░░░░░░░░░░░░░░░░░░░░]  21.7%
     Best:     Objective 1= 129.39  Objective 2= 311.92
     Mean:     Objective 1=   4.35  Objective 2=   3.48

Gen  218/1000 [██████████░░░░░░░░░░░░░░░░░░░░░░░░░░░░░░░░░░░░░░░░]  21.8%
     Best:     Objective 1= 194.70  Objective 2= 278.56
     Mean:     Objective 1=   6.98  Objective 2=   8.24

Gen  219/1000 [██████████░░░░░░░░░░░░░░░░░░░░░░░░░░░░░░░░░░░░░░░░]  21.9%
     Best:     Objective 1= 110.41  Objective 2= 321.97
     Mean:     Objective 1=   6.83  Objective 2=  13.63

Gen  220/1000 [███████████░░░░░░░░░░░░░░░░░░░░░░░░░░░░░░░░░░░░░░░]  22.0%
     Best:     Objective 1= 143.45  Objective 2= 359.79
     Mean:     Objective 1=  12.02  Objective 2=  10.98

Generation 220:	[106.59874249 176.1686125 ]
Mean fitness:	12.93 +- 62.24
Mean fitness per obj: ['11.59 +-34.99', '14.28 +-80.75']
Gen  221/1000 [███████████░░░░░░░░░░░░░░░░░░░░░░░░░░░░░░░░░░░░░░░]  22.1%
     Best:     Objective 1= 132.74  Objective 2= 296.52
     Mean:     Objective 1=  11.59  Objective 2=  14.28

Gen  222/1000 [███████████░░░░░░░░░░░░░░░░░░░░░░░░░░░░░░░░░░░░░░░]  22.2%
     Best:     Objective 1= 168.02  Objective 2= 297.34
     Mean:     Objective 1=  10.01  Objective 2=  15.26

Gen  223/1000 [███████████░░░░░░░░░░░░░░░░░░░░░░░░░░░░░░░░░░░░░░░]  22.3%
     Best:     Objective 1= 151.01  Objective 2= 339.86
     Mean:     Objective 1=  10.12  Objective 2=  11.58

Gen  224/1000 [███████████░░░░░░░░░░░░░░░░░░░░░░░░░░░░░░░░░░░░░░░]  22.4%
     Best:     Objective 1= 110.40  Objective 2= 235.11
     Mean:     Objective 1=  11.14  Objective 2=  13.90

Gen  225/1000 [███████████░░░░░░░░░░░░░░░░░░░░░░░░░░░░░░░░░░░░░░░]  22.5%
     Best:     Objective 1= 144.47  Objective 2= 325.01
     Mean:     Objective 1=   9.88  Objective 2=  15.22

Generation 225:	[144.47131198 228.60354145]
Mean fitness:	11.99 +- 65.33
Mean fitness per obj: ['11.04 +-31.78', '12.94 +-86.74']
Gen  226/1000 [███████████░░░░░░░░░░░░░░░░░░░░░░░░░░░░░░░░░░░░░░░]  22.6%
     Best:     Objective 1= 139.20  Objective 2= 346.98
     Mean:     Objective 1=  11.04  Objective 2=  12.94

Gen  227/1000 [███████████░░░░░░░░░░░░░░░░░░░░░░░░░░░░░░░░░░░░░░░]  22.7%
     Best:     Objective 1= 127.56  Objective 2= 367.71
     Mean:     Objective 1=   7.60  Objective 2=  17.75

Gen  228/1000 [███████████░░░░░░░░░░░░░░░░░░░░░░░░░░░░░░░░░░░░░░░]  22.8%
     Best:     Objective 1=  93.85  Objective 2= 368.18
     Mean:     Objective 1=   9.95  Objective 2=  18.97

Gen  229/1000 [███████████░░░░░░░░░░░░░░░░░░░░░░░░░░░░░░░░░░░░░░░]  22.9%
     Best:     Objective 1= 160.60  Objective 2= 364.69
     Mean:     Objective 1=   9.82  Objective 2=  20.93

Gen  230/1000 [███████████░░░░░░░░░░░░░░░░░░░░░░░░░░░░░░░░░░░░░░░]  23.0%
     Best:     Objective 1= 143.58  Objective 2= 305.91
     Mean:     Objective 1=  12.83  Objective 2=  22.63

Generation 230:	[144.47131198 228.60354145]
Mean fitness:	16.32 +- 62.10
Mean fitness per obj: ['11.39 +-38.61', '21.25 +-78.58']
Gen  231/1000 [███████████░░░░░░░░░░░░░░░░░░░░░░░░░░░░░░░░░░░░░░░]  23.1%
     Best:     Objective 1= 167.47  Objective 2= 311.98
     Mean:     Objective 1=  11.39  Objective 2=  21.25

Gen  232/1000 [███████████░░░░░░░░░░░░░░░░░░░░░░░░░░░░░░░░░░░░░░░]  23.2%
     Best:     Objective 1= 213.21  Objective 2= 390.43
     Mean:     Objective 1=   7.80  Objective 2=  23.10

Gen  233/1000 [███████████░░░░░░░░░░░░░░░░░░░░░░░░░░░░░░░░░░░░░░░]  23.3%
     Best:     Objective 1= 138.96  Objective 2= 305.52
     Mean:     Objective 1=   8.55  Objective 2=  13.50

Gen  234/1000 [███████████░░░░░░░░░░░░░░░░░░░░░░░░░░░░░░░░░░░░░░░]  23.4%
     Best:     Objective 1= 119.80  Objective 2= 324.80
     Mean:     Objective 1=  13.27  Objective 2=  21.08

Gen  235/1000 [███████████░░░░░░░░░░░░░░░░░░░░░░░░░░░░░░░░░░░░░░░]  23.5%
     Best:     Objective 1= 146.31  Objective 2= 285.18
     Mean:     Objective 1=  10.09  Objective 2=  21.60

Generation 235:	[144.47131198 228.60354145]
Mean fitness:	18.50 +- 62.59
Mean fitness per obj: ['9.15 +-35.11', '27.85 +-80.17']
Gen  236/1000 [███████████░░░░░░░░░░░░░░░░░░░░░░░░░░░░░░░░░░░░░░░]  23.6%
     Best:     Objective 1= 133.40  Objective 2= 326.87
     Mean:     Objective 1=   9.15  Objective 2=  27.85

Gen  237/1000 [███████████░░░░░░░░░░░░░░░░░░░░░░░░░░░░░░░░░░░░░░░]  23.7%
     Best:     Objective 1= 114.72  Objective 2= 303.24
     Mean:     Objective 1=   9.49  Objective 2=  19.29

Gen  238/1000 [███████████░░░░░░░░░░░░░░░░░░░░░░░░░░░░░░░░░░░░░░░]  23.8%
     Best:     Objective 1= 125.79  Objective 2= 250.88
     Mean:     Objective 1=  10.76  Objective 2=  15.13

Gen  239/1000 [███████████░░░░░░░░░░░░░░░░░░░░░░░░░░░░░░░░░░░░░░░]  23.9%
     Best:     Objective 1= 152.87  Objective 2= 330.55
     Mean:     Objective 1=  12.23  Objective 2=  21.85

Gen  240/1000 [████████████░░░░░░░░░░░░░░░░░░░░░░░░░░░░░░░░░░░░░░]  24.0%
     Best:     Objective 1= 138.99  Objective 2= 304.91
     Mean:     Objective 1=  11.93  Objective 2=  28.00

Generation 240:	[144.47131198 228.60354145]
Mean fitness:	17.02 +- 70.37
Mean fitness per obj: ['13.03 +-32.10', '21.00 +-94.03']
Gen  241/1000 [████████████░░░░░░░░░░░░░░░░░░░░░░░░░░░░░░░░░░░░░░]  24.1%
     Best:     Objective 1= 117.63  Objective 2= 333.67
     Mean:     Objective 1=  13.03  Objective 2=  21.00

Gen  242/1000 [████████████░░░░░░░░░░░░░░░░░░░░░░░░░░░░░░░░░░░░░░]  24.2%
     Best:     Objective 1= 167.78  Objective 2= 251.14
     Mean:     Objective 1=  15.62  Objective 2=  22.38

Gen  243/1000 [████████████░░░░░░░░░░░░░░░░░░░░░░░░░░░░░░░░░░░░░░]  24.3%
     Best:     Objective 1= 128.44  Objective 2= 342.80
     Mean:     Objective 1=  14.19  Objective 2=  21.87

Gen  244/1000 [████████████░░░░░░░░░░░░░░░░░░░░░░░░░░░░░░░░░░░░░░]  24.4%
     Best:     Objective 1= 128.16  Objective 2= 380.44
     Mean:     Objective 1=  10.41  Objective 2=  33.15

Gen  245/1000 [████████████░░░░░░░░░░░░░░░░░░░░░░░░░░░░░░░░░░░░░░]  24.5%
     Best:     Objective 1= 123.71  Objective 2= 419.18
     Mean:     Objective 1=  12.86  Objective 2=  31.90

Generation 245:	[144.47131198 228.60354145]
Mean fitness:	17.95 +- 65.52
Mean fitness per obj: ['12.40 +-33.97', '23.51 +-85.85']
Gen  246/1000 [████████████░░░░░░░░░░░░░░░░░░░░░░░░░░░░░░░░░░░░░░]  24.6%
     Best:     Objective 1= 141.29  Objective 2= 305.51
     Mean:     Objective 1=  12.40  Objective 2=  23.51

Gen  247/1000 [████████████░░░░░░░░░░░░░░░░░░░░░░░░░░░░░░░░░░░░░░]  24.7%
     Best:     Objective 1= 160.35  Objective 2= 372.24
     Mean:     Objective 1=  14.17  Objective 2=  26.56

Gen  248/1000 [████████████░░░░░░░░░░░░░░░░░░░░░░░░░░░░░░░░░░░░░░]  24.8%
     Best:     Objective 1= 192.01  Objective 2= 315.27
     Mean:     Objective 1=  12.08  Objective 2=  23.34

Gen  249/1000 [████████████░░░░░░░░░░░░░░░░░░░░░░░░░░░░░░░░░░░░░░]  24.9%
     Best:     Objective 1= 217.39  Objective 2= 284.85
     Mean:     Objective 1=  13.39  Objective 2=  12.18

Gen  250/1000 [████████████░░░░░░░░░░░░░░░░░░░░░░░░░░░░░░░░░░░░░░]  25.0%
     Best:     Objective 1= 134.96  Objective 2= 392.16
     Mean:     Objective 1=  14.32  Objective 2=  31.38

Generation 250:	[144.47131198 228.60354145]
Mean fitness:	22.52 +- 64.10
Mean fitness per obj: ['14.27 +-34.64', '30.77 +-82.95']
Gen  251/1000 [████████████░░░░░░░░░░░░░░░░░░░░░░░░░░░░░░░░░░░░░░]  25.1%
     Best:     Objective 1= 212.14  Objective 2= 349.59
     Mean:     Objective 1=  14.27  Objective 2=  30.77

Gen  252/1000 [████████████░░░░░░░░░░░░░░░░░░░░░░░░░░░░░░░░░░░░░░]  25.2%
     Best:     Objective 1= 152.64  Objective 2= 412.46
     Mean:     Objective 1=  15.00  Objective 2=  26.63

Gen  253/1000 [████████████░░░░░░░░░░░░░░░░░░░░░░░░░░░░░░░░░░░░░░]  25.3%
     Best:     Objective 1= 156.33  Objective 2= 387.40
     Mean:     Objective 1=  15.61  Objective 2=  31.34

Gen  254/1000 [████████████░░░░░░░░░░░░░░░░░░░░░░░░░░░░░░░░░░░░░░]  25.4%
     Best:     Objective 1= 140.43  Objective 2= 442.27
     Mean:     Objective 1=  18.92  Objective 2=  24.68

Gen  255/1000 [████████████░░░░░░░░░░░░░░░░░░░░░░░░░░░░░░░░░░░░░░]  25.5%
     Best:     Objective 1= 238.15  Objective 2= 332.29
     Mean:     Objective 1=  16.86  Objective 2=  26.13

Generation 255:	[144.47131198 228.60354145]
Mean fitness:	22.73 +- 63.86
Mean fitness per obj: ['14.10 +-34.60', '31.36 +-82.53']
Gen  256/1000 [████████████░░░░░░░░░░░░░░░░░░░░░░░░░░░░░░░░░░░░░░]  25.6%
     Best:     Objective 1= 132.78  Objective 2= 308.35
     Mean:     Objective 1=  14.10  Objective 2=  31.36

Gen  257/1000 [████████████░░░░░░░░░░░░░░░░░░░░░░░░░░░░░░░░░░░░░░]  25.7%
     Best:     Objective 1= 126.63  Objective 2= 305.24
     Mean:     Objective 1=  14.12  Objective 2=  17.68

Gen  258/1000 [████████████░░░░░░░░░░░░░░░░░░░░░░░░░░░░░░░░░░░░░░]  25.8%
     Best:     Objective 1= 164.50  Objective 2= 318.92
     Mean:     Objective 1=  11.91  Objective 2=  23.65

Gen  259/1000 [████████████░░░░░░░░░░░░░░░░░░░░░░░░░░░░░░░░░░░░░░]  25.9%
     Best:     Objective 1= 239.36  Objective 2= 395.77
     Mean:     Objective 1=  15.48  Objective 2=  38.35

Gen  260/1000 [█████████████░░░░░░░░░░░░░░░░░░░░░░░░░░░░░░░░░░░░░]  26.0%
     Best:     Objective 1= 140.54  Objective 2= 271.51
     Mean:     Objective 1=  11.69  Objective 2=  31.19

Generation 260:	[144.47131198 228.60354145]
Mean fitness:	26.21 +- 68.40
Mean fitness per obj: ['14.52 +-33.40', '37.90 +-89.26']
Gen  261/1000 [█████████████░░░░░░░░░░░░░░░░░░░░░░░░░░░░░░░░░░░░░]  26.1%
     Best:     Objective 1= 118.98  Objective 2= 392.80
     Mean:     Objective 1=  14.52  Objective 2=  37.90

Gen  262/1000 [█████████████░░░░░░░░░░░░░░░░░░░░░░░░░░░░░░░░░░░░░]  26.2%
     Best:     Objective 1= 148.16  Objective 2= 318.39
     Mean:     Objective 1=  12.70  Objective 2=  35.19

Gen  263/1000 [█████████████░░░░░░░░░░░░░░░░░░░░░░░░░░░░░░░░░░░░░]  26.3%
     Best:     Objective 1= 120.74  Objective 2= 274.57
     Mean:     Objective 1=  13.24  Objective 2=  30.13

Gen  264/1000 [█████████████░░░░░░░░░░░░░░░░░░░░░░░░░░░░░░░░░░░░░]  26.4%
     Best:     Objective 1= 143.64  Objective 2= 314.39
     Mean:     Objective 1=  15.79  Objective 2=  30.20

Gen  265/1000 [█████████████░░░░░░░░░░░░░░░░░░░░░░░░░░░░░░░░░░░░░]  26.5%
     Best:     Objective 1= 208.53  Objective 2= 307.51
     Mean:     Objective 1=  13.24  Objective 2=  27.90

Generation 265:	[144.47131198 228.60354145]
Mean fitness:	22.30 +- 63.95
Mean fitness per obj: ['13.66 +-37.72', '30.94 +-81.28']
Gen  266/1000 [█████████████░░░░░░░░░░░░░░░░░░░░░░░░░░░░░░░░░░░░░]  26.6%
     Best:     Objective 1= 163.06  Objective 2= 361.81
     Mean:     Objective 1=  13.66  Objective 2=  30.94

Gen  267/1000 [█████████████░░░░░░░░░░░░░░░░░░░░░░░░░░░░░░░░░░░░░]  26.7%
     Best:     Objective 1= 159.40  Objective 2= 294.76
     Mean:     Objective 1=  13.60  Objective 2=  34.54

Gen  268/1000 [█████████████░░░░░░░░░░░░░░░░░░░░░░░░░░░░░░░░░░░░░]  26.8%
     Best:     Objective 1= 176.59  Objective 2= 375.54
     Mean:     Objective 1=  15.96  Objective 2=  29.61

Gen  269/1000 [█████████████░░░░░░░░░░░░░░░░░░░░░░░░░░░░░░░░░░░░░]  26.9%
     Best:     Objective 1= 185.89  Objective 2= 329.72
     Mean:     Objective 1=  16.66  Objective 2=  30.12

Gen  270/1000 [█████████████░░░░░░░░░░░░░░░░░░░░░░░░░░░░░░░░░░░░░]  27.0%
     Best:     Objective 1= 133.24  Objective 2= 266.49
     Mean:     Objective 1=  15.56  Objective 2=  36.02

Generation 270:	[144.47131198 228.60354145]
Mean fitness:	24.89 +- 70.24
Mean fitness per obj: ['16.88 +-38.23', '32.90 +-90.99']
Gen  271/1000 [█████████████░░░░░░░░░░░░░░░░░░░░░░░░░░░░░░░░░░░░░]  27.1%
     Best:     Objective 1= 246.23  Objective 2= 384.41
     Mean:     Objective 1=  16.88  Objective 2=  32.90

Gen  272/1000 [█████████████░░░░░░░░░░░░░░░░░░░░░░░░░░░░░░░░░░░░░]  27.2%
     Best:     Objective 1= 159.28  Objective 2= 343.59
     Mean:     Objective 1=  14.18  Objective 2=  32.85

Gen  273/1000 [█████████████░░░░░░░░░░░░░░░░░░░░░░░░░░░░░░░░░░░░░]  27.3%
     Best:     Objective 1= 165.38  Objective 2= 307.63
     Mean:     Objective 1=  15.61  Objective 2=  28.77

Gen  274/1000 [█████████████░░░░░░░░░░░░░░░░░░░░░░░░░░░░░░░░░░░░░]  27.4%
     Best:     Objective 1= 169.64  Objective 2= 382.28
     Mean:     Objective 1=  15.01  Objective 2=  37.27

Gen  275/1000 [█████████████░░░░░░░░░░░░░░░░░░░░░░░░░░░░░░░░░░░░░]  27.5%
     Best:     Objective 1= 177.48  Objective 2= 372.64
     Mean:     Objective 1=  13.07  Objective 2=  40.15

Generation 275:	[144.47131198 228.60354145]
Mean fitness:	24.24 +- 65.74
Mean fitness per obj: ['15.76 +-36.98', '32.72 +-84.45']
Gen  276/1000 [█████████████░░░░░░░░░░░░░░░░░░░░░░░░░░░░░░░░░░░░░]  27.6%
     Best:     Objective 1= 166.09  Objective 2= 324.12
     Mean:     Objective 1=  15.76  Objective 2=  32.72

Gen  277/1000 [█████████████░░░░░░░░░░░░░░░░░░░░░░░░░░░░░░░░░░░░░]  27.7%
     Best:     Objective 1= 125.30  Objective 2= 392.52
     Mean:     Objective 1=  18.32  Objective 2=  38.38

Gen  278/1000 [█████████████░░░░░░░░░░░░░░░░░░░░░░░░░░░░░░░░░░░░░]  27.8%
     Best:     Objective 1= 190.29  Objective 2= 367.82
     Mean:     Objective 1=  11.32  Objective 2=  38.12

Gen  279/1000 [█████████████░░░░░░░░░░░░░░░░░░░░░░░░░░░░░░░░░░░░░]  27.9%
     Best:     Objective 1= 108.27  Objective 2= 349.03
     Mean:     Objective 1=  14.17  Objective 2=  42.60

Gen  280/1000 [██████████████░░░░░░░░░░░░░░░░░░░░░░░░░░░░░░░░░░░░]  28.0%
     Best:     Objective 1= 136.77  Objective 2= 368.38
     Mean:     Objective 1=  15.15  Objective 2=  29.85

Generation 280:	[144.47131198 228.60354145]
Mean fitness:	30.53 +- 69.28
Mean fitness per obj: ['17.55 +-35.30', '43.51 +-89.53']
Gen  281/1000 [██████████████░░░░░░░░░░░░░░░░░░░░░░░░░░░░░░░░░░░░]  28.1%
     Best:     Objective 1= 163.41  Objective 2= 361.58
     Mean:     Objective 1=  17.55  Objective 2=  43.51

Gen  282/1000 [██████████████░░░░░░░░░░░░░░░░░░░░░░░░░░░░░░░░░░░░]  28.2%
     Best:     Objective 1= 183.74  Objective 2= 323.80
     Mean:     Objective 1=  15.00  Objective 2=  33.10

Gen  283/1000 [██████████████░░░░░░░░░░░░░░░░░░░░░░░░░░░░░░░░░░░░]  28.3%
     Best:     Objective 1= 129.40  Objective 2= 289.96
     Mean:     Objective 1=  17.67  Objective 2=  35.72

Gen  284/1000 [██████████████░░░░░░░░░░░░░░░░░░░░░░░░░░░░░░░░░░░░]  28.4%
     Best:     Objective 1= 204.65  Objective 2= 403.93
     Mean:     Objective 1=  21.10  Objective 2=  40.36

Gen  285/1000 [██████████████░░░░░░░░░░░░░░░░░░░░░░░░░░░░░░░░░░░░]  28.5%
     Best:     Objective 1= 216.67  Objective 2= 314.96
     Mean:     Objective 1=  16.09  Objective 2=  42.18

Generation 285:	[144.47131198 228.60354145]
Mean fitness:	25.73 +- 67.88
Mean fitness per obj: ['17.04 +-34.94', '34.42 +-88.56']
Gen  286/1000 [██████████████░░░░░░░░░░░░░░░░░░░░░░░░░░░░░░░░░░░░]  28.6%
     Best:     Objective 1= 193.89  Objective 2= 362.96
     Mean:     Objective 1=  17.04  Objective 2=  34.42

Gen  287/1000 [██████████████░░░░░░░░░░░░░░░░░░░░░░░░░░░░░░░░░░░░]  28.7%
     Best:     Objective 1= 271.02  Objective 2= 358.65
     Mean:     Objective 1=  17.35  Objective 2=  38.97

Gen  288/1000 [██████████████░░░░░░░░░░░░░░░░░░░░░░░░░░░░░░░░░░░░]  28.8%
     Best:     Objective 1= 212.26  Objective 2= 333.70
     Mean:     Objective 1=  19.33  Objective 2=  37.45

Gen  289/1000 [██████████████░░░░░░░░░░░░░░░░░░░░░░░░░░░░░░░░░░░░]  28.9%
     Best:     Objective 1= 151.18  Objective 2= 367.82
     Mean:     Objective 1=  15.97  Objective 2=  32.87

Gen  290/1000 [██████████████░░░░░░░░░░░░░░░░░░░░░░░░░░░░░░░░░░░░]  29.0%
     Best:     Objective 1= 216.53  Objective 2= 369.30
     Mean:     Objective 1=  14.76  Objective 2=  35.99

Generation 290:	[144.47131198 228.60354145]
Mean fitness:	25.10 +- 60.52
Mean fitness per obj: ['15.94 +-34.17', '34.27 +-77.40']
Gen  291/1000 [██████████████░░░░░░░░░░░░░░░░░░░░░░░░░░░░░░░░░░░░]  29.1%
     Best:     Objective 1= 149.37  Objective 2= 279.10
     Mean:     Objective 1=  15.94  Objective 2=  34.27

Gen  292/1000 [██████████████░░░░░░░░░░░░░░░░░░░░░░░░░░░░░░░░░░░░]  29.2%
     Best:     Objective 1= 166.97  Objective 2= 342.57
     Mean:     Objective 1=  17.63  Objective 2=  42.83

Gen  293/1000 [██████████████░░░░░░░░░░░░░░░░░░░░░░░░░░░░░░░░░░░░]  29.3%
     Best:     Objective 1= 161.55  Objective 2= 280.43
     Mean:     Objective 1=  17.79  Objective 2=  36.44

Gen  294/1000 [██████████████░░░░░░░░░░░░░░░░░░░░░░░░░░░░░░░░░░░░]  29.4%
     Best:     Objective 1= 139.87  Objective 2= 330.91
     Mean:     Objective 1=  18.53  Objective 2=  44.21

Gen  295/1000 [██████████████░░░░░░░░░░░░░░░░░░░░░░░░░░░░░░░░░░░░]  29.5%
     Best:     Objective 1= 128.34  Objective 2= 324.06
     Mean:     Objective 1=  18.58  Objective 2=  41.23

Generation 295:	[144.47131198 228.60354145]
Mean fitness:	32.64 +- 68.44
Mean fitness per obj: ['17.35 +-34.41', '47.94 +-87.84']
Gen  296/1000 [██████████████░░░░░░░░░░░░░░░░░░░░░░░░░░░░░░░░░░░░]  29.6%
     Best:     Objective 1= 155.67  Objective 2= 304.06
     Mean:     Objective 1=  17.35  Objective 2=  47.94

Gen  297/1000 [██████████████░░░░░░░░░░░░░░░░░░░░░░░░░░░░░░░░░░░░]  29.7%
     Best:     Objective 1= 177.32  Objective 2= 330.06
     Mean:     Objective 1=  11.95  Objective 2=  35.96

Gen  298/1000 [██████████████░░░░░░░░░░░░░░░░░░░░░░░░░░░░░░░░░░░░]  29.8%
     Best:     Objective 1= 186.55  Objective 2= 272.06
     Mean:     Objective 1=  16.44  Objective 2=  39.92

Gen  299/1000 [██████████████░░░░░░░░░░░░░░░░░░░░░░░░░░░░░░░░░░░░]  29.9%
     Best:     Objective 1= 172.03  Objective 2= 353.76
     Mean:     Objective 1=  16.53  Objective 2=  38.17

Gen  300/1000 [███████████████░░░░░░░░░░░░░░░░░░░░░░░░░░░░░░░░░░░]  30.0%
     Best:     Objective 1= 147.84  Objective 2= 329.73
     Mean:     Objective 1=  15.89  Objective 2=  53.74

Generation 300:	[144.47131198 228.60354145]
Mean fitness:	28.22 +- 64.31
Mean fitness per obj: ['20.05 +-31.17', '36.38 +-84.66']
Gen  301/1000 [███████████████░░░░░░░░░░░░░░░░░░░░░░░░░░░░░░░░░░░]  30.1%
     Best:     Objective 1= 177.86  Objective 2= 307.63
     Mean:     Objective 1=  20.05  Objective 2=  36.38

Gen  302/1000 [███████████████░░░░░░░░░░░░░░░░░░░░░░░░░░░░░░░░░░░]  30.2%
     Best:     Objective 1= 148.95  Objective 2= 317.38
     Mean:     Objective 1=  15.69  Objective 2=  35.84

Gen  303/1000 [███████████████░░░░░░░░░░░░░░░░░░░░░░░░░░░░░░░░░░░]  30.3%
     Best:     Objective 1= 160.34  Objective 2= 332.90
     Mean:     Objective 1=  16.45  Objective 2=  38.51

Gen  304/1000 [███████████████░░░░░░░░░░░░░░░░░░░░░░░░░░░░░░░░░░░]  30.4%
     Best:     Objective 1= 165.85  Objective 2= 396.45
     Mean:     Objective 1=  19.07  Objective 2=  48.60

Gen  305/1000 [███████████████░░░░░░░░░░░░░░░░░░░░░░░░░░░░░░░░░░░]  30.5%
     Best:     Objective 1= 171.68  Objective 2= 349.72
     Mean:     Objective 1=  19.88  Objective 2=  42.97

Generation 305:	[144.47131198 228.60354145]
Mean fitness:	32.73 +- 65.10
Mean fitness per obj: ['19.49 +-32.21', '45.97 +-84.19']
Gen  306/1000 [███████████████░░░░░░░░░░░░░░░░░░░░░░░░░░░░░░░░░░░]  30.6%
     Best:     Objective 1= 167.08  Objective 2= 384.65
     Mean:     Objective 1=  19.49  Objective 2=  45.97

Gen  307/1000 [███████████████░░░░░░░░░░░░░░░░░░░░░░░░░░░░░░░░░░░]  30.7%
     Best:     Objective 1= 204.08  Objective 2= 372.37
     Mean:     Objective 1=  17.86  Objective 2=  38.06

Gen  308/1000 [███████████████░░░░░░░░░░░░░░░░░░░░░░░░░░░░░░░░░░░]  30.8%
     Best:     Objective 1= 175.51  Objective 2= 382.36
     Mean:     Objective 1=  17.69  Objective 2=  28.62

Gen  309/1000 [███████████████░░░░░░░░░░░░░░░░░░░░░░░░░░░░░░░░░░░]  30.9%
     Best:     Objective 1= 152.31  Objective 2= 364.18
     Mean:     Objective 1=  18.43  Objective 2=  44.31

Gen  310/1000 [███████████████░░░░░░░░░░░░░░░░░░░░░░░░░░░░░░░░░░░]  31.0%
     Best:     Objective 1= 149.09  Objective 2= 297.23
     Mean:     Objective 1=  16.44  Objective 2=  39.65

Generation 310:	[144.47131198 228.60354145]
Mean fitness:	32.92 +- 68.89
Mean fitness per obj: ['18.11 +-35.26', '47.73 +-88.37']
Gen  311/1000 [███████████████░░░░░░░░░░░░░░░░░░░░░░░░░░░░░░░░░░░]  31.1%
     Best:     Objective 1= 182.15  Objective 2= 319.82
     Mean:     Objective 1=  18.11  Objective 2=  47.73

Gen  312/1000 [███████████████░░░░░░░░░░░░░░░░░░░░░░░░░░░░░░░░░░░]  31.2%
     Best:     Objective 1= 221.17  Objective 2= 381.60
     Mean:     Objective 1=  18.06  Objective 2=  51.75

Gen  313/1000 [███████████████░░░░░░░░░░░░░░░░░░░░░░░░░░░░░░░░░░░]  31.3%
     Best:     Objective 1= 176.61  Objective 2= 372.63
     Mean:     Objective 1=  18.11  Objective 2=  50.38

Gen  314/1000 [███████████████░░░░░░░░░░░░░░░░░░░░░░░░░░░░░░░░░░░]  31.4%
     Best:     Objective 1= 194.04  Objective 2= 346.36
     Mean:     Objective 1=  18.54  Objective 2=  45.70

Gen  315/1000 [███████████████░░░░░░░░░░░░░░░░░░░░░░░░░░░░░░░░░░░]  31.5%
     Best:     Objective 1= 175.74  Objective 2= 370.68
     Mean:     Objective 1=  17.85  Objective 2=  43.34

Generation 315:	[144.47131198 228.60354145]
Mean fitness:	32.57 +- 71.05
Mean fitness per obj: ['18.66 +-35.37', '46.48 +-91.97']
Gen  316/1000 [███████████████░░░░░░░░░░░░░░░░░░░░░░░░░░░░░░░░░░░]  31.6%
     Best:     Objective 1= 147.21  Objective 2= 369.76
     Mean:     Objective 1=  18.66  Objective 2=  46.48

Gen  317/1000 [███████████████░░░░░░░░░░░░░░░░░░░░░░░░░░░░░░░░░░░]  31.7%
     Best:     Objective 1= 155.94  Objective 2= 375.21
     Mean:     Objective 1=  17.63  Objective 2=  45.82

Gen  318/1000 [███████████████░░░░░░░░░░░░░░░░░░░░░░░░░░░░░░░░░░░]  31.8%
     Best:     Objective 1= 245.97  Objective 2= 301.00
     Mean:     Objective 1=  22.33  Objective 2=  41.86

Gen  319/1000 [███████████████░░░░░░░░░░░░░░░░░░░░░░░░░░░░░░░░░░░]  31.9%
     Best:     Objective 1= 155.25  Objective 2= 434.99
     Mean:     Objective 1=  14.54  Objective 2=  38.27

Gen  320/1000 [████████████████░░░░░░░░░░░░░░░░░░░░░░░░░░░░░░░░░░]  32.0%
     Best:     Objective 1= 233.20  Objective 2= 406.74
     Mean:     Objective 1=  16.34  Objective 2=  39.48

Generation 320:	[144.47131198 228.60354145]
Mean fitness:	30.11 +- 65.58
Mean fitness per obj: ['19.13 +-37.03', '41.09 +-83.61']
Gen  321/1000 [████████████████░░░░░░░░░░░░░░░░░░░░░░░░░░░░░░░░░░]  32.1%
     Best:     Objective 1= 198.00  Objective 2= 344.63
     Mean:     Objective 1=  19.13  Objective 2=  41.09

Gen  322/1000 [████████████████░░░░░░░░░░░░░░░░░░░░░░░░░░░░░░░░░░]  32.2%
     Best:     Objective 1= 233.79  Objective 2= 313.51
     Mean:     Objective 1=  23.86  Objective 2=  47.44

Gen  323/1000 [████████████████░░░░░░░░░░░░░░░░░░░░░░░░░░░░░░░░░░]  32.3%
     Best:     Objective 1= 155.52  Objective 2= 388.87
     Mean:     Objective 1=  20.89  Objective 2=  39.20

Gen  324/1000 [████████████████░░░░░░░░░░░░░░░░░░░░░░░░░░░░░░░░░░]  32.4%
     Best:     Objective 1= 164.32  Objective 2= 446.25
     Mean:     Objective 1=  17.24  Objective 2=  53.34

Gen  325/1000 [████████████████░░░░░░░░░░░░░░░░░░░░░░░░░░░░░░░░░░]  32.5%
     Best:     Objective 1= 209.59  Objective 2= 381.96
     Mean:     Objective 1=  19.81  Objective 2=  39.72

Generation 325:	[144.47131198 228.60354145]
Mean fitness:	33.26 +- 69.35
Mean fitness per obj: ['19.50 +-38.86', '47.03 +-87.92']
Gen  326/1000 [████████████████░░░░░░░░░░░░░░░░░░░░░░░░░░░░░░░░░░]  32.6%
     Best:     Objective 1= 184.47  Objective 2= 384.70
     Mean:     Objective 1=  19.50  Objective 2=  47.03

Gen  327/1000 [████████████████░░░░░░░░░░░░░░░░░░░░░░░░░░░░░░░░░░]  32.7%
     Best:     Objective 1= 154.10  Objective 2= 439.51
     Mean:     Objective 1=  17.49  Objective 2=  48.21

Gen  328/1000 [████████████████░░░░░░░░░░░░░░░░░░░░░░░░░░░░░░░░░░]  32.8%
     Best:     Objective 1= 243.73  Objective 2= 298.25
     Mean:     Objective 1=  21.19  Objective 2=  47.73

Gen  329/1000 [████████████████░░░░░░░░░░░░░░░░░░░░░░░░░░░░░░░░░░]  32.9%
     Best:     Objective 1= 167.24  Objective 2= 340.04
     Mean:     Objective 1=  21.15  Objective 2=  52.28

Gen  330/1000 [████████████████░░░░░░░░░░░░░░░░░░░░░░░░░░░░░░░░░░]  33.0%
     Best:     Objective 1= 192.17  Objective 2= 325.06
     Mean:     Objective 1=  17.16  Objective 2=  45.89

Generation 330:	[144.49896462 291.34880298]
Mean fitness:	32.33 +- 68.87
Mean fitness per obj: ['19.47 +-39.56', '45.19 +-87.12']
Gen  331/1000 [████████████████░░░░░░░░░░░░░░░░░░░░░░░░░░░░░░░░░░]  33.1%
     Best:     Objective 1= 180.70  Objective 2= 395.31
     Mean:     Objective 1=  19.47  Objective 2=  45.19

Gen  332/1000 [████████████████░░░░░░░░░░░░░░░░░░░░░░░░░░░░░░░░░░]  33.2%
     Best:     Objective 1= 247.60  Objective 2= 349.48
     Mean:     Objective 1=  20.60  Objective 2=  51.29

Gen  333/1000 [████████████████░░░░░░░░░░░░░░░░░░░░░░░░░░░░░░░░░░]  33.3%
     Best:     Objective 1= 157.72  Objective 2= 328.25
     Mean:     Objective 1=  19.11  Objective 2=  50.63

Gen  334/1000 [████████████████░░░░░░░░░░░░░░░░░░░░░░░░░░░░░░░░░░]  33.4%
     Best:     Objective 1= 172.09  Objective 2= 463.71
     Mean:     Objective 1=  22.89  Objective 2=  51.57

Gen  335/1000 [████████████████░░░░░░░░░░░░░░░░░░░░░░░░░░░░░░░░░░]  33.5%
     Best:     Objective 1= 193.78  Objective 2= 305.16
     Mean:     Objective 1=  20.39  Objective 2=  54.71

Generation 335:	[144.49896462 291.34880298]
Mean fitness:	33.20 +- 70.20
Mean fitness per obj: ['19.74 +-33.25', '46.65 +-91.58']
Gen  336/1000 [████████████████░░░░░░░░░░░░░░░░░░░░░░░░░░░░░░░░░░]  33.6%
     Best:     Objective 1= 164.96  Objective 2= 392.75
     Mean:     Objective 1=  19.74  Objective 2=  46.65

Gen  337/1000 [████████████████░░░░░░░░░░░░░░░░░░░░░░░░░░░░░░░░░░]  33.7%
     Best:     Objective 1= 189.08  Objective 2= 388.32
     Mean:     Objective 1=  18.80  Objective 2=  49.41

Gen  338/1000 [████████████████░░░░░░░░░░░░░░░░░░░░░░░░░░░░░░░░░░]  33.8%
     Best:     Objective 1= 234.85  Objective 2= 379.38
     Mean:     Objective 1=  21.07  Objective 2=  53.33

Gen  339/1000 [████████████████░░░░░░░░░░░░░░░░░░░░░░░░░░░░░░░░░░]  33.9%
     Best:     Objective 1= 130.54  Objective 2= 323.18
     Mean:     Objective 1=  18.50  Objective 2=  49.81

Gen  340/1000 [█████████████████░░░░░░░░░░░░░░░░░░░░░░░░░░░░░░░░░]  34.0%
     Best:     Objective 1= 209.66  Objective 2= 335.32
     Mean:     Objective 1=  23.64  Objective 2=  44.87

Generation 340:	[144.49896462 291.34880298]
Mean fitness:	36.74 +- 76.86
Mean fitness per obj: ['18.61 +-36.31', '54.87 +-99.19']
Gen  341/1000 [█████████████████░░░░░░░░░░░░░░░░░░░░░░░░░░░░░░░░░]  34.1%
     Best:     Objective 1= 187.93  Objective 2= 431.70
     Mean:     Objective 1=  18.61  Objective 2=  54.87

Gen  342/1000 [█████████████████░░░░░░░░░░░░░░░░░░░░░░░░░░░░░░░░░]  34.2%
     Best:     Objective 1= 187.65  Objective 2= 418.20
     Mean:     Objective 1=  22.91  Objective 2=  38.46

Gen  343/1000 [█████████████████░░░░░░░░░░░░░░░░░░░░░░░░░░░░░░░░░]  34.3%
     Best:     Objective 1= 142.54  Objective 2= 300.72
     Mean:     Objective 1=  18.78  Objective 2=  44.57

Gen  344/1000 [█████████████████░░░░░░░░░░░░░░░░░░░░░░░░░░░░░░░░░]  34.4%
     Best:     Objective 1= 168.83  Objective 2= 343.86
     Mean:     Objective 1=  21.82  Objective 2=  51.89

Gen  345/1000 [█████████████████░░░░░░░░░░░░░░░░░░░░░░░░░░░░░░░░░]  34.5%
     Best:     Objective 1= 200.44  Objective 2= 354.08
     Mean:     Objective 1=  20.82  Objective 2=  60.63

Generation 345:	[144.49896462 291.34880298]
Mean fitness:	38.73 +- 74.57
Mean fitness per obj: ['20.54 +-34.66', '56.93 +-96.21']
Gen  346/1000 [█████████████████░░░░░░░░░░░░░░░░░░░░░░░░░░░░░░░░░]  34.6%
     Best:     Objective 1= 216.86  Objective 2= 338.77
     Mean:     Objective 1=  20.54  Objective 2=  56.93

Gen  347/1000 [█████████████████░░░░░░░░░░░░░░░░░░░░░░░░░░░░░░░░░]  34.7%
     Best:     Objective 1= 146.46  Objective 2= 369.79
     Mean:     Objective 1=  23.42  Objective 2=  52.99

Gen  348/1000 [█████████████████░░░░░░░░░░░░░░░░░░░░░░░░░░░░░░░░░]  34.8%
     Best:     Objective 1= 257.82  Objective 2= 304.15
     Mean:     Objective 1=  22.34  Objective 2=  45.84

Gen  349/1000 [█████████████████░░░░░░░░░░░░░░░░░░░░░░░░░░░░░░░░░]  34.9%
     Best:     Objective 1= 152.58  Objective 2= 394.52
     Mean:     Objective 1=  25.35  Objective 2=  49.50

Gen  350/1000 [█████████████████░░░░░░░░░░░░░░░░░░░░░░░░░░░░░░░░░]  35.0%
     Best:     Objective 1= 151.49  Objective 2= 369.81
     Mean:     Objective 1=  20.07  Objective 2=  56.93

Generation 350:	[144.49896462 291.34880298]
Mean fitness:	37.60 +- 72.93
Mean fitness per obj: ['22.75 +-40.05', '52.45 +-92.70']
Gen  351/1000 [█████████████████░░░░░░░░░░░░░░░░░░░░░░░░░░░░░░░░░]  35.1%
     Best:     Objective 1= 227.44  Objective 2= 368.58
     Mean:     Objective 1=  22.75  Objective 2=  52.45

Gen  352/1000 [█████████████████░░░░░░░░░░░░░░░░░░░░░░░░░░░░░░░░░]  35.2%
     Best:     Objective 1= 219.91  Objective 2= 358.93
     Mean:     Objective 1=  22.72  Objective 2=  56.98

Gen  353/1000 [█████████████████░░░░░░░░░░░░░░░░░░░░░░░░░░░░░░░░░]  35.3%
     Best:     Objective 1= 133.19  Objective 2= 368.85
     Mean:     Objective 1=  20.91  Objective 2=  50.24

Gen  354/1000 [█████████████████░░░░░░░░░░░░░░░░░░░░░░░░░░░░░░░░░]  35.4%
     Best:     Objective 1= 191.59  Objective 2= 302.04
     Mean:     Objective 1=  19.51  Objective 2=  53.86

Gen  355/1000 [█████████████████░░░░░░░░░░░░░░░░░░░░░░░░░░░░░░░░░]  35.5%
     Best:     Objective 1= 164.43  Objective 2= 352.28
     Mean:     Objective 1=  24.02  Objective 2=  55.46

Generation 355:	[144.49896462 291.34880298]
Mean fitness:	37.43 +- 67.89
Mean fitness per obj: ['26.31 +-37.14', '48.56 +-87.13']
Gen  356/1000 [█████████████████░░░░░░░░░░░░░░░░░░░░░░░░░░░░░░░░░]  35.6%
     Best:     Objective 1= 196.17  Objective 2= 421.37
     Mean:     Objective 1=  26.31  Objective 2=  48.56

Gen  357/1000 [█████████████████░░░░░░░░░░░░░░░░░░░░░░░░░░░░░░░░░]  35.7%
     Best:     Objective 1= 236.62  Objective 2= 330.72
     Mean:     Objective 1=  21.52  Objective 2=  64.40

Gen  358/1000 [█████████████████░░░░░░░░░░░░░░░░░░░░░░░░░░░░░░░░░]  35.8%
     Best:     Objective 1= 177.16  Objective 2= 355.49
     Mean:     Objective 1=  23.67  Objective 2=  53.33

Gen  359/1000 [█████████████████░░░░░░░░░░░░░░░░░░░░░░░░░░░░░░░░░]  35.9%
     Best:     Objective 1= 180.49  Objective 2= 367.88
     Mean:     Objective 1=  21.18  Objective 2=  61.41

Gen  360/1000 [██████████████████░░░░░░░░░░░░░░░░░░░░░░░░░░░░░░░░]  36.0%
     Best:     Objective 1= 164.52  Objective 2= 327.84
     Mean:     Objective 1=  25.12  Objective 2=  60.53

Generation 360:	[144.49896462 291.34880298]
Mean fitness:	39.34 +- 77.01
Mean fitness per obj: ['23.27 +-41.17', '55.41 +-98.23']
Gen  361/1000 [██████████████████░░░░░░░░░░░░░░░░░░░░░░░░░░░░░░░░]  36.1%
     Best:     Objective 1= 196.47  Objective 2= 381.15
     Mean:     Objective 1=  23.27  Objective 2=  55.41

Gen  362/1000 [██████████████████░░░░░░░░░░░░░░░░░░░░░░░░░░░░░░░░]  36.2%
     Best:     Objective 1= 173.76  Objective 2= 360.34
     Mean:     Objective 1=  20.47  Objective 2=  54.61

Gen  363/1000 [██████████████████░░░░░░░░░░░░░░░░░░░░░░░░░░░░░░░░]  36.3%
     Best:     Objective 1= 194.97  Objective 2= 362.59
     Mean:     Objective 1=  22.80  Objective 2=  58.38

Gen  364/1000 [██████████████████░░░░░░░░░░░░░░░░░░░░░░░░░░░░░░░░]  36.4%
     Best:     Objective 1= 213.06  Objective 2= 332.63
     Mean:     Objective 1=  25.14  Objective 2=  60.38

Gen  365/1000 [██████████████████░░░░░░░░░░░░░░░░░░░░░░░░░░░░░░░░]  36.5%
     Best:     Objective 1= 195.30  Objective 2= 335.19
     Mean:     Objective 1=  21.96  Objective 2=  55.55

Generation 365:	[156.02412338 318.488563  ]
Mean fitness:	34.70 +- 71.47
Mean fitness per obj: ['23.69 +-37.15', '45.70 +-92.70']
Gen  366/1000 [██████████████████░░░░░░░░░░░░░░░░░░░░░░░░░░░░░░░░]  36.6%
     Best:     Objective 1= 161.70  Objective 2= 343.70
     Mean:     Objective 1=  23.69  Objective 2=  45.70

Gen  367/1000 [██████████████████░░░░░░░░░░░░░░░░░░░░░░░░░░░░░░░░]  36.7%
     Best:     Objective 1= 151.51  Objective 2= 349.37
     Mean:     Objective 1=  20.73  Objective 2=  65.49

Gen  368/1000 [██████████████████░░░░░░░░░░░░░░░░░░░░░░░░░░░░░░░░]  36.8%
     Best:     Objective 1= 250.08  Objective 2= 282.92
     Mean:     Objective 1=  25.70  Objective 2=  62.70

Gen  369/1000 [██████████████████░░░░░░░░░░░░░░░░░░░░░░░░░░░░░░░░]  36.9%
     Best:     Objective 1= 166.91  Objective 2= 410.99
     Mean:     Objective 1=  20.68  Objective 2=  49.01

Gen  370/1000 [██████████████████░░░░░░░░░░░░░░░░░░░░░░░░░░░░░░░░]  37.0%
     Best:     Objective 1= 157.08  Objective 2= 362.32
     Mean:     Objective 1=  21.31  Objective 2=  52.98

Generation 370:	[156.02412338 318.488563  ]
Mean fitness:	38.27 +- 72.78
Mean fitness per obj: ['21.41 +-40.63', '55.12 +-91.52']
Gen  371/1000 [██████████████████░░░░░░░░░░░░░░░░░░░░░░░░░░░░░░░░]  37.1%
     Best:     Objective 1= 208.99  Objective 2= 380.58
     Mean:     Objective 1=  21.41  Objective 2=  55.12

Gen  372/1000 [██████████████████░░░░░░░░░░░░░░░░░░░░░░░░░░░░░░░░]  37.2%
     Best:     Objective 1= 237.45  Objective 2= 360.91
     Mean:     Objective 1=  21.65  Objective 2=  52.42

Gen  373/1000 [██████████████████░░░░░░░░░░░░░░░░░░░░░░░░░░░░░░░░]  37.3%
     Best:     Objective 1= 213.45  Objective 2= 341.09
     Mean:     Objective 1=  23.47  Objective 2=  51.41

Gen  374/1000 [██████████████████░░░░░░░░░░░░░░░░░░░░░░░░░░░░░░░░]  37.4%
     Best:     Objective 1= 133.66  Objective 2= 313.39
     Mean:     Objective 1=  18.51  Objective 2=  58.43

Gen  375/1000 [██████████████████░░░░░░░░░░░░░░░░░░░░░░░░░░░░░░░░]  37.5%
     Best:     Objective 1= 203.79  Objective 2= 422.15
     Mean:     Objective 1=  26.33  Objective 2=  64.18

Generation 375:	[156.02412338 318.488563  ]
Mean fitness:	38.52 +- 73.85
Mean fitness per obj: ['19.31 +-35.07', '57.73 +-94.56']
Gen  376/1000 [██████████████████░░░░░░░░░░░░░░░░░░░░░░░░░░░░░░░░]  37.6%
     Best:     Objective 1= 130.29  Objective 2= 353.51
     Mean:     Objective 1=  19.31  Objective 2=  57.73

Gen  377/1000 [██████████████████░░░░░░░░░░░░░░░░░░░░░░░░░░░░░░░░]  37.7%
     Best:     Objective 1= 162.83  Objective 2= 296.19
     Mean:     Objective 1=  22.59  Objective 2=  55.22

Gen  378/1000 [██████████████████░░░░░░░░░░░░░░░░░░░░░░░░░░░░░░░░]  37.8%
     Best:     Objective 1= 202.51  Objective 2= 382.78
     Mean:     Objective 1=  21.55  Objective 2=  54.02

Gen  379/1000 [██████████████████░░░░░░░░░░░░░░░░░░░░░░░░░░░░░░░░]  37.9%
     Best:     Objective 1= 180.30  Objective 2= 395.47
     Mean:     Objective 1=  21.63  Objective 2=  56.65

Gen  380/1000 [███████████████████░░░░░░░░░░░░░░░░░░░░░░░░░░░░░░░]  38.0%
     Best:     Objective 1= 137.77  Objective 2= 489.98
     Mean:     Objective 1=  22.12  Objective 2=  64.09

Generation 380:	[156.02412338 318.488563  ]
Mean fitness:	41.90 +- 75.01
Mean fitness per obj: ['18.28 +-39.25', '65.52 +-92.72']
Gen  381/1000 [███████████████████░░░░░░░░░░░░░░░░░░░░░░░░░░░░░░░]  38.1%
     Best:     Objective 1= 183.65  Objective 2= 400.94
     Mean:     Objective 1=  18.28  Objective 2=  65.52

Gen  382/1000 [███████████████████░░░░░░░░░░░░░░░░░░░░░░░░░░░░░░░]  38.2%
     Best:     Objective 1= 156.50  Objective 2= 332.71
     Mean:     Objective 1=  21.95  Objective 2=  61.28

Gen  383/1000 [███████████████████░░░░░░░░░░░░░░░░░░░░░░░░░░░░░░░]  38.3%
     Best:     Objective 1= 232.20  Objective 2= 358.40
     Mean:     Objective 1=  20.92  Objective 2=  53.32

Gen  384/1000 [███████████████████░░░░░░░░░░░░░░░░░░░░░░░░░░░░░░░]  38.4%
     Best:     Objective 1= 237.11  Objective 2= 423.61
     Mean:     Objective 1=  23.51  Objective 2=  56.59

Gen  385/1000 [███████████████████░░░░░░░░░░░░░░░░░░░░░░░░░░░░░░░]  38.5%
     Best:     Objective 1= 160.87  Objective 2= 333.33
     Mean:     Objective 1=  21.77  Objective 2=  51.89

Generation 385:	[157.16023345 358.40460623]
Mean fitness:	33.11 +- 69.29
Mean fitness per obj: ['20.80 +-36.53', '45.42 +-89.24']
Gen  386/1000 [███████████████████░░░░░░░░░░░░░░░░░░░░░░░░░░░░░░░]  38.6%
     Best:     Objective 1= 181.92  Objective 2= 322.85
     Mean:     Objective 1=  20.80  Objective 2=  45.42

Gen  387/1000 [███████████████████░░░░░░░░░░░░░░░░░░░░░░░░░░░░░░░]  38.7%
     Best:     Objective 1= 131.68  Objective 2= 364.33
     Mean:     Objective 1=  20.38  Objective 2=  52.36

Gen  388/1000 [███████████████████░░░░░░░░░░░░░░░░░░░░░░░░░░░░░░░]  38.8%
     Best:     Objective 1= 182.77  Objective 2= 349.15
     Mean:     Objective 1=  20.12  Objective 2=  57.78

Gen  389/1000 [███████████████████░░░░░░░░░░░░░░░░░░░░░░░░░░░░░░░]  38.9%
     Best:     Objective 1= 231.88  Objective 2= 401.99
     Mean:     Objective 1=  20.48  Objective 2=  55.82

Gen  390/1000 [███████████████████░░░░░░░░░░░░░░░░░░░░░░░░░░░░░░░]  39.0%
     Best:     Objective 1= 174.66  Objective 2= 363.63
     Mean:     Objective 1=  19.98  Objective 2=  53.33

Generation 390:	[157.16023345 358.40460623]
Mean fitness:	36.03 +- 69.54
Mean fitness per obj: ['22.67 +-39.59', '49.38 +-88.01']
Gen  391/1000 [███████████████████░░░░░░░░░░░░░░░░░░░░░░░░░░░░░░░]  39.1%
     Best:     Objective 1= 226.31  Objective 2= 289.81
     Mean:     Objective 1=  22.67  Objective 2=  49.38

Gen  392/1000 [███████████████████░░░░░░░░░░░░░░░░░░░░░░░░░░░░░░░]  39.2%
     Best:     Objective 1= 213.28  Objective 2= 455.76
     Mean:     Objective 1=  25.24  Objective 2=  58.66

Gen  393/1000 [███████████████████░░░░░░░░░░░░░░░░░░░░░░░░░░░░░░░]  39.3%
     Best:     Objective 1= 232.19  Objective 2= 350.69
     Mean:     Objective 1=  27.41  Objective 2=  54.61

Gen  394/1000 [███████████████████░░░░░░░░░░░░░░░░░░░░░░░░░░░░░░░]  39.4%
     Best:     Objective 1= 131.53  Objective 2= 348.15
     Mean:     Objective 1=  22.94  Objective 2=  54.05

Gen  395/1000 [███████████████████░░░░░░░░░░░░░░░░░░░░░░░░░░░░░░░]  39.5%
     Best:     Objective 1= 182.82  Objective 2= 340.28
     Mean:     Objective 1=  23.38  Objective 2=  60.05

Generation 395:	[157.16023345 358.40460623]
Mean fitness:	38.80 +- 70.83
Mean fitness per obj: ['22.75 +-34.71', '54.86 +-91.18']
Gen  396/1000 [███████████████████░░░░░░░░░░░░░░░░░░░░░░░░░░░░░░░]  39.6%
     Best:     Objective 1= 191.61  Objective 2= 341.32
     Mean:     Objective 1=  22.75  Objective 2=  54.86

Gen  397/1000 [███████████████████░░░░░░░░░░░░░░░░░░░░░░░░░░░░░░░]  39.7%
     Best:     Objective 1= 143.45  Objective 2= 398.68
     Mean:     Objective 1=  24.60  Objective 2=  52.63

Gen  398/1000 [███████████████████░░░░░░░░░░░░░░░░░░░░░░░░░░░░░░░]  39.8%
     Best:     Objective 1= 156.12  Objective 2= 364.83
     Mean:     Objective 1=  22.90  Objective 2=  69.11

Gen  399/1000 [███████████████████░░░░░░░░░░░░░░░░░░░░░░░░░░░░░░░]  39.9%
     Best:     Objective 1= 204.83  Objective 2= 441.43
     Mean:     Objective 1=  18.84  Objective 2=  64.71

Gen  400/1000 [████████████████████░░░░░░░░░░░░░░░░░░░░░░░░░░░░░░]  40.0%
     Best:     Objective 1= 258.08  Objective 2= 381.11
     Mean:     Objective 1=  23.02  Objective 2=  54.66

Generation 400:	[157.16023345 358.40460623]
Mean fitness:	41.18 +- 73.71
Mean fitness per obj: ['21.41 +-35.37', '60.95 +-93.99']
Gen  401/1000 [████████████████████░░░░░░░░░░░░░░░░░░░░░░░░░░░░░░]  40.1%
     Best:     Objective 1= 147.80  Objective 2= 351.79
     Mean:     Objective 1=  21.41  Objective 2=  60.95

Gen  402/1000 [████████████████████░░░░░░░░░░░░░░░░░░░░░░░░░░░░░░]  40.2%
     Best:     Objective 1= 172.41  Objective 2= 365.78
     Mean:     Objective 1=  27.26  Objective 2=  52.96

Gen  403/1000 [████████████████████░░░░░░░░░░░░░░░░░░░░░░░░░░░░░░]  40.3%
     Best:     Objective 1= 240.41  Objective 2= 326.22
     Mean:     Objective 1=  24.10  Objective 2=  57.76

Gen  404/1000 [████████████████████░░░░░░░░░░░░░░░░░░░░░░░░░░░░░░]  40.4%
     Best:     Objective 1= 192.96  Objective 2= 341.26
     Mean:     Objective 1=  24.56  Objective 2=  63.23

Gen  405/1000 [████████████████████░░░░░░░░░░░░░░░░░░░░░░░░░░░░░░]  40.5%
     Best:     Objective 1= 163.64  Objective 2= 329.77
     Mean:     Objective 1=  23.01  Objective 2=  60.39

Generation 405:	[157.16023345 358.40460623]
Mean fitness:	39.35 +- 73.30
Mean fitness per obj: ['25.28 +-44.11', '53.42 +-91.68']
Gen  406/1000 [████████████████████░░░░░░░░░░░░░░░░░░░░░░░░░░░░░░]  40.6%
     Best:     Objective 1= 192.79  Objective 2= 449.98
     Mean:     Objective 1=  25.28  Objective 2=  53.42

Gen  407/1000 [████████████████████░░░░░░░░░░░░░░░░░░░░░░░░░░░░░░]  40.7%
     Best:     Objective 1= 171.21  Objective 2= 340.80
     Mean:     Objective 1=  23.99  Objective 2=  53.36

Gen  408/1000 [████████████████████░░░░░░░░░░░░░░░░░░░░░░░░░░░░░░]  40.8%
     Best:     Objective 1= 238.44  Objective 2= 498.71
     Mean:     Objective 1=  21.64  Objective 2=  60.41

Gen  409/1000 [████████████████████░░░░░░░░░░░░░░░░░░░░░░░░░░░░░░]  40.9%
     Best:     Objective 1= 222.38  Objective 2= 388.96
     Mean:     Objective 1=  27.02  Objective 2=  53.58

Gen  410/1000 [████████████████████░░░░░░░░░░░░░░░░░░░░░░░░░░░░░░]  41.0%
     Best:     Objective 1= 135.01  Objective 2= 352.44
     Mean:     Objective 1=  21.80  Objective 2=  51.42

Generation 410:	[157.16023345 358.40460623]
Mean fitness:	43.16 +- 73.62
Mean fitness per obj: ['21.52 +-38.15', '64.81 +-91.92']
Gen  411/1000 [████████████████████░░░░░░░░░░░░░░░░░░░░░░░░░░░░░░]  41.1%
     Best:     Objective 1= 166.34  Objective 2= 399.74
     Mean:     Objective 1=  21.52  Objective 2=  64.81

Gen  412/1000 [████████████████████░░░░░░░░░░░░░░░░░░░░░░░░░░░░░░]  41.2%
     Best:     Objective 1= 166.11  Objective 2= 342.57
     Mean:     Objective 1=  21.87  Objective 2=  44.57

Gen  413/1000 [████████████████████░░░░░░░░░░░░░░░░░░░░░░░░░░░░░░]  41.3%
     Best:     Objective 1= 184.06  Objective 2= 426.96
     Mean:     Objective 1=  20.65  Objective 2=  54.04

Gen  414/1000 [████████████████████░░░░░░░░░░░░░░░░░░░░░░░░░░░░░░]  41.4%
     Best:     Objective 1= 213.09  Objective 2= 438.55
     Mean:     Objective 1=  26.61  Objective 2=  54.10

Gen  415/1000 [████████████████████░░░░░░░░░░░░░░░░░░░░░░░░░░░░░░]  41.5%
     Best:     Objective 1= 208.20  Objective 2= 398.94
     Mean:     Objective 1=  22.41  Objective 2=  58.70

Generation 415:	[157.16023345 358.40460623]
Mean fitness:	36.33 +- 74.72
Mean fitness per obj: ['22.15 +-33.97', '50.50 +-98.04']
Gen  416/1000 [████████████████████░░░░░░░░░░░░░░░░░░░░░░░░░░░░░░]  41.6%
     Best:     Objective 1= 164.63  Objective 2= 418.45
     Mean:     Objective 1=  22.15  Objective 2=  50.50

Gen  417/1000 [████████████████████░░░░░░░░░░░░░░░░░░░░░░░░░░░░░░]  41.7%
     Best:     Objective 1= 153.57  Objective 2= 390.36
     Mean:     Objective 1=  24.75  Objective 2=  59.02

Gen  418/1000 [████████████████████░░░░░░░░░░░░░░░░░░░░░░░░░░░░░░]  41.8%
     Best:     Objective 1= 185.50  Objective 2= 328.67
     Mean:     Objective 1=  24.49  Objective 2=  61.36

Gen  419/1000 [████████████████████░░░░░░░░░░░░░░░░░░░░░░░░░░░░░░]  41.9%
     Best:     Objective 1= 232.81  Objective 2= 381.02
     Mean:     Objective 1=  25.60  Objective 2=  61.07

Gen  420/1000 [█████████████████████░░░░░░░░░░░░░░░░░░░░░░░░░░░░░]  42.0%
     Best:     Objective 1= 174.30  Objective 2= 316.98
     Mean:     Objective 1=  25.91  Objective 2=  56.38

Generation 420:	[157.16023345 358.40460623]
Mean fitness:	35.95 +- 69.21
Mean fitness per obj: ['21.74 +-40.01', '50.17 +-87.04']
Gen  421/1000 [█████████████████████░░░░░░░░░░░░░░░░░░░░░░░░░░░░░]  42.1%
     Best:     Objective 1= 186.26  Objective 2= 380.79
     Mean:     Objective 1=  21.74  Objective 2=  50.17

Gen  422/1000 [█████████████████████░░░░░░░░░░░░░░░░░░░░░░░░░░░░░]  42.2%
     Best:     Objective 1= 235.04  Objective 2= 355.95
     Mean:     Objective 1=  24.61  Objective 2=  37.96

Gen  423/1000 [█████████████████████░░░░░░░░░░░░░░░░░░░░░░░░░░░░░]  42.3%
     Best:     Objective 1= 154.75  Objective 2= 387.67
     Mean:     Objective 1=  22.68  Objective 2=  65.35

Gen  424/1000 [█████████████████████░░░░░░░░░░░░░░░░░░░░░░░░░░░░░]  42.4%
     Best:     Objective 1= 184.96  Objective 2= 345.43
     Mean:     Objective 1=  24.60  Objective 2=  59.59

Gen  425/1000 [█████████████████████░░░░░░░░░░░░░░░░░░░░░░░░░░░░░]  42.5%
     Best:     Objective 1= 176.17  Objective 2= 327.04
     Mean:     Objective 1=  20.82  Objective 2=  59.69

Generation 425:	[157.16023345 358.40460623]
Mean fitness:	38.12 +- 74.31
Mean fitness per obj: ['21.76 +-38.46', '54.48 +-95.02']
Gen  426/1000 [█████████████████████░░░░░░░░░░░░░░░░░░░░░░░░░░░░░]  42.6%
     Best:     Objective 1= 153.65  Objective 2= 431.52
     Mean:     Objective 1=  21.76  Objective 2=  54.48

Gen  427/1000 [█████████████████████░░░░░░░░░░░░░░░░░░░░░░░░░░░░░]  42.7%
     Best:     Objective 1= 192.04  Objective 2= 383.71
     Mean:     Objective 1=  25.03  Objective 2=  60.02

Gen  428/1000 [█████████████████████░░░░░░░░░░░░░░░░░░░░░░░░░░░░░]  42.8%
     Best:     Objective 1= 148.49  Objective 2= 388.40
     Mean:     Objective 1=  25.06  Objective 2=  67.82

Gen  429/1000 [█████████████████████░░░░░░░░░░░░░░░░░░░░░░░░░░░░░]  42.9%
     Best:     Objective 1= 192.34  Objective 2= 407.28
     Mean:     Objective 1=  23.22  Objective 2=  60.20

Gen  430/1000 [█████████████████████░░░░░░░░░░░░░░░░░░░░░░░░░░░░░]  43.0%
     Best:     Objective 1= 190.02  Objective 2= 327.67
     Mean:     Objective 1=  20.76  Objective 2=  57.81

Generation 430:	[157.16023345 358.40460623]
Mean fitness:	38.98 +- 73.37
Mean fitness per obj: ['19.68 +-38.52', '58.27 +-92.40']
Gen  431/1000 [█████████████████████░░░░░░░░░░░░░░░░░░░░░░░░░░░░░]  43.1%
     Best:     Objective 1= 155.73  Objective 2= 429.93
     Mean:     Objective 1=  19.68  Objective 2=  58.27

Gen  432/1000 [█████████████████████░░░░░░░░░░░░░░░░░░░░░░░░░░░░░]  43.2%
     Best:     Objective 1= 189.60  Objective 2= 394.51
     Mean:     Objective 1=  22.24  Objective 2=  62.74

Gen  433/1000 [█████████████████████░░░░░░░░░░░░░░░░░░░░░░░░░░░░░]  43.3%
     Best:     Objective 1= 168.87  Objective 2= 382.70
     Mean:     Objective 1=  24.09  Objective 2=  61.95

Gen  434/1000 [█████████████████████░░░░░░░░░░░░░░░░░░░░░░░░░░░░░]  43.4%
     Best:     Objective 1= 296.18  Objective 2= 444.44
     Mean:     Objective 1=  25.30  Objective 2=  54.53

Gen  435/1000 [█████████████████████░░░░░░░░░░░░░░░░░░░░░░░░░░░░░]  43.5%
     Best:     Objective 1= 174.47  Objective 2= 388.51
     Mean:     Objective 1=  24.68  Objective 2=  59.95

Generation 435:	[157.16023345 358.40460623]
Mean fitness:	41.99 +- 72.98
Mean fitness per obj: ['22.35 +-35.38', '61.63 +-92.89']
Gen  436/1000 [█████████████████████░░░░░░░░░░░░░░░░░░░░░░░░░░░░░]  43.6%
     Best:     Objective 1= 155.55  Objective 2= 441.64
     Mean:     Objective 1=  22.35  Objective 2=  61.63

Gen  437/1000 [█████████████████████░░░░░░░░░░░░░░░░░░░░░░░░░░░░░]  43.7%
     Best:     Objective 1= 212.85  Objective 2= 353.51
     Mean:     Objective 1=  23.73  Objective 2=  62.45

Gen  438/1000 [█████████████████████░░░░░░░░░░░░░░░░░░░░░░░░░░░░░]  43.8%
     Best:     Objective 1= 168.49  Objective 2= 341.41
     Mean:     Objective 1=  24.27  Objective 2=  55.25

Gen  439/1000 [█████████████████████░░░░░░░░░░░░░░░░░░░░░░░░░░░░░]  43.9%
     Best:     Objective 1= 179.16  Objective 2= 390.62
     Mean:     Objective 1=  23.56  Objective 2=  58.85

Gen  440/1000 [██████████████████████░░░░░░░░░░░░░░░░░░░░░░░░░░░░]  44.0%
     Best:     Objective 1= 160.39  Objective 2= 405.66
     Mean:     Objective 1=  21.09  Objective 2=  55.19

Generation 440:	[157.16023345 358.40460623]
Mean fitness:	44.41 +- 73.82
Mean fitness per obj: ['25.65 +-37.19', '63.18 +-93.87']
Gen  441/1000 [██████████████████████░░░░░░░░░░░░░░░░░░░░░░░░░░░░]  44.1%
     Best:     Objective 1= 214.63  Objective 2= 371.33
     Mean:     Objective 1=  25.65  Objective 2=  63.18

Gen  442/1000 [██████████████████████░░░░░░░░░░░░░░░░░░░░░░░░░░░░]  44.2%
     Best:     Objective 1= 187.65  Objective 2= 366.19
     Mean:     Objective 1=  21.80  Objective 2=  66.13

Gen  443/1000 [██████████████████████░░░░░░░░░░░░░░░░░░░░░░░░░░░░]  44.3%
     Best:     Objective 1= 182.93  Objective 2= 362.98
     Mean:     Objective 1=  22.60  Objective 2=  67.75

Gen  444/1000 [██████████████████████░░░░░░░░░░░░░░░░░░░░░░░░░░░░]  44.4%
     Best:     Objective 1= 173.39  Objective 2= 380.64
     Mean:     Objective 1=  19.32  Objective 2=  62.54

Gen  445/1000 [██████████████████████░░░░░░░░░░░░░░░░░░░░░░░░░░░░]  44.5%
     Best:     Objective 1= 180.44  Objective 2= 413.76
     Mean:     Objective 1=  20.74  Objective 2=  63.83

Generation 445:	[157.16023345 358.40460623]
Mean fitness:	44.35 +- 67.49
Mean fitness per obj: ['28.07 +-38.14', '60.63 +-84.40']
Gen  446/1000 [██████████████████████░░░░░░░░░░░░░░░░░░░░░░░░░░░░]  44.6%
     Best:     Objective 1= 174.99  Objective 2= 310.67
     Mean:     Objective 1=  28.07  Objective 2=  60.63

Gen  447/1000 [██████████████████████░░░░░░░░░░░░░░░░░░░░░░░░░░░░]  44.7%
     Best:     Objective 1= 180.30  Objective 2= 392.85
     Mean:     Objective 1=  22.49  Objective 2=  68.37

Gen  448/1000 [██████████████████████░░░░░░░░░░░░░░░░░░░░░░░░░░░░]  44.8%
     Best:     Objective 1= 185.75  Objective 2= 371.65
     Mean:     Objective 1=  20.98  Objective 2=  60.66

Gen  449/1000 [██████████████████████░░░░░░░░░░░░░░░░░░░░░░░░░░░░]  44.9%
     Best:     Objective 1= 212.66  Objective 2= 351.53
     Mean:     Objective 1=  21.78  Objective 2=  67.85

Gen  450/1000 [██████████████████████░░░░░░░░░░░░░░░░░░░░░░░░░░░░]  45.0%
     Best:     Objective 1= 172.17  Objective 2= 465.14
     Mean:     Objective 1=  24.46  Objective 2=  52.12

Generation 450:	[157.16023345 358.40460623]
Mean fitness:	41.83 +- 69.02
Mean fitness per obj: ['22.63 +-40.33', '61.02 +-84.65']
Gen  451/1000 [██████████████████████░░░░░░░░░░░░░░░░░░░░░░░░░░░░]  45.1%
     Best:     Objective 1= 142.70  Objective 2= 359.62
     Mean:     Objective 1=  22.63  Objective 2=  61.02

Gen  452/1000 [██████████████████████░░░░░░░░░░░░░░░░░░░░░░░░░░░░]  45.2%
     Best:     Objective 1= 208.91  Objective 2= 396.17
     Mean:     Objective 1=  25.57  Objective 2=  70.32

Gen  453/1000 [██████████████████████░░░░░░░░░░░░░░░░░░░░░░░░░░░░]  45.3%
     Best:     Objective 1= 138.61  Objective 2= 367.70
     Mean:     Objective 1=  24.38  Objective 2=  60.96

Gen  454/1000 [██████████████████████░░░░░░░░░░░░░░░░░░░░░░░░░░░░]  45.4%
     Best:     Objective 1= 148.50  Objective 2= 306.28
     Mean:     Objective 1=  24.68  Objective 2=  66.52

Gen  455/1000 [██████████████████████░░░░░░░░░░░░░░░░░░░░░░░░░░░░]  45.5%
     Best:     Objective 1= 239.65  Objective 2= 374.58
     Mean:     Objective 1=  27.29  Objective 2=  53.46

Generation 455:	[157.16023345 358.40460623]
Mean fitness:	42.56 +- 67.85
Mean fitness per obj: ['24.76 +-34.08', '60.35 +-86.09']
Gen  456/1000 [██████████████████████░░░░░░░░░░░░░░░░░░░░░░░░░░░░]  45.6%
     Best:     Objective 1= 205.01  Objective 2= 385.57
     Mean:     Objective 1=  24.76  Objective 2=  60.35

Gen  457/1000 [██████████████████████░░░░░░░░░░░░░░░░░░░░░░░░░░░░]  45.7%
     Best:     Objective 1= 205.63  Objective 2= 362.32
     Mean:     Objective 1=  22.98  Objective 2=  56.88

Gen  458/1000 [██████████████████████░░░░░░░░░░░░░░░░░░░░░░░░░░░░]  45.8%
     Best:     Objective 1= 258.13  Objective 2= 368.00
     Mean:     Objective 1=  23.92  Objective 2=  58.78

Gen  459/1000 [██████████████████████░░░░░░░░░░░░░░░░░░░░░░░░░░░░]  45.9%
     Best:     Objective 1= 194.62  Objective 2= 345.73
     Mean:     Objective 1=  25.83  Objective 2=  60.52

Gen  460/1000 [███████████████████████░░░░░░░░░░░░░░░░░░░░░░░░░░░]  46.0%
     Best:     Objective 1= 144.42  Objective 2= 421.28
     Mean:     Objective 1=  22.38  Objective 2=  66.21

Generation 460:	[157.16023345 358.40460623]
Mean fitness:	43.39 +- 74.66
Mean fitness per obj: ['26.60 +-39.90', '60.17 +-94.82']
Gen  461/1000 [███████████████████████░░░░░░░░░░░░░░░░░░░░░░░░░░░]  46.1%
     Best:     Objective 1= 196.54  Objective 2= 317.87
     Mean:     Objective 1=  26.60  Objective 2=  60.17

Gen  462/1000 [███████████████████████░░░░░░░░░░░░░░░░░░░░░░░░░░░]  46.2%
     Best:     Objective 1= 181.18  Objective 2= 363.99
     Mean:     Objective 1=  18.46  Objective 2=  59.87

Gen  463/1000 [███████████████████████░░░░░░░░░░░░░░░░░░░░░░░░░░░]  46.3%
     Best:     Objective 1= 214.04  Objective 2= 331.43
     Mean:     Objective 1=  27.40  Objective 2=  57.47

Gen  464/1000 [███████████████████████░░░░░░░░░░░░░░░░░░░░░░░░░░░]  46.4%
     Best:     Objective 1= 198.38  Objective 2= 394.72
     Mean:     Objective 1=  24.97  Objective 2=  68.97

Gen  465/1000 [███████████████████████░░░░░░░░░░░░░░░░░░░░░░░░░░░]  46.5%
     Best:     Objective 1= 202.89  Objective 2= 315.59
     Mean:     Objective 1=  23.68  Objective 2=  58.92

Generation 465:	[157.16023345 358.40460623]
Mean fitness:	42.76 +- 73.19
Mean fitness per obj: ['22.28 +-35.91', '63.25 +-92.66']
Gen  466/1000 [███████████████████████░░░░░░░░░░░░░░░░░░░░░░░░░░░]  46.6%
     Best:     Objective 1= 157.42  Objective 2= 418.08
     Mean:     Objective 1=  22.28  Objective 2=  63.25

Gen  467/1000 [███████████████████████░░░░░░░░░░░░░░░░░░░░░░░░░░░]  46.7%
     Best:     Objective 1= 241.69  Objective 2= 345.69
     Mean:     Objective 1=  28.52  Objective 2=  63.46

Gen  468/1000 [███████████████████████░░░░░░░░░░░░░░░░░░░░░░░░░░░]  46.8%
     Best:     Objective 1= 273.05  Objective 2= 344.21
     Mean:     Objective 1=  19.16  Objective 2=  61.07

Gen  469/1000 [███████████████████████░░░░░░░░░░░░░░░░░░░░░░░░░░░]  46.9%
     Best:     Objective 1= 161.26  Objective 2= 393.06
     Mean:     Objective 1=  23.43  Objective 2=  58.41

Gen  470/1000 [███████████████████████░░░░░░░░░░░░░░░░░░░░░░░░░░░]  47.0%
     Best:     Objective 1= 160.39  Objective 2= 396.11
     Mean:     Objective 1=  23.40  Objective 2=  68.72

Generation 470:	[157.16023345 358.40460623]
Mean fitness:	39.50 +- 76.65
Mean fitness per obj: ['22.74 +-38.40', '56.27 +-98.56']
Gen  471/1000 [███████████████████████░░░░░░░░░░░░░░░░░░░░░░░░░░░]  47.1%
     Best:     Objective 1= 173.99  Objective 2= 501.91
     Mean:     Objective 1=  22.74  Objective 2=  56.27

Gen  472/1000 [███████████████████████░░░░░░░░░░░░░░░░░░░░░░░░░░░]  47.2%
     Best:     Objective 1= 166.37  Objective 2= 418.63
     Mean:     Objective 1=  21.21  Objective 2=  56.32

Gen  473/1000 [███████████████████████░░░░░░░░░░░░░░░░░░░░░░░░░░░]  47.3%
     Best:     Objective 1= 194.56  Objective 2= 393.69
     Mean:     Objective 1=  23.44  Objective 2=  64.50

Gen  474/1000 [███████████████████████░░░░░░░░░░░░░░░░░░░░░░░░░░░]  47.4%
     Best:     Objective 1= 171.20  Objective 2= 391.46
     Mean:     Objective 1=  24.14  Objective 2=  57.29

Gen  475/1000 [███████████████████████░░░░░░░░░░░░░░░░░░░░░░░░░░░]  47.5%
     Best:     Objective 1= 169.95  Objective 2= 383.96
     Mean:     Objective 1=  24.87  Objective 2=  72.61

Generation 475:	[157.16023345 358.40460623]
Mean fitness:	46.03 +- 76.69
Mean fitness per obj: ['23.02 +-42.95', '69.05 +-94.12']
Gen  476/1000 [███████████████████████░░░░░░░░░░░░░░░░░░░░░░░░░░░]  47.6%
     Best:     Objective 1= 185.36  Objective 2= 393.25
     Mean:     Objective 1=  23.02  Objective 2=  69.05

Gen  477/1000 [███████████████████████░░░░░░░░░░░░░░░░░░░░░░░░░░░]  47.7%
     Best:     Objective 1= 181.84  Objective 2= 404.64
     Mean:     Objective 1=  24.73  Objective 2=  58.88

Gen  478/1000 [███████████████████████░░░░░░░░░░░░░░░░░░░░░░░░░░░]  47.8%
     Best:     Objective 1= 176.83  Objective 2= 295.17
     Mean:     Objective 1=  24.49  Objective 2=  55.89

Gen  479/1000 [███████████████████████░░░░░░░░░░░░░░░░░░░░░░░░░░░]  47.9%
     Best:     Objective 1= 169.20  Objective 2= 341.04
     Mean:     Objective 1=  22.50  Objective 2=  61.22

Gen  480/1000 [████████████████████████░░░░░░░░░░░░░░░░░░░░░░░░░░]  48.0%
     Best:     Objective 1= 173.61  Objective 2= 419.01
     Mean:     Objective 1=  21.95  Objective 2=  64.63

Generation 480:	[157.16023345 358.40460623]
Mean fitness:	40.10 +- 73.54
Mean fitness per obj: ['24.68 +-37.94', '55.51 +-94.36']
Gen  481/1000 [████████████████████████░░░░░░░░░░░░░░░░░░░░░░░░░░]  48.1%
     Best:     Objective 1= 177.11  Objective 2= 392.34
     Mean:     Objective 1=  24.68  Objective 2=  55.51

Gen  482/1000 [████████████████████████░░░░░░░░░░░░░░░░░░░░░░░░░░]  48.2%
     Best:     Objective 1= 181.61  Objective 2= 516.21
     Mean:     Objective 1=  21.21  Objective 2=  65.69

Gen  483/1000 [████████████████████████░░░░░░░░░░░░░░░░░░░░░░░░░░]  48.3%
     Best:     Objective 1= 224.58  Objective 2= 387.43
     Mean:     Objective 1=  27.09  Objective 2=  68.06

Gen  484/1000 [████████████████████████░░░░░░░░░░░░░░░░░░░░░░░░░░]  48.4%
     Best:     Objective 1= 251.04  Objective 2= 367.99
     Mean:     Objective 1=  23.44  Objective 2=  66.71

Gen  485/1000 [████████████████████████░░░░░░░░░░░░░░░░░░░░░░░░░░]  48.5%
     Best:     Objective 1= 187.12  Objective 2= 325.83
     Mean:     Objective 1=  22.86  Objective 2=  59.65

Generation 485:	[157.16023345 358.40460623]
Mean fitness:	43.08 +- 69.26
Mean fitness per obj: ['26.24 +-39.31', '59.92 +-86.49']
Gen  486/1000 [████████████████████████░░░░░░░░░░░░░░░░░░░░░░░░░░]  48.6%
     Best:     Objective 1= 178.41  Objective 2= 361.04
     Mean:     Objective 1=  26.24  Objective 2=  59.92

Gen  487/1000 [████████████████████████░░░░░░░░░░░░░░░░░░░░░░░░░░]  48.7%
     Best:     Objective 1= 198.42  Objective 2= 437.63
     Mean:     Objective 1=  26.78  Objective 2=  65.76

Gen  488/1000 [████████████████████████░░░░░░░░░░░░░░░░░░░░░░░░░░]  48.8%
     Best:     Objective 1= 169.20  Objective 2= 297.47
     Mean:     Objective 1=  25.84  Objective 2=  63.18

Gen  489/1000 [████████████████████████░░░░░░░░░░░░░░░░░░░░░░░░░░]  48.9%
     Best:     Objective 1= 212.11  Objective 2= 363.66
     Mean:     Objective 1=  23.37  Objective 2=  58.06

Gen  490/1000 [████████████████████████░░░░░░░░░░░░░░░░░░░░░░░░░░]  49.0%
     Best:     Objective 1= 193.64  Objective 2= 418.84
     Mean:     Objective 1=  27.68  Objective 2=  58.77

Generation 490:	[157.16023345 358.40460623]
Mean fitness:	40.49 +- 68.63
Mean fitness per obj: ['25.64 +-38.17', '55.35 +-86.72']
Gen  491/1000 [████████████████████████░░░░░░░░░░░░░░░░░░░░░░░░░░]  49.1%
     Best:     Objective 1= 181.16  Objective 2= 459.73
     Mean:     Objective 1=  25.64  Objective 2=  55.35

Gen  492/1000 [████████████████████████░░░░░░░░░░░░░░░░░░░░░░░░░░]  49.2%
     Best:     Objective 1= 130.61  Objective 2= 367.33
     Mean:     Objective 1=  24.59  Objective 2=  63.90

Gen  493/1000 [████████████████████████░░░░░░░░░░░░░░░░░░░░░░░░░░]  49.3%
     Best:     Objective 1= 200.50  Objective 2= 416.20
     Mean:     Objective 1=  27.19  Objective 2=  65.07

Gen  494/1000 [████████████████████████░░░░░░░░░░░░░░░░░░░░░░░░░░]  49.4%
     Best:     Objective 1= 160.08  Objective 2= 319.79
     Mean:     Objective 1=  21.63  Objective 2=  53.36

Gen  495/1000 [████████████████████████░░░░░░░░░░░░░░░░░░░░░░░░░░]  49.5%
     Best:     Objective 1= 167.96  Objective 2= 403.82
     Mean:     Objective 1=  24.01  Objective 2=  57.87

Generation 495:	[200.50376575 368.22026574]
Mean fitness:	43.54 +- 76.86
Mean fitness per obj: ['25.26 +-35.84', '61.83 +-99.31']
Gen  496/1000 [████████████████████████░░░░░░░░░░░░░░░░░░░░░░░░░░]  49.6%
     Best:     Objective 1= 227.65  Objective 2= 382.20
     Mean:     Objective 1=  25.26  Objective 2=  61.83

Gen  497/1000 [████████████████████████░░░░░░░░░░░░░░░░░░░░░░░░░░]  49.7%
     Best:     Objective 1= 158.39  Objective 2= 367.69
     Mean:     Objective 1=  23.02  Objective 2=  61.96

Gen  498/1000 [████████████████████████░░░░░░░░░░░░░░░░░░░░░░░░░░]  49.8%
     Best:     Objective 1= 186.93  Objective 2= 485.42
     Mean:     Objective 1=  20.60  Objective 2=  60.22

Gen  499/1000 [████████████████████████░░░░░░░░░░░░░░░░░░░░░░░░░░]  49.9%
     Best:     Objective 1= 172.20  Objective 2= 323.76
     Mean:     Objective 1=  30.13  Objective 2=  59.60

Gen  500/1000 [█████████████████████████░░░░░░░░░░░░░░░░░░░░░░░░░]  50.0%
     Best:     Objective 1= 192.27  Objective 2= 369.16
     Mean:     Objective 1=  22.07  Objective 2=  65.70

Generation 500:	[200.50376575 368.22026574]
Mean fitness:	43.67 +- 75.32
Mean fitness per obj: ['22.44 +-34.65', '64.90 +-96.15']
Gen  501/1000 [█████████████████████████░░░░░░░░░░░░░░░░░░░░░░░░░]  50.1%
     Best:     Objective 1= 195.77  Objective 2= 479.38
     Mean:     Objective 1=  22.44  Objective 2=  64.90

Gen  502/1000 [█████████████████████████░░░░░░░░░░░░░░░░░░░░░░░░░]  50.2%
     Best:     Objective 1= 172.53  Objective 2= 381.19
     Mean:     Objective 1=  23.49  Objective 2=  55.60

Gen  503/1000 [█████████████████████████░░░░░░░░░░░░░░░░░░░░░░░░░]  50.3%
     Best:     Objective 1= 174.35  Objective 2= 358.66
     Mean:     Objective 1=  26.07  Objective 2=  58.06

Gen  504/1000 [█████████████████████████░░░░░░░░░░░░░░░░░░░░░░░░░]  50.4%
     Best:     Objective 1= 161.21  Objective 2= 414.71
     Mean:     Objective 1=  23.69  Objective 2=  82.70

Gen  505/1000 [█████████████████████████░░░░░░░░░░░░░░░░░░░░░░░░░]  50.5%
     Best:     Objective 1= 171.39  Objective 2= 413.03
     Mean:     Objective 1=  20.91  Objective 2=  70.01

Generation 505:	[200.50376575 368.22026574]
Mean fitness:	42.40 +- 71.98
Mean fitness per obj: ['24.26 +-33.17', '60.55 +-92.75']
Gen  506/1000 [█████████████████████████░░░░░░░░░░░░░░░░░░░░░░░░░]  50.6%
     Best:     Objective 1= 153.98  Objective 2= 443.41
     Mean:     Objective 1=  24.26  Objective 2=  60.55

Gen  507/1000 [█████████████████████████░░░░░░░░░░░░░░░░░░░░░░░░░]  50.7%
     Best:     Objective 1= 178.27  Objective 2= 376.36
     Mean:     Objective 1=  28.56  Objective 2=  63.91

Gen  508/1000 [█████████████████████████░░░░░░░░░░░░░░░░░░░░░░░░░]  50.8%
     Best:     Objective 1= 208.66  Objective 2= 395.35
     Mean:     Objective 1=  23.11  Objective 2=  57.53

Gen  509/1000 [█████████████████████████░░░░░░░░░░░░░░░░░░░░░░░░░]  50.9%
     Best:     Objective 1= 169.01  Objective 2= 362.18
     Mean:     Objective 1=  27.66  Objective 2=  61.08

Gen  510/1000 [█████████████████████████░░░░░░░░░░░░░░░░░░░░░░░░░]  51.0%
     Best:     Objective 1= 208.13  Objective 2= 437.60
     Mean:     Objective 1=  25.27  Objective 2=  57.29

Generation 510:	[200.50376575 368.22026574]
Mean fitness:	44.07 +- 71.74
Mean fitness per obj: ['26.64 +-40.68', '61.50 +-89.62']
Gen  511/1000 [█████████████████████████░░░░░░░░░░░░░░░░░░░░░░░░░]  51.1%
     Best:     Objective 1= 209.72  Objective 2= 341.14
     Mean:     Objective 1=  26.64  Objective 2=  61.50

Gen  512/1000 [█████████████████████████░░░░░░░░░░░░░░░░░░░░░░░░░]  51.2%
     Best:     Objective 1= 152.53  Objective 2= 444.27
     Mean:     Objective 1=  26.96  Objective 2=  62.81

Gen  513/1000 [█████████████████████████░░░░░░░░░░░░░░░░░░░░░░░░░]  51.3%
     Best:     Objective 1= 329.14  Objective 2= 335.00
     Mean:     Objective 1=  29.41  Objective 2=  57.62

Gen  514/1000 [█████████████████████████░░░░░░░░░░░░░░░░░░░░░░░░░]  51.4%
     Best:     Objective 1= 209.71  Objective 2= 461.92
     Mean:     Objective 1=  24.94  Objective 2=  72.36

Gen  515/1000 [█████████████████████████░░░░░░░░░░░░░░░░░░░░░░░░░]  51.5%
     Best:     Objective 1= 205.30  Objective 2= 406.27
     Mean:     Objective 1=  25.76  Objective 2=  61.79

Generation 515:	[200.50376575 368.22026574]
Mean fitness:	40.58 +- 66.23
Mean fitness per obj: ['20.70 +-33.75', '60.46 +-82.73']
Gen  516/1000 [█████████████████████████░░░░░░░░░░░░░░░░░░░░░░░░░]  51.6%
     Best:     Objective 1= 125.80  Objective 2= 359.45
     Mean:     Objective 1=  20.70  Objective 2=  60.46

Gen  517/1000 [█████████████████████████░░░░░░░░░░░░░░░░░░░░░░░░░]  51.7%
     Best:     Objective 1= 152.58  Objective 2= 347.45
     Mean:     Objective 1=  24.95  Objective 2=  63.56

Gen  518/1000 [█████████████████████████░░░░░░░░░░░░░░░░░░░░░░░░░]  51.8%
     Best:     Objective 1= 156.55  Objective 2= 353.85
     Mean:     Objective 1=  25.85  Objective 2=  66.93

Gen  519/1000 [█████████████████████████░░░░░░░░░░░░░░░░░░░░░░░░░]  51.9%
     Best:     Objective 1= 292.98  Objective 2= 349.48
     Mean:     Objective 1=  28.49  Objective 2=  66.07

Gen  520/1000 [██████████████████████████░░░░░░░░░░░░░░░░░░░░░░░░]  52.0%
     Best:     Objective 1= 262.69  Objective 2= 444.00
     Mean:     Objective 1=  25.25  Objective 2=  69.03

Generation 520:	[200.50376575 368.22026574]
Mean fitness:	41.97 +- 74.66
Mean fitness per obj: ['24.17 +-34.00', '59.78 +-96.74']
Gen  521/1000 [██████████████████████████░░░░░░░░░░░░░░░░░░░░░░░░]  52.1%
     Best:     Objective 1= 118.81  Objective 2= 471.33
     Mean:     Objective 1=  24.17  Objective 2=  59.78

Gen  522/1000 [██████████████████████████░░░░░░░░░░░░░░░░░░░░░░░░]  52.2%
     Best:     Objective 1= 155.80  Objective 2= 366.26
     Mean:     Objective 1=  25.44  Objective 2=  65.89

Gen  523/1000 [██████████████████████████░░░░░░░░░░░░░░░░░░░░░░░░]  52.3%
     Best:     Objective 1= 184.20  Objective 2= 462.54
     Mean:     Objective 1=  24.10  Objective 2=  64.14

Gen  524/1000 [██████████████████████████░░░░░░░░░░░░░░░░░░░░░░░░]  52.4%
     Best:     Objective 1= 211.41  Objective 2= 396.50
     Mean:     Objective 1=  23.34  Objective 2=  59.67

Gen  525/1000 [██████████████████████████░░░░░░░░░░░░░░░░░░░░░░░░]  52.5%
     Best:     Objective 1= 235.28  Objective 2= 379.97
     Mean:     Objective 1=  29.19  Objective 2=  62.15

Generation 525:	[200.50376575 368.22026574]
Mean fitness:	42.44 +- 67.41
Mean fitness per obj: ['28.65 +-38.24', '56.23 +-85.12']
Gen  526/1000 [██████████████████████████░░░░░░░░░░░░░░░░░░░░░░░░]  52.6%
     Best:     Objective 1= 221.87  Objective 2= 305.51
     Mean:     Objective 1=  28.65  Objective 2=  56.23

Gen  527/1000 [██████████████████████████░░░░░░░░░░░░░░░░░░░░░░░░]  52.7%
     Best:     Objective 1= 171.84  Objective 2= 459.45
     Mean:     Objective 1=  24.62  Objective 2=  58.93

Gen  528/1000 [██████████████████████████░░░░░░░░░░░░░░░░░░░░░░░░]  52.8%
     Best:     Objective 1= 159.84  Objective 2= 365.65
     Mean:     Objective 1=  22.50  Objective 2=  58.36

Gen  529/1000 [██████████████████████████░░░░░░░░░░░░░░░░░░░░░░░░]  52.9%
     Best:     Objective 1= 168.10  Objective 2= 314.25
     Mean:     Objective 1=  26.70  Objective 2=  55.49

Gen  530/1000 [██████████████████████████░░░░░░░░░░░░░░░░░░░░░░░░]  53.0%
     Best:     Objective 1= 184.41  Objective 2= 506.54
     Mean:     Objective 1=  29.57  Objective 2=  69.18

Generation 530:	[200.50376575 368.22026574]
Mean fitness:	41.91 +- 73.17
Mean fitness per obj: ['24.77 +-38.38', '59.05 +-92.98']
Gen  531/1000 [██████████████████████████░░░░░░░░░░░░░░░░░░░░░░░░]  53.1%
     Best:     Objective 1= 183.08  Objective 2= 391.84
     Mean:     Objective 1=  24.77  Objective 2=  59.05

Gen  532/1000 [██████████████████████████░░░░░░░░░░░░░░░░░░░░░░░░]  53.2%
     Best:     Objective 1= 186.35  Objective 2= 380.33
     Mean:     Objective 1=  20.61  Objective 2=  67.77

Gen  533/1000 [██████████████████████████░░░░░░░░░░░░░░░░░░░░░░░░]  53.3%
     Best:     Objective 1= 216.46  Objective 2= 361.71
     Mean:     Objective 1=  25.88  Objective 2=  59.52

Gen  534/1000 [██████████████████████████░░░░░░░░░░░░░░░░░░░░░░░░]  53.4%
     Best:     Objective 1= 159.53  Objective 2= 319.10
     Mean:     Objective 1=  25.47  Objective 2=  54.67

Gen  535/1000 [██████████████████████████░░░░░░░░░░░░░░░░░░░░░░░░]  53.5%
     Best:     Objective 1= 151.37  Objective 2= 352.85
     Mean:     Objective 1=  25.56  Objective 2=  57.09

Generation 535:	[200.50376575 368.22026574]
Mean fitness:	43.63 +- 72.67
Mean fitness per obj: ['22.57 +-40.62', '64.69 +-89.59']
Gen  536/1000 [██████████████████████████░░░░░░░░░░░░░░░░░░░░░░░░]  53.6%
     Best:     Objective 1= 186.58  Objective 2= 457.00
     Mean:     Objective 1=  22.57  Objective 2=  64.69

Gen  537/1000 [██████████████████████████░░░░░░░░░░░░░░░░░░░░░░░░]  53.7%
     Best:     Objective 1= 200.84  Objective 2= 415.16
     Mean:     Objective 1=  28.66  Objective 2=  66.01

Gen  538/1000 [██████████████████████████░░░░░░░░░░░░░░░░░░░░░░░░]  53.8%
     Best:     Objective 1= 167.71  Objective 2= 358.62
     Mean:     Objective 1=  23.76  Objective 2=  63.36

Gen  539/1000 [██████████████████████████░░░░░░░░░░░░░░░░░░░░░░░░]  53.9%
     Best:     Objective 1= 166.26  Objective 2= 462.52
     Mean:     Objective 1=  24.56  Objective 2=  75.50

Gen  540/1000 [███████████████████████████░░░░░░░░░░░░░░░░░░░░░░░]  54.0%
     Best:     Objective 1= 199.19  Objective 2= 406.60
     Mean:     Objective 1=  26.97  Objective 2=  72.02

Generation 540:	[200.50376575 368.22026574]
Mean fitness:	45.94 +- 71.56
Mean fitness per obj: ['27.12 +-38.44', '64.76 +-89.75']
Gen  541/1000 [███████████████████████████░░░░░░░░░░░░░░░░░░░░░░░]  54.1%
     Best:     Objective 1= 228.20  Objective 2= 372.84
     Mean:     Objective 1=  27.12  Objective 2=  64.76

Gen  542/1000 [███████████████████████████░░░░░░░░░░░░░░░░░░░░░░░]  54.2%
     Best:     Objective 1= 188.26  Objective 2= 365.42
     Mean:     Objective 1=  26.10  Objective 2=  63.24

Gen  543/1000 [███████████████████████████░░░░░░░░░░░░░░░░░░░░░░░]  54.3%
     Best:     Objective 1= 197.57  Objective 2= 458.01
     Mean:     Objective 1=  21.59  Objective 2=  64.75

Gen  544/1000 [███████████████████████████░░░░░░░░░░░░░░░░░░░░░░░]  54.4%
     Best:     Objective 1= 190.55  Objective 2= 386.32
     Mean:     Objective 1=  27.50  Objective 2=  64.83

Gen  545/1000 [███████████████████████████░░░░░░░░░░░░░░░░░░░░░░░]  54.5%
     Best:     Objective 1= 214.47  Objective 2= 362.65
     Mean:     Objective 1=  27.78  Objective 2=  66.26

Generation 545:	[200.50376575 368.22026574]
Mean fitness:	46.59 +- 78.04
Mean fitness per obj: ['25.55 +-39.73', '67.63 +-98.57']
Gen  546/1000 [███████████████████████████░░░░░░░░░░░░░░░░░░░░░░░]  54.6%
     Best:     Objective 1= 192.65  Objective 2= 448.29
     Mean:     Objective 1=  25.55  Objective 2=  67.63

Gen  547/1000 [███████████████████████████░░░░░░░░░░░░░░░░░░░░░░░]  54.7%
     Best:     Objective 1= 184.59  Objective 2= 485.10
     Mean:     Objective 1=  24.83  Objective 2=  79.31

Gen  548/1000 [███████████████████████████░░░░░░░░░░░░░░░░░░░░░░░]  54.8%
     Best:     Objective 1= 189.60  Objective 2= 552.83
     Mean:     Objective 1=  24.49  Objective 2=  67.24

Gen  549/1000 [███████████████████████████░░░░░░░░░░░░░░░░░░░░░░░]  54.9%
     Best:     Objective 1= 219.85  Objective 2= 434.88
     Mean:     Objective 1=  32.32  Objective 2=  65.97

Gen  550/1000 [███████████████████████████░░░░░░░░░░░░░░░░░░░░░░░]  55.0%
     Best:     Objective 1= 150.08  Objective 2= 386.57
     Mean:     Objective 1=  24.96  Objective 2=  61.90

Generation 550:	[200.50376575 368.22026574]
Mean fitness:	47.23 +- 76.63
Mean fitness per obj: ['24.76 +-36.18', '69.69 +-97.08']
Gen  551/1000 [███████████████████████████░░░░░░░░░░░░░░░░░░░░░░░]  55.1%
     Best:     Objective 1= 237.15  Objective 2= 421.25
     Mean:     Objective 1=  24.76  Objective 2=  69.69

Gen  552/1000 [███████████████████████████░░░░░░░░░░░░░░░░░░░░░░░]  55.2%
     Best:     Objective 1= 169.85  Objective 2= 338.44
     Mean:     Objective 1=  28.28  Objective 2=  67.21

Gen  553/1000 [███████████████████████████░░░░░░░░░░░░░░░░░░░░░░░]  55.3%
     Best:     Objective 1= 183.84  Objective 2= 399.70
     Mean:     Objective 1=  25.08  Objective 2=  56.56

Gen  554/1000 [███████████████████████████░░░░░░░░░░░░░░░░░░░░░░░]  55.4%
     Best:     Objective 1= 145.74  Objective 2= 469.76
     Mean:     Objective 1=  25.97  Objective 2=  62.06

Gen  555/1000 [███████████████████████████░░░░░░░░░░░░░░░░░░░░░░░]  55.5%
     Best:     Objective 1= 192.24  Objective 2= 352.67
     Mean:     Objective 1=  25.07  Objective 2=  64.24

Generation 555:	[200.50376575 368.22026574]
Mean fitness:	45.53 +- 81.78
Mean fitness per obj: ['22.30 +-37.83', '68.77 +-104.24']
Gen  556/1000 [███████████████████████████░░░░░░░░░░░░░░░░░░░░░░░]  55.6%
     Best:     Objective 1= 263.92  Objective 2= 408.62
     Mean:     Objective 1=  22.30  Objective 2=  68.77

Gen  557/1000 [███████████████████████████░░░░░░░░░░░░░░░░░░░░░░░]  55.7%
     Best:     Objective 1= 169.77  Objective 2= 422.18
     Mean:     Objective 1=  25.60  Objective 2=  60.24

Gen  558/1000 [███████████████████████████░░░░░░░░░░░░░░░░░░░░░░░]  55.8%
     Best:     Objective 1= 319.59  Objective 2= 434.13
     Mean:     Objective 1=  25.27  Objective 2=  66.62

Gen  559/1000 [███████████████████████████░░░░░░░░░░░░░░░░░░░░░░░]  55.9%
     Best:     Objective 1= 191.13  Objective 2= 377.66
     Mean:     Objective 1=  27.73  Objective 2=  69.03

Gen  560/1000 [████████████████████████████░░░░░░░░░░░░░░░░░░░░░░]  56.0%
     Best:     Objective 1= 217.00  Objective 2= 392.44
     Mean:     Objective 1=  26.57  Objective 2=  65.12

Generation 560:	[200.50376575 368.22026574]
Mean fitness:	45.54 +- 70.42
Mean fitness per obj: ['32.00 +-44.54', '59.07 +-87.00']
Gen  561/1000 [████████████████████████████░░░░░░░░░░░░░░░░░░░░░░]  56.1%
     Best:     Objective 1= 218.71  Objective 2= 323.52
     Mean:     Objective 1=  32.00  Objective 2=  59.07

Gen  562/1000 [████████████████████████████░░░░░░░░░░░░░░░░░░░░░░]  56.2%
     Best:     Objective 1= 228.18  Objective 2= 398.78
     Mean:     Objective 1=  25.01  Objective 2=  62.93

Gen  563/1000 [████████████████████████████░░░░░░░░░░░░░░░░░░░░░░]  56.3%
     Best:     Objective 1= 190.68  Objective 2= 388.47
     Mean:     Objective 1=  30.92  Objective 2=  69.67

Gen  564/1000 [████████████████████████████░░░░░░░░░░░░░░░░░░░░░░]  56.4%
     Best:     Objective 1= 184.68  Objective 2= 604.97
     Mean:     Objective 1=  25.58  Objective 2=  75.04

Gen  565/1000 [████████████████████████████░░░░░░░░░░░░░░░░░░░░░░]  56.5%
     Best:     Objective 1= 261.07  Objective 2= 388.41
     Mean:     Objective 1=  27.26  Objective 2=  60.92

Generation 565:	[200.50376575 368.22026574]
Mean fitness:	50.32 +- 76.92
Mean fitness per obj: ['27.68 +-35.76', '72.95 +-97.62']
Gen  566/1000 [████████████████████████████░░░░░░░░░░░░░░░░░░░░░░]  56.6%
     Best:     Objective 1= 156.34  Objective 2= 403.19
     Mean:     Objective 1=  27.68  Objective 2=  72.95

Gen  567/1000 [████████████████████████████░░░░░░░░░░░░░░░░░░░░░░]  56.7%
     Best:     Objective 1= 222.47  Objective 2= 393.52
     Mean:     Objective 1=  25.33  Objective 2=  61.70

Gen  568/1000 [████████████████████████████░░░░░░░░░░░░░░░░░░░░░░]  56.8%
     Best:     Objective 1= 185.54  Objective 2= 405.01
     Mean:     Objective 1=  26.75  Objective 2=  69.66

Gen  569/1000 [████████████████████████████░░░░░░░░░░░░░░░░░░░░░░]  56.9%
     Best:     Objective 1= 207.30  Objective 2= 413.36
     Mean:     Objective 1=  28.25  Objective 2=  61.87

Gen  570/1000 [████████████████████████████░░░░░░░░░░░░░░░░░░░░░░]  57.0%
     Best:     Objective 1= 204.79  Objective 2= 437.06
     Mean:     Objective 1=  29.23  Objective 2=  72.85

Generation 570:	[200.50376575 368.22026574]
Mean fitness:	49.24 +- 75.73
Mean fitness per obj: ['25.76 +-37.63', '72.72 +-94.61']
Gen  571/1000 [████████████████████████████░░░░░░░░░░░░░░░░░░░░░░]  57.1%
     Best:     Objective 1= 180.66  Objective 2= 426.14
     Mean:     Objective 1=  25.76  Objective 2=  72.72

Gen  572/1000 [████████████████████████████░░░░░░░░░░░░░░░░░░░░░░]  57.2%
     Best:     Objective 1= 175.49  Objective 2= 470.90
     Mean:     Objective 1=  27.93  Objective 2=  68.49

Gen  573/1000 [████████████████████████████░░░░░░░░░░░░░░░░░░░░░░]  57.3%
     Best:     Objective 1= 158.08  Objective 2= 404.28
     Mean:     Objective 1=  22.47  Objective 2=  74.65

Gen  574/1000 [████████████████████████████░░░░░░░░░░░░░░░░░░░░░░]  57.4%
     Best:     Objective 1= 205.73  Objective 2= 400.95
     Mean:     Objective 1=  26.97  Objective 2=  72.75

Gen  575/1000 [████████████████████████████░░░░░░░░░░░░░░░░░░░░░░]  57.5%
     Best:     Objective 1= 181.17  Objective 2= 392.63
     Mean:     Objective 1=  30.77  Objective 2=  65.02

Generation 575:	[200.50376575 368.22026574]
Mean fitness:	50.74 +- 75.10
Mean fitness per obj: ['28.53 +-40.76', '72.94 +-92.92']
Gen  576/1000 [████████████████████████████░░░░░░░░░░░░░░░░░░░░░░]  57.6%
     Best:     Objective 1= 221.82  Objective 2= 406.48
     Mean:     Objective 1=  28.53  Objective 2=  72.94

Gen  577/1000 [████████████████████████████░░░░░░░░░░░░░░░░░░░░░░]  57.7%
     Best:     Objective 1= 191.35  Objective 2= 413.76
     Mean:     Objective 1=  25.41  Objective 2=  71.49

Gen  578/1000 [████████████████████████████░░░░░░░░░░░░░░░░░░░░░░]  57.8%
     Best:     Objective 1= 206.80  Objective 2= 382.86
     Mean:     Objective 1=  26.03  Objective 2=  62.03

Gen  579/1000 [████████████████████████████░░░░░░░░░░░░░░░░░░░░░░]  57.9%
     Best:     Objective 1= 195.19  Objective 2= 377.33
     Mean:     Objective 1=  26.29  Objective 2=  64.44

Gen  580/1000 [████████████████████████████░░░░░░░░░░░░░░░░░░░░░░]  58.0%
     Best:     Objective 1= 177.83  Objective 2= 349.35
     Mean:     Objective 1=  24.89  Objective 2=  66.75

Generation 580:	[200.50376575 368.22026574]
Mean fitness:	49.95 +- 73.27
Mean fitness per obj: ['25.55 +-39.02', '74.34 +-89.58']
Gen  581/1000 [█████████████████████████████░░░░░░░░░░░░░░░░░░░░░]  58.1%
     Best:     Objective 1= 194.28  Objective 2= 374.62
     Mean:     Objective 1=  25.55  Objective 2=  74.34

Gen  582/1000 [█████████████████████████████░░░░░░░░░░░░░░░░░░░░░]  58.2%
     Best:     Objective 1= 173.19  Objective 2= 369.37
     Mean:     Objective 1=  25.35  Objective 2=  72.35

Gen  583/1000 [█████████████████████████████░░░░░░░░░░░░░░░░░░░░░]  58.3%
     Best:     Objective 1= 213.59  Objective 2= 405.10
     Mean:     Objective 1=  27.81  Objective 2=  73.85

Gen  584/1000 [█████████████████████████████░░░░░░░░░░░░░░░░░░░░░]  58.4%
     Best:     Objective 1= 180.01  Objective 2= 446.40
     Mean:     Objective 1=  22.64  Objective 2=  62.46

Gen  585/1000 [█████████████████████████████░░░░░░░░░░░░░░░░░░░░░]  58.5%
     Best:     Objective 1= 218.05  Objective 2= 407.79
     Mean:     Objective 1=  27.10  Objective 2=  73.58

Generation 585:	[200.50376575 368.22026574]
Mean fitness:	49.61 +- 75.41
Mean fitness per obj: ['27.37 +-44.45', '71.86 +-91.70']
Gen  586/1000 [█████████████████████████████░░░░░░░░░░░░░░░░░░░░░]  58.6%
     Best:     Objective 1= 200.86  Objective 2= 369.92
     Mean:     Objective 1=  27.37  Objective 2=  71.86

Gen  587/1000 [█████████████████████████████░░░░░░░░░░░░░░░░░░░░░]  58.7%
     Best:     Objective 1= 205.26  Objective 2= 451.39
     Mean:     Objective 1=  24.68  Objective 2=  79.99

Gen  588/1000 [█████████████████████████████░░░░░░░░░░░░░░░░░░░░░]  58.8%
     Best:     Objective 1= 183.82  Objective 2= 396.38
     Mean:     Objective 1=  25.06  Objective 2=  65.48

Gen  589/1000 [█████████████████████████████░░░░░░░░░░░░░░░░░░░░░]  58.9%
     Best:     Objective 1= 184.72  Objective 2= 363.22
     Mean:     Objective 1=  31.25  Objective 2=  73.01

Gen  590/1000 [█████████████████████████████░░░░░░░░░░░░░░░░░░░░░]  59.0%
     Best:     Objective 1= 208.67  Objective 2= 373.91
     Mean:     Objective 1=  26.29  Objective 2=  71.58

Generation 590:	[200.50376575 368.22026574]
Mean fitness:	44.99 +- 70.17
Mean fitness per obj: ['28.13 +-41.27', '61.85 +-87.04']
Gen  591/1000 [█████████████████████████████░░░░░░░░░░░░░░░░░░░░░]  59.1%
     Best:     Objective 1= 182.80  Objective 2= 381.00
     Mean:     Objective 1=  28.13  Objective 2=  61.85

Gen  592/1000 [█████████████████████████████░░░░░░░░░░░░░░░░░░░░░]  59.2%
     Best:     Objective 1= 244.32  Objective 2= 419.95
     Mean:     Objective 1=  24.09  Objective 2=  68.51

Gen  593/1000 [█████████████████████████████░░░░░░░░░░░░░░░░░░░░░]  59.3%
     Best:     Objective 1= 188.94  Objective 2= 466.07
     Mean:     Objective 1=  27.04  Objective 2=  73.06

Gen  594/1000 [█████████████████████████████░░░░░░░░░░░░░░░░░░░░░]  59.4%
     Best:     Objective 1= 171.02  Objective 2= 394.65
     Mean:     Objective 1=  26.99  Objective 2=  66.28

Gen  595/1000 [█████████████████████████████░░░░░░░░░░░░░░░░░░░░░]  59.5%
     Best:     Objective 1= 163.34  Objective 2= 398.17
     Mean:     Objective 1=  23.22  Objective 2=  69.55

Generation 595:	[200.50376575 368.22026574]
Mean fitness:	46.98 +- 74.45
Mean fitness per obj: ['27.75 +-39.91', '66.22 +-93.56']
Gen  596/1000 [█████████████████████████████░░░░░░░░░░░░░░░░░░░░░]  59.6%
     Best:     Objective 1= 242.00  Objective 2= 547.53
     Mean:     Objective 1=  27.75  Objective 2=  66.22

Gen  597/1000 [█████████████████████████████░░░░░░░░░░░░░░░░░░░░░]  59.7%
     Best:     Objective 1= 183.35  Objective 2= 389.21
     Mean:     Objective 1=  22.80  Objective 2=  61.72

Gen  598/1000 [█████████████████████████████░░░░░░░░░░░░░░░░░░░░░]  59.8%
     Best:     Objective 1= 170.69  Objective 2= 376.49
     Mean:     Objective 1=  28.28  Objective 2=  76.58

Gen  599/1000 [█████████████████████████████░░░░░░░░░░░░░░░░░░░░░]  59.9%
     Best:     Objective 1= 150.89  Objective 2= 368.26
     Mean:     Objective 1=  27.15  Objective 2=  73.82

Gen  600/1000 [██████████████████████████████░░░░░░░░░░░░░░░░░░░░]  60.0%
     Best:     Objective 1= 341.55  Objective 2= 370.92
     Mean:     Objective 1=  30.89  Objective 2=  74.31

Generation 600:	[200.50376575 368.22026574]
Mean fitness:	47.82 +- 74.19
Mean fitness per obj: ['26.72 +-37.46', '68.92 +-93.36']
Gen  601/1000 [██████████████████████████████░░░░░░░░░░░░░░░░░░░░]  60.1%
     Best:     Objective 1= 203.81  Objective 2= 372.01
     Mean:     Objective 1=  26.72  Objective 2=  68.92

Gen  602/1000 [██████████████████████████████░░░░░░░░░░░░░░░░░░░░]  60.2%
     Best:     Objective 1= 136.69  Objective 2= 501.01
     Mean:     Objective 1=  27.42  Objective 2=  64.34

Gen  603/1000 [██████████████████████████████░░░░░░░░░░░░░░░░░░░░]  60.3%
     Best:     Objective 1= 220.82  Objective 2= 392.13
     Mean:     Objective 1=  29.07  Objective 2=  65.44

Gen  604/1000 [██████████████████████████████░░░░░░░░░░░░░░░░░░░░]  60.4%
     Best:     Objective 1= 247.71  Objective 2= 413.42
     Mean:     Objective 1=  27.04  Objective 2=  77.33

Gen  605/1000 [██████████████████████████████░░░░░░░░░░░░░░░░░░░░]  60.5%
     Best:     Objective 1= 161.46  Objective 2= 407.54
     Mean:     Objective 1=  27.45  Objective 2=  72.18

Generation 605:	[200.50376575 368.22026574]
Mean fitness:	46.18 +- 74.15
Mean fitness per obj: ['26.37 +-37.75', '65.99 +-93.74']
Gen  606/1000 [██████████████████████████████░░░░░░░░░░░░░░░░░░░░]  60.6%
     Best:     Objective 1= 168.64  Objective 2= 421.27
     Mean:     Objective 1=  26.37  Objective 2=  65.99

Gen  607/1000 [██████████████████████████████░░░░░░░░░░░░░░░░░░░░]  60.7%
     Best:     Objective 1= 205.51  Objective 2= 374.21
     Mean:     Objective 1=  26.00  Objective 2=  66.20

Gen  608/1000 [██████████████████████████████░░░░░░░░░░░░░░░░░░░░]  60.8%
     Best:     Objective 1= 150.05  Objective 2= 580.88
     Mean:     Objective 1=  25.42  Objective 2=  69.05

Gen  609/1000 [██████████████████████████████░░░░░░░░░░░░░░░░░░░░]  60.9%
     Best:     Objective 1= 180.51  Objective 2= 421.81
     Mean:     Objective 1=  24.40  Objective 2=  75.31

Gen  610/1000 [██████████████████████████████░░░░░░░░░░░░░░░░░░░░]  61.0%
     Best:     Objective 1= 154.51  Objective 2= 410.19
     Mean:     Objective 1=  25.74  Objective 2=  67.54

Generation 610:	[200.50376575 368.22026574]
Mean fitness:	47.08 +- 76.23
Mean fitness per obj: ['26.26 +-35.23', '67.90 +-97.55']
Gen  611/1000 [██████████████████████████████░░░░░░░░░░░░░░░░░░░░]  61.1%
     Best:     Objective 1= 179.66  Objective 2= 391.51
     Mean:     Objective 1=  26.26  Objective 2=  67.90

Gen  612/1000 [██████████████████████████████░░░░░░░░░░░░░░░░░░░░]  61.2%
     Best:     Objective 1= 160.13  Objective 2= 488.60
     Mean:     Objective 1=  23.91  Objective 2=  79.55

Gen  613/1000 [██████████████████████████████░░░░░░░░░░░░░░░░░░░░]  61.3%
     Best:     Objective 1= 256.92  Objective 2= 587.95
     Mean:     Objective 1=  26.09  Objective 2=  69.19

Gen  614/1000 [██████████████████████████████░░░░░░░░░░░░░░░░░░░░]  61.4%
     Best:     Objective 1= 180.69  Objective 2= 505.56
     Mean:     Objective 1=  27.80  Objective 2=  76.76

Gen  615/1000 [██████████████████████████████░░░░░░░░░░░░░░░░░░░░]  61.5%
     Best:     Objective 1= 172.53  Objective 2= 387.05
     Mean:     Objective 1=  28.73  Objective 2=  72.37

Generation 615:	[200.50376575 368.22026574]
Mean fitness:	49.94 +- 78.31
Mean fitness per obj: ['26.61 +-39.90', '73.26 +-97.90']
Gen  616/1000 [██████████████████████████████░░░░░░░░░░░░░░░░░░░░]  61.6%
     Best:     Objective 1= 213.86  Objective 2= 421.81
     Mean:     Objective 1=  26.61  Objective 2=  73.26

Gen  617/1000 [██████████████████████████████░░░░░░░░░░░░░░░░░░░░]  61.7%
     Best:     Objective 1= 237.44  Objective 2= 416.68
     Mean:     Objective 1=  28.86  Objective 2=  68.50

Gen  618/1000 [██████████████████████████████░░░░░░░░░░░░░░░░░░░░]  61.8%
     Best:     Objective 1= 219.49  Objective 2= 385.49
     Mean:     Objective 1=  27.98  Objective 2=  67.70

Gen  619/1000 [██████████████████████████████░░░░░░░░░░░░░░░░░░░░]  61.9%
     Best:     Objective 1= 239.13  Objective 2= 469.04
     Mean:     Objective 1=  32.48  Objective 2=  78.87

Gen  620/1000 [███████████████████████████████░░░░░░░░░░░░░░░░░░░]  62.0%
     Best:     Objective 1= 213.62  Objective 2= 367.95
     Mean:     Objective 1=  27.71  Objective 2=  65.22

Generation 620:	[237.43588956 373.88934259]
Mean fitness:	49.84 +- 78.66
Mean fitness per obj: ['19.38 +-36.99', '80.30 +-95.66']
Gen  621/1000 [███████████████████████████████░░░░░░░░░░░░░░░░░░░]  62.1%
     Best:     Objective 1= 170.91  Objective 2= 388.22
     Mean:     Objective 1=  19.38  Objective 2=  80.30

Gen  622/1000 [███████████████████████████████░░░░░░░░░░░░░░░░░░░]  62.2%
     Best:     Objective 1= 197.59  Objective 2= 328.23
     Mean:     Objective 1=  28.34  Objective 2=  61.83

Gen  623/1000 [███████████████████████████████░░░░░░░░░░░░░░░░░░░]  62.3%
     Best:     Objective 1= 223.84  Objective 2= 344.14
     Mean:     Objective 1=  29.53  Objective 2=  65.18

Gen  624/1000 [███████████████████████████████░░░░░░░░░░░░░░░░░░░]  62.4%
     Best:     Objective 1= 201.85  Objective 2= 420.38
     Mean:     Objective 1=  32.61  Objective 2=  65.82

Gen  625/1000 [███████████████████████████████░░░░░░░░░░░░░░░░░░░]  62.5%
     Best:     Objective 1= 165.89  Objective 2= 426.22
     Mean:     Objective 1=  25.30  Objective 2=  72.33

Generation 625:	[237.43588956 373.88934259]
Mean fitness:	51.05 +- 77.52
Mean fitness per obj: ['29.48 +-36.30', '72.62 +-98.84']
Gen  626/1000 [███████████████████████████████░░░░░░░░░░░░░░░░░░░]  62.6%
     Best:     Objective 1= 204.05  Objective 2= 461.37
     Mean:     Objective 1=  29.48  Objective 2=  72.62

Gen  627/1000 [███████████████████████████████░░░░░░░░░░░░░░░░░░░]  62.7%
     Best:     Objective 1= 202.15  Objective 2= 456.47
     Mean:     Objective 1=  29.61  Objective 2=  75.73

Gen  628/1000 [███████████████████████████████░░░░░░░░░░░░░░░░░░░]  62.8%
     Best:     Objective 1= 215.24  Objective 2= 403.01
     Mean:     Objective 1=  25.44  Objective 2=  78.72

Gen  629/1000 [███████████████████████████████░░░░░░░░░░░░░░░░░░░]  62.9%
     Best:     Objective 1= 210.66  Objective 2= 420.05
     Mean:     Objective 1=  33.29  Objective 2=  69.81

Gen  630/1000 [███████████████████████████████░░░░░░░░░░░░░░░░░░░]  63.0%
     Best:     Objective 1= 263.39  Objective 2= 410.93
     Mean:     Objective 1=  27.05  Objective 2=  69.96

Generation 630:	[237.43588956 373.88934259]
Mean fitness:	47.44 +- 75.94
Mean fitness per obj: ['26.64 +-39.21', '68.24 +-95.56']
Gen  631/1000 [███████████████████████████████░░░░░░░░░░░░░░░░░░░]  63.1%
     Best:     Objective 1= 193.30  Objective 2= 399.20
     Mean:     Objective 1=  26.64  Objective 2=  68.24

Gen  632/1000 [███████████████████████████████░░░░░░░░░░░░░░░░░░░]  63.2%
     Best:     Objective 1= 183.57  Objective 2= 453.31
     Mean:     Objective 1=  30.84  Objective 2=  71.68

Gen  633/1000 [███████████████████████████████░░░░░░░░░░░░░░░░░░░]  63.3%
     Best:     Objective 1= 240.78  Objective 2= 394.40
     Mean:     Objective 1=  24.81  Objective 2=  72.88

Gen  634/1000 [███████████████████████████████░░░░░░░░░░░░░░░░░░░]  63.4%
     Best:     Objective 1= 265.94  Objective 2= 369.03
     Mean:     Objective 1=  30.50  Objective 2=  60.37

Gen  635/1000 [███████████████████████████████░░░░░░░░░░░░░░░░░░░]  63.5%
     Best:     Objective 1= 152.43  Objective 2= 374.55
     Mean:     Objective 1=  27.95  Objective 2=  70.62

Generation 635:	[237.43588956 373.88934259]
Mean fitness:	47.64 +- 75.17
Mean fitness per obj: ['25.70 +-37.94', '69.57 +-94.33']
Gen  636/1000 [███████████████████████████████░░░░░░░░░░░░░░░░░░░]  63.6%
     Best:     Objective 1= 207.68  Objective 2= 368.92
     Mean:     Objective 1=  25.70  Objective 2=  69.57

Gen  637/1000 [███████████████████████████████░░░░░░░░░░░░░░░░░░░]  63.7%
     Best:     Objective 1= 196.83  Objective 2= 363.04
     Mean:     Objective 1=  25.88  Objective 2=  74.46

Gen  638/1000 [███████████████████████████████░░░░░░░░░░░░░░░░░░░]  63.8%
     Best:     Objective 1= 174.86  Objective 2= 359.00
     Mean:     Objective 1=  28.16  Objective 2=  67.17

Gen  639/1000 [███████████████████████████████░░░░░░░░░░░░░░░░░░░]  63.9%
     Best:     Objective 1= 186.32  Objective 2= 396.03
     Mean:     Objective 1=  28.35  Objective 2=  65.17

Gen  640/1000 [████████████████████████████████░░░░░░░░░░░░░░░░░░]  64.0%
     Best:     Objective 1= 214.01  Objective 2= 397.01
     Mean:     Objective 1=  28.77  Objective 2=  68.76

Generation 640:	[237.43588956 373.88934259]
Mean fitness:	51.75 +- 76.26
Mean fitness per obj: ['31.05 +-36.59', '72.44 +-97.14']
Gen  641/1000 [████████████████████████████████░░░░░░░░░░░░░░░░░░]  64.1%
     Best:     Objective 1= 198.19  Objective 2= 416.61
     Mean:     Objective 1=  31.05  Objective 2=  72.44

Gen  642/1000 [████████████████████████████████░░░░░░░░░░░░░░░░░░]  64.2%
     Best:     Objective 1= 186.51  Objective 2= 406.19
     Mean:     Objective 1=  29.89  Objective 2=  68.66

Gen  643/1000 [████████████████████████████████░░░░░░░░░░░░░░░░░░]  64.3%
     Best:     Objective 1= 155.14  Objective 2= 482.58
     Mean:     Objective 1=  30.51  Objective 2=  70.95

Gen  644/1000 [████████████████████████████████░░░░░░░░░░░░░░░░░░]  64.4%
     Best:     Objective 1= 239.91  Objective 2= 382.62
     Mean:     Objective 1=  29.24  Objective 2=  66.31

Gen  645/1000 [████████████████████████████████░░░░░░░░░░░░░░░░░░]  64.5%
     Best:     Objective 1= 206.03  Objective 2= 391.41
     Mean:     Objective 1=  28.01  Objective 2=  66.52

Generation 645:	[237.43588956 373.88934259]
Mean fitness:	52.70 +- 80.34
Mean fitness per obj: ['28.88 +-42.98', '76.52 +-99.64']
Gen  646/1000 [████████████████████████████████░░░░░░░░░░░░░░░░░░]  64.6%
     Best:     Objective 1= 234.63  Objective 2= 432.63
     Mean:     Objective 1=  28.88  Objective 2=  76.52

Gen  647/1000 [████████████████████████████████░░░░░░░░░░░░░░░░░░]  64.7%
     Best:     Objective 1= 176.44  Objective 2= 344.66
     Mean:     Objective 1=  25.09  Objective 2=  63.10

Gen  648/1000 [████████████████████████████████░░░░░░░░░░░░░░░░░░]  64.8%
     Best:     Objective 1= 210.06  Objective 2= 440.61
     Mean:     Objective 1=  30.32  Objective 2=  74.10

Gen  649/1000 [████████████████████████████████░░░░░░░░░░░░░░░░░░]  64.9%
     Best:     Objective 1= 211.58  Objective 2= 361.76
     Mean:     Objective 1=  27.37  Objective 2=  65.98

Gen  650/1000 [████████████████████████████████░░░░░░░░░░░░░░░░░░]  65.0%
     Best:     Objective 1= 192.32  Objective 2= 390.20
     Mean:     Objective 1=  27.68  Objective 2=  78.42

Generation 650:	[237.43588956 373.88934259]
Mean fitness:	47.37 +- 73.09
Mean fitness per obj: ['23.03 +-33.53', '71.72 +-91.51']
Gen  651/1000 [████████████████████████████████░░░░░░░░░░░░░░░░░░]  65.1%
     Best:     Objective 1= 149.20  Objective 2= 364.74
     Mean:     Objective 1=  23.03  Objective 2=  71.72

Gen  652/1000 [████████████████████████████████░░░░░░░░░░░░░░░░░░]  65.2%
     Best:     Objective 1= 155.29  Objective 2= 469.48
     Mean:     Objective 1=  29.30  Objective 2=  74.37

Gen  653/1000 [████████████████████████████████░░░░░░░░░░░░░░░░░░]  65.3%
     Best:     Objective 1= 181.11  Objective 2= 371.20
     Mean:     Objective 1=  25.36  Objective 2=  65.57

Gen  654/1000 [████████████████████████████████░░░░░░░░░░░░░░░░░░]  65.4%
     Best:     Objective 1= 274.45  Objective 2= 589.62
     Mean:     Objective 1=  28.52  Objective 2=  76.95

Gen  655/1000 [████████████████████████████████░░░░░░░░░░░░░░░░░░]  65.5%
     Best:     Objective 1= 170.53  Objective 2= 429.17
     Mean:     Objective 1=  26.71  Objective 2=  79.00

Generation 655:	[237.43588956 373.88934259]
Mean fitness:	47.95 +- 75.80
Mean fitness per obj: ['30.62 +-38.77', '65.28 +-96.90']
Gen  656/1000 [████████████████████████████████░░░░░░░░░░░░░░░░░░]  65.6%
     Best:     Objective 1= 257.29  Objective 2= 357.08
     Mean:     Objective 1=  30.62  Objective 2=  65.28

Gen  657/1000 [████████████████████████████████░░░░░░░░░░░░░░░░░░]  65.7%
     Best:     Objective 1= 241.51  Objective 2= 375.01
     Mean:     Objective 1=  29.64  Objective 2=  77.26

Gen  658/1000 [████████████████████████████████░░░░░░░░░░░░░░░░░░]  65.8%
     Best:     Objective 1= 195.37  Objective 2= 389.00
     Mean:     Objective 1=  29.34  Objective 2=  75.16

Gen  659/1000 [████████████████████████████████░░░░░░░░░░░░░░░░░░]  65.9%
     Best:     Objective 1= 240.84  Objective 2= 429.52
     Mean:     Objective 1=  30.73  Objective 2=  85.86

Gen  660/1000 [█████████████████████████████████░░░░░░░░░░░░░░░░░]  66.0%
     Best:     Objective 1= 183.62  Objective 2= 461.92
     Mean:     Objective 1=  23.46  Objective 2=  76.44

Generation 660:	[237.43588956 373.88934259]
Mean fitness:	48.51 +- 80.95
Mean fitness per obj: ['26.87 +-42.55', '70.15 +-101.78']
Gen  661/1000 [█████████████████████████████████░░░░░░░░░░░░░░░░░]  66.1%
     Best:     Objective 1= 185.55  Objective 2= 416.42
     Mean:     Objective 1=  26.87  Objective 2=  70.15

Gen  662/1000 [█████████████████████████████████░░░░░░░░░░░░░░░░░]  66.2%
     Best:     Objective 1= 151.50  Objective 2= 413.65
     Mean:     Objective 1=  27.17  Objective 2=  65.93

Gen  663/1000 [█████████████████████████████████░░░░░░░░░░░░░░░░░]  66.3%
     Best:     Objective 1= 206.43  Objective 2= 395.64
     Mean:     Objective 1=  27.73  Objective 2=  67.13

Gen  664/1000 [█████████████████████████████████░░░░░░░░░░░░░░░░░]  66.4%
     Best:     Objective 1= 179.53  Objective 2= 459.47
     Mean:     Objective 1=  26.83  Objective 2=  65.37

Gen  665/1000 [█████████████████████████████████░░░░░░░░░░░░░░░░░]  66.5%
     Best:     Objective 1= 192.17  Objective 2= 415.92
     Mean:     Objective 1=  27.93  Objective 2=  78.77

Generation 665:	[237.43588956 373.88934259]
Mean fitness:	51.03 +- 81.76
Mean fitness per obj: ['27.34 +-39.44', '74.72 +-103.40']
Gen  666/1000 [█████████████████████████████████░░░░░░░░░░░░░░░░░]  66.6%
     Best:     Objective 1= 226.80  Objective 2= 388.13
     Mean:     Objective 1=  27.34  Objective 2=  74.72

Gen  667/1000 [█████████████████████████████████░░░░░░░░░░░░░░░░░]  66.7%
     Best:     Objective 1= 230.94  Objective 2= 350.83
     Mean:     Objective 1=  27.20  Objective 2=  56.00

Gen  668/1000 [█████████████████████████████████░░░░░░░░░░░░░░░░░]  66.8%
     Best:     Objective 1= 236.78  Objective 2= 429.44
     Mean:     Objective 1=  26.56  Objective 2=  73.35

Gen  669/1000 [█████████████████████████████████░░░░░░░░░░░░░░░░░]  66.9%
     Best:     Objective 1= 209.21  Objective 2= 363.01
     Mean:     Objective 1=  30.01  Objective 2=  75.52

Gen  670/1000 [█████████████████████████████████░░░░░░░░░░░░░░░░░]  67.0%
     Best:     Objective 1= 182.79  Objective 2= 371.38
     Mean:     Objective 1=  30.53  Objective 2=  63.34

Generation 670:	[237.43588956 373.88934259]
Mean fitness:	49.31 +- 77.48
Mean fitness per obj: ['25.68 +-33.79', '72.94 +-98.73']
Gen  671/1000 [█████████████████████████████████░░░░░░░░░░░░░░░░░]  67.1%
     Best:     Objective 1= 154.40  Objective 2= 404.49
     Mean:     Objective 1=  25.68  Objective 2=  72.94

Gen  672/1000 [█████████████████████████████████░░░░░░░░░░░░░░░░░]  67.2%
     Best:     Objective 1= 173.52  Objective 2= 483.88
     Mean:     Objective 1=  23.58  Objective 2=  74.77

Gen  673/1000 [█████████████████████████████████░░░░░░░░░░░░░░░░░]  67.3%
     Best:     Objective 1= 201.03  Objective 2= 332.34
     Mean:     Objective 1=  24.48  Objective 2=  68.79

Gen  674/1000 [█████████████████████████████████░░░░░░░░░░░░░░░░░]  67.4%
     Best:     Objective 1= 171.22  Objective 2= 541.40
     Mean:     Objective 1=  28.49  Objective 2=  76.26

Gen  675/1000 [█████████████████████████████████░░░░░░░░░░░░░░░░░]  67.5%
     Best:     Objective 1= 160.35  Objective 2= 431.31
     Mean:     Objective 1=  27.89  Objective 2=  69.62

Generation 675:	[237.43588956 373.88934259]
Mean fitness:	44.06 +- 74.20
Mean fitness per obj: ['29.85 +-37.38', '58.26 +-95.96']
Gen  676/1000 [█████████████████████████████████░░░░░░░░░░░░░░░░░]  67.6%
     Best:     Objective 1= 205.13  Objective 2= 532.87
     Mean:     Objective 1=  29.85  Objective 2=  58.26

Gen  677/1000 [█████████████████████████████████░░░░░░░░░░░░░░░░░]  67.7%
     Best:     Objective 1= 178.99  Objective 2= 440.80
     Mean:     Objective 1=  31.31  Objective 2=  71.73

Gen  678/1000 [█████████████████████████████████░░░░░░░░░░░░░░░░░]  67.8%
     Best:     Objective 1= 191.16  Objective 2= 436.26
     Mean:     Objective 1=  28.32  Objective 2=  75.00

Gen  679/1000 [█████████████████████████████████░░░░░░░░░░░░░░░░░]  67.9%
     Best:     Objective 1= 214.36  Objective 2= 395.08
     Mean:     Objective 1=  27.13  Objective 2=  89.26

Gen  680/1000 [██████████████████████████████████░░░░░░░░░░░░░░░░]  68.0%
     Best:     Objective 1= 225.79  Objective 2= 459.54
     Mean:     Objective 1=  29.16  Objective 2=  72.59

Generation 680:	[237.43588956 373.88934259]
Mean fitness:	53.84 +- 81.88
Mean fitness per obj: ['32.45 +-38.64', '75.23 +-104.89']
Gen  681/1000 [██████████████████████████████████░░░░░░░░░░░░░░░░]  68.1%
     Best:     Objective 1= 245.50  Objective 2= 375.74
     Mean:     Objective 1=  32.45  Objective 2=  75.23

Gen  682/1000 [██████████████████████████████████░░░░░░░░░░░░░░░░]  68.2%
     Best:     Objective 1= 203.42  Objective 2= 427.67
     Mean:     Objective 1=  32.11  Objective 2=  73.08

Gen  683/1000 [██████████████████████████████████░░░░░░░░░░░░░░░░]  68.3%
     Best:     Objective 1= 245.03  Objective 2= 498.23
     Mean:     Objective 1=  30.82  Objective 2=  73.96

Gen  684/1000 [██████████████████████████████████░░░░░░░░░░░░░░░░]  68.4%
     Best:     Objective 1= 245.58  Objective 2= 431.40
     Mean:     Objective 1=  28.87  Objective 2=  72.91

Gen  685/1000 [██████████████████████████████████░░░░░░░░░░░░░░░░]  68.5%
     Best:     Objective 1= 209.44  Objective 2= 407.97
     Mean:     Objective 1=  32.19  Objective 2=  77.35

Generation 685:	[245.58229305 431.39693678]
Mean fitness:	51.00 +- 76.82
Mean fitness per obj: ['30.46 +-39.56', '71.55 +-96.91']
Gen  686/1000 [██████████████████████████████████░░░░░░░░░░░░░░░░]  68.6%
     Best:     Objective 1= 239.53  Objective 2= 418.78
     Mean:     Objective 1=  30.46  Objective 2=  71.55

Gen  687/1000 [██████████████████████████████████░░░░░░░░░░░░░░░░]  68.7%
     Best:     Objective 1= 183.46  Objective 2= 373.07
     Mean:     Objective 1=  27.85  Objective 2=  71.35

Gen  688/1000 [██████████████████████████████████░░░░░░░░░░░░░░░░]  68.8%
     Best:     Objective 1= 188.95  Objective 2= 365.61
     Mean:     Objective 1=  28.29  Objective 2=  79.78

Gen  689/1000 [██████████████████████████████████░░░░░░░░░░░░░░░░]  68.9%
     Best:     Objective 1= 237.27  Objective 2= 471.53
     Mean:     Objective 1=  28.24  Objective 2=  70.45

Gen  690/1000 [██████████████████████████████████░░░░░░░░░░░░░░░░]  69.0%
     Best:     Objective 1= 176.12  Objective 2= 406.76
     Mean:     Objective 1=  29.65  Objective 2=  63.76

Generation 690:	[245.58229305 431.39693678]
Mean fitness:	48.40 +- 74.80
Mean fitness per obj: ['26.99 +-40.49', '69.82 +-92.91']
Gen  691/1000 [██████████████████████████████████░░░░░░░░░░░░░░░░]  69.1%
     Best:     Objective 1= 239.81  Objective 2= 399.97
     Mean:     Objective 1=  26.99  Objective 2=  69.82

Gen  692/1000 [██████████████████████████████████░░░░░░░░░░░░░░░░]  69.2%
     Best:     Objective 1= 201.00  Objective 2= 464.42
     Mean:     Objective 1=  30.49  Objective 2=  80.12

Gen  693/1000 [██████████████████████████████████░░░░░░░░░░░░░░░░]  69.3%
     Best:     Objective 1= 165.96  Objective 2= 447.55
     Mean:     Objective 1=  33.11  Objective 2=  78.69

Gen  694/1000 [██████████████████████████████████░░░░░░░░░░░░░░░░]  69.4%
     Best:     Objective 1= 155.80  Objective 2= 418.29
     Mean:     Objective 1=  31.54  Objective 2=  73.00

Gen  695/1000 [██████████████████████████████████░░░░░░░░░░░░░░░░]  69.5%
     Best:     Objective 1= 261.95  Objective 2= 403.14
     Mean:     Objective 1=  35.02  Objective 2=  59.18

Generation 695:	[245.58229305 431.39693678]
Mean fitness:	51.46 +- 78.75
Mean fitness per obj: ['28.96 +-42.91', '73.96 +-97.72']
Gen  696/1000 [██████████████████████████████████░░░░░░░░░░░░░░░░]  69.6%
     Best:     Objective 1= 205.91  Objective 2= 407.28
     Mean:     Objective 1=  28.96  Objective 2=  73.96

Gen  697/1000 [██████████████████████████████████░░░░░░░░░░░░░░░░]  69.7%
     Best:     Objective 1= 268.80  Objective 2= 384.31
     Mean:     Objective 1=  29.80  Objective 2=  79.13

Gen  698/1000 [██████████████████████████████████░░░░░░░░░░░░░░░░]  69.8%
     Best:     Objective 1= 322.66  Objective 2= 377.64
     Mean:     Objective 1=  33.23  Objective 2=  69.55

Gen  699/1000 [██████████████████████████████████░░░░░░░░░░░░░░░░]  69.9%
     Best:     Objective 1= 199.79  Objective 2= 382.44
     Mean:     Objective 1=  29.78  Objective 2=  82.02

Gen  700/1000 [███████████████████████████████████░░░░░░░░░░░░░░░]  70.0%
     Best:     Objective 1= 333.19  Objective 2= 530.89
     Mean:     Objective 1=  30.62  Objective 2=  76.47

Generation 700:	[245.58229305 431.39693678]
Mean fitness:	46.62 +- 76.21
Mean fitness per obj: ['30.05 +-34.87', '63.19 +-99.25']
Gen  701/1000 [███████████████████████████████████░░░░░░░░░░░░░░░]  70.1%
     Best:     Objective 1= 201.51  Objective 2= 456.43
     Mean:     Objective 1=  30.05  Objective 2=  63.19

Gen  702/1000 [███████████████████████████████████░░░░░░░░░░░░░░░]  70.2%
     Best:     Objective 1= 301.86  Objective 2= 474.92
     Mean:     Objective 1=  30.31  Objective 2=  68.92

Gen  703/1000 [███████████████████████████████████░░░░░░░░░░░░░░░]  70.3%
     Best:     Objective 1= 155.46  Objective 2= 408.66
     Mean:     Objective 1=  29.75  Objective 2=  85.32

Gen  704/1000 [███████████████████████████████████░░░░░░░░░░░░░░░]  70.4%
     Best:     Objective 1= 179.38  Objective 2= 394.32
     Mean:     Objective 1=  30.82  Objective 2=  75.80

Gen  705/1000 [███████████████████████████████████░░░░░░░░░░░░░░░]  70.5%
     Best:     Objective 1= 205.30  Objective 2= 432.88
     Mean:     Objective 1=  31.76  Objective 2=  75.75

Generation 705:	[245.58229305 431.39693678]
Mean fitness:	57.15 +- 82.93
Mean fitness per obj: ['25.77 +-34.56', '88.52 +-102.91']
Gen  706/1000 [███████████████████████████████████░░░░░░░░░░░░░░░]  70.6%
     Best:     Objective 1= 209.89  Objective 2= 419.72
     Mean:     Objective 1=  25.77  Objective 2=  88.52

Gen  707/1000 [███████████████████████████████████░░░░░░░░░░░░░░░]  70.7%
     Best:     Objective 1= 267.97  Objective 2= 394.44
     Mean:     Objective 1=  32.71  Objective 2=  77.30

Gen  708/1000 [███████████████████████████████████░░░░░░░░░░░░░░░]  70.8%
     Best:     Objective 1= 276.62  Objective 2= 482.97
     Mean:     Objective 1=  29.93  Objective 2=  87.71

Gen  709/1000 [███████████████████████████████████░░░░░░░░░░░░░░░]  70.9%
     Best:     Objective 1= 204.16  Objective 2= 452.24
     Mean:     Objective 1=  30.05  Objective 2=  71.92

Gen  710/1000 [███████████████████████████████████░░░░░░░░░░░░░░░]  71.0%
     Best:     Objective 1= 173.68  Objective 2= 507.04
     Mean:     Objective 1=  29.76  Objective 2=  74.42

Generation 710:	[245.58229305 431.39693678]
Mean fitness:	51.01 +- 74.58
Mean fitness per obj: ['29.96 +-36.89', '72.07 +-94.22']
Gen  711/1000 [███████████████████████████████████░░░░░░░░░░░░░░░]  71.1%
     Best:     Objective 1= 163.43  Objective 2= 490.87
     Mean:     Objective 1=  29.96  Objective 2=  72.07

Gen  712/1000 [███████████████████████████████████░░░░░░░░░░░░░░░]  71.2%
     Best:     Objective 1= 229.32  Objective 2= 500.78
     Mean:     Objective 1=  31.40  Objective 2=  82.66

Gen  713/1000 [███████████████████████████████████░░░░░░░░░░░░░░░]  71.3%
     Best:     Objective 1= 180.88  Objective 2= 454.91
     Mean:     Objective 1=  30.17  Objective 2=  73.72

Gen  714/1000 [███████████████████████████████████░░░░░░░░░░░░░░░]  71.4%
     Best:     Objective 1= 173.33  Objective 2= 400.38
     Mean:     Objective 1=  30.69  Objective 2=  74.33

Gen  715/1000 [███████████████████████████████████░░░░░░░░░░░░░░░]  71.5%
     Best:     Objective 1= 203.18  Objective 2= 518.79
     Mean:     Objective 1=  34.32  Objective 2=  79.10

Generation 715:	[245.58229305 431.39693678]
Mean fitness:	51.84 +- 76.68
Mean fitness per obj: ['28.19 +-37.22', '75.49 +-96.20']
Gen  716/1000 [███████████████████████████████████░░░░░░░░░░░░░░░]  71.6%
     Best:     Objective 1= 235.81  Objective 2= 410.60
     Mean:     Objective 1=  28.19  Objective 2=  75.49

Gen  717/1000 [███████████████████████████████████░░░░░░░░░░░░░░░]  71.7%
     Best:     Objective 1= 209.66  Objective 2= 414.94
     Mean:     Objective 1=  28.44  Objective 2=  81.73

Gen  718/1000 [███████████████████████████████████░░░░░░░░░░░░░░░]  71.8%
     Best:     Objective 1= 335.34  Objective 2= 417.83
     Mean:     Objective 1=  33.79  Objective 2=  69.92

Gen  719/1000 [███████████████████████████████████░░░░░░░░░░░░░░░]  71.9%
     Best:     Objective 1= 248.66  Objective 2= 479.02
     Mean:     Objective 1=  29.08  Objective 2=  89.01

Gen  720/1000 [████████████████████████████████████░░░░░░░░░░░░░░]  72.0%
     Best:     Objective 1= 191.84  Objective 2= 422.41
     Mean:     Objective 1=  30.85  Objective 2=  84.79

Generation 720:	[245.58229305 431.39693678]
Mean fitness:	52.99 +- 81.74
Mean fitness per obj: ['29.11 +-36.26', '76.86 +-104.45']
Gen  721/1000 [████████████████████████████████████░░░░░░░░░░░░░░]  72.1%
     Best:     Objective 1= 207.45  Objective 2= 416.84
     Mean:     Objective 1=  29.11  Objective 2=  76.86

Gen  722/1000 [████████████████████████████████████░░░░░░░░░░░░░░]  72.2%
     Best:     Objective 1= 207.34  Objective 2= 398.08
     Mean:     Objective 1=  28.56  Objective 2=  86.45

Gen  723/1000 [████████████████████████████████████░░░░░░░░░░░░░░]  72.3%
     Best:     Objective 1= 151.73  Objective 2= 428.79
     Mean:     Objective 1=  25.84  Objective 2=  72.57

Gen  724/1000 [████████████████████████████████████░░░░░░░░░░░░░░]  72.4%
     Best:     Objective 1= 213.21  Objective 2= 413.71
     Mean:     Objective 1=  29.17  Objective 2=  66.55

Gen  725/1000 [████████████████████████████████████░░░░░░░░░░░░░░]  72.5%
     Best:     Objective 1= 192.02  Objective 2= 507.77
     Mean:     Objective 1=  29.50  Objective 2=  77.32

Generation 725:	[245.58229305 431.39693678]
Mean fitness:	55.25 +- 80.35
Mean fitness per obj: ['30.31 +-40.30', '80.19 +-100.22']
Gen  726/1000 [████████████████████████████████████░░░░░░░░░░░░░░]  72.6%
     Best:     Objective 1= 268.39  Objective 2= 462.92
     Mean:     Objective 1=  30.31  Objective 2=  80.19

Gen  727/1000 [████████████████████████████████████░░░░░░░░░░░░░░]  72.7%
     Best:     Objective 1= 161.74  Objective 2= 459.79
     Mean:     Objective 1=  27.57  Objective 2=  79.76

Gen  728/1000 [████████████████████████████████████░░░░░░░░░░░░░░]  72.8%
     Best:     Objective 1= 155.10  Objective 2= 511.76
     Mean:     Objective 1=  29.46  Objective 2=  75.81

Gen  729/1000 [████████████████████████████████████░░░░░░░░░░░░░░]  72.9%
     Best:     Objective 1= 224.60  Objective 2= 440.05
     Mean:     Objective 1=  29.84  Objective 2=  72.14

Gen  730/1000 [████████████████████████████████████░░░░░░░░░░░░░░]  73.0%
     Best:     Objective 1= 185.02  Objective 2= 446.77
     Mean:     Objective 1=  29.76  Objective 2=  84.57

Generation 730:	[245.58229305 431.39693678]
Mean fitness:	58.85 +- 84.12
Mean fitness per obj: ['27.49 +-40.34', '90.21 +-102.75']
Gen  731/1000 [████████████████████████████████████░░░░░░░░░░░░░░]  73.1%
     Best:     Objective 1= 221.00  Objective 2= 407.22
     Mean:     Objective 1=  27.49  Objective 2=  90.21

Gen  732/1000 [████████████████████████████████████░░░░░░░░░░░░░░]  73.2%
     Best:     Objective 1= 188.54  Objective 2= 371.77
     Mean:     Objective 1=  26.62  Objective 2=  75.31

Gen  733/1000 [████████████████████████████████████░░░░░░░░░░░░░░]  73.3%
     Best:     Objective 1= 162.49  Objective 2= 440.14
     Mean:     Objective 1=  32.18  Objective 2=  78.81

Gen  734/1000 [████████████████████████████████████░░░░░░░░░░░░░░]  73.4%
     Best:     Objective 1= 170.20  Objective 2= 448.40
     Mean:     Objective 1=  28.00  Objective 2=  77.14

Gen  735/1000 [████████████████████████████████████░░░░░░░░░░░░░░]  73.5%
     Best:     Objective 1= 185.35  Objective 2= 494.71
     Mean:     Objective 1=  30.57  Objective 2=  78.54

Generation 735:	[245.58229305 431.39693678]
Mean fitness:	54.01 +- 77.66
Mean fitness per obj: ['32.37 +-41.41', '75.64 +-97.00']
Gen  736/1000 [████████████████████████████████████░░░░░░░░░░░░░░]  73.6%
     Best:     Objective 1= 212.49  Objective 2= 421.21
     Mean:     Objective 1=  32.37  Objective 2=  75.64

Gen  737/1000 [████████████████████████████████████░░░░░░░░░░░░░░]  73.7%
     Best:     Objective 1= 178.59  Objective 2= 399.50
     Mean:     Objective 1=  32.30  Objective 2=  72.97

Gen  738/1000 [████████████████████████████████████░░░░░░░░░░░░░░]  73.8%
     Best:     Objective 1= 179.36  Objective 2= 472.16
     Mean:     Objective 1=  29.49  Objective 2=  82.10

Gen  739/1000 [████████████████████████████████████░░░░░░░░░░░░░░]  73.9%
     Best:     Objective 1= 165.31  Objective 2= 412.86
     Mean:     Objective 1=  27.12  Objective 2=  65.77

Gen  740/1000 [█████████████████████████████████████░░░░░░░░░░░░░]  74.0%
     Best:     Objective 1= 219.58  Objective 2= 436.70
     Mean:     Objective 1=  30.13  Objective 2=  78.07

Generation 740:	[245.58229305 431.39693678]
Mean fitness:	54.47 +- 77.74
Mean fitness per obj: ['30.97 +-36.39', '77.98 +-98.27']
Gen  741/1000 [█████████████████████████████████████░░░░░░░░░░░░░]  74.1%
     Best:     Objective 1= 152.78  Objective 2= 398.98
     Mean:     Objective 1=  30.97  Objective 2=  77.98

Gen  742/1000 [█████████████████████████████████████░░░░░░░░░░░░░]  74.2%
     Best:     Objective 1= 169.22  Objective 2= 420.84
     Mean:     Objective 1=  29.47  Objective 2=  65.38

Gen  743/1000 [█████████████████████████████████████░░░░░░░░░░░░░]  74.3%
     Best:     Objective 1= 221.07  Objective 2= 381.96
     Mean:     Objective 1=  29.22  Objective 2=  72.79

Gen  744/1000 [█████████████████████████████████████░░░░░░░░░░░░░]  74.4%
     Best:     Objective 1= 147.70  Objective 2= 442.20
     Mean:     Objective 1=  31.32  Objective 2=  88.68

Gen  745/1000 [█████████████████████████████████████░░░░░░░░░░░░░]  74.5%
     Best:     Objective 1= 226.75  Objective 2= 463.39
     Mean:     Objective 1=  31.96  Objective 2=  78.96

Generation 745:	[245.58229305 431.39693678]
Mean fitness:	50.48 +- 70.79
Mean fitness per obj: ['27.77 +-35.96', '73.19 +-87.73']
Gen  746/1000 [█████████████████████████████████████░░░░░░░░░░░░░]  74.6%
     Best:     Objective 1= 181.45  Objective 2= 323.54
     Mean:     Objective 1=  27.77  Objective 2=  73.19

Gen  747/1000 [█████████████████████████████████████░░░░░░░░░░░░░]  74.7%
     Best:     Objective 1= 182.78  Objective 2= 368.98
     Mean:     Objective 1=  26.73  Objective 2=  67.63

Gen  748/1000 [█████████████████████████████████████░░░░░░░░░░░░░]  74.8%
     Best:     Objective 1= 182.26  Objective 2= 420.30
     Mean:     Objective 1=  26.16  Objective 2=  70.71

Gen  749/1000 [█████████████████████████████████████░░░░░░░░░░░░░]  74.9%
     Best:     Objective 1= 207.90  Objective 2= 393.68
     Mean:     Objective 1=  29.57  Objective 2=  70.07

Gen  750/1000 [█████████████████████████████████████░░░░░░░░░░░░░]  75.0%
     Best:     Objective 1= 179.51  Objective 2= 372.90
     Mean:     Objective 1=  31.31  Objective 2=  72.06

Generation 750:	[245.58229305 431.39693678]
Mean fitness:	53.84 +- 73.47
Mean fitness per obj: ['32.14 +-38.12', '75.54 +-91.66']
Gen  751/1000 [█████████████████████████████████████░░░░░░░░░░░░░]  75.1%
     Best:     Objective 1= 205.10  Objective 2= 367.92
     Mean:     Objective 1=  32.14  Objective 2=  75.54

Gen  752/1000 [█████████████████████████████████████░░░░░░░░░░░░░]  75.2%
     Best:     Objective 1= 189.86  Objective 2= 469.34
     Mean:     Objective 1=  37.19  Objective 2=  84.17

Gen  753/1000 [█████████████████████████████████████░░░░░░░░░░░░░]  75.3%
     Best:     Objective 1= 169.95  Objective 2= 422.87
     Mean:     Objective 1=  30.54  Objective 2=  85.81

Gen  754/1000 [█████████████████████████████████████░░░░░░░░░░░░░]  75.4%
     Best:     Objective 1= 171.59  Objective 2= 454.80
     Mean:     Objective 1=  31.17  Objective 2=  84.73

Gen  755/1000 [█████████████████████████████████████░░░░░░░░░░░░░]  75.5%
     Best:     Objective 1= 228.46  Objective 2= 370.79
     Mean:     Objective 1=  32.01  Objective 2=  73.07

Generation 755:	[245.58229305 431.39693678]
Mean fitness:	54.74 +- 80.59
Mean fitness per obj: ['31.59 +-39.18', '77.89 +-101.89']
Gen  756/1000 [█████████████████████████████████████░░░░░░░░░░░░░]  75.6%
     Best:     Objective 1= 224.07  Objective 2= 390.36
     Mean:     Objective 1=  31.59  Objective 2=  77.89

Gen  757/1000 [█████████████████████████████████████░░░░░░░░░░░░░]  75.7%
     Best:     Objective 1= 197.00  Objective 2= 485.20
     Mean:     Objective 1=  28.38  Objective 2=  77.15

Gen  758/1000 [█████████████████████████████████████░░░░░░░░░░░░░]  75.8%
     Best:     Objective 1= 206.48  Objective 2= 423.07
     Mean:     Objective 1=  29.34  Objective 2=  82.27

Gen  759/1000 [█████████████████████████████████████░░░░░░░░░░░░░]  75.9%
     Best:     Objective 1= 182.28  Objective 2= 420.00
     Mean:     Objective 1=  31.72  Objective 2=  78.19

Gen  760/1000 [██████████████████████████████████████░░░░░░░░░░░░]  76.0%
     Best:     Objective 1= 155.43  Objective 2= 523.92
     Mean:     Objective 1=  30.01  Objective 2=  80.38

Generation 760:	[245.58229305 431.39693678]
Mean fitness:	49.65 +- 74.56
Mean fitness per obj: ['31.10 +-40.71', '68.20 +-93.66']
Gen  761/1000 [██████████████████████████████████████░░░░░░░░░░░░]  76.1%
     Best:     Objective 1= 191.92  Objective 2= 369.44
     Mean:     Objective 1=  31.10  Objective 2=  68.20

Gen  762/1000 [██████████████████████████████████████░░░░░░░░░░░░]  76.2%
     Best:     Objective 1= 163.28  Objective 2= 505.84
     Mean:     Objective 1=  32.05  Objective 2=  78.64

Gen  763/1000 [██████████████████████████████████████░░░░░░░░░░░░]  76.3%
     Best:     Objective 1= 219.85  Objective 2= 473.10
     Mean:     Objective 1=  28.02  Objective 2=  79.19

Gen  764/1000 [██████████████████████████████████████░░░░░░░░░░░░]  76.4%
     Best:     Objective 1= 255.85  Objective 2= 397.33
     Mean:     Objective 1=  33.50  Objective 2=  76.53

Gen  765/1000 [██████████████████████████████████████░░░░░░░░░░░░]  76.5%
     Best:     Objective 1= 194.45  Objective 2= 501.17
     Mean:     Objective 1=  25.68  Objective 2=  79.18

Generation 765:	[245.58229305 431.39693678]
Mean fitness:	57.16 +- 77.40
Mean fitness per obj: ['32.19 +-38.42', '82.12 +-96.23']
Gen  766/1000 [██████████████████████████████████████░░░░░░░░░░░░]  76.6%
     Best:     Objective 1= 211.88  Objective 2= 424.85
     Mean:     Objective 1=  32.19  Objective 2=  82.12

Gen  767/1000 [██████████████████████████████████████░░░░░░░░░░░░]  76.7%
     Best:     Objective 1= 188.53  Objective 2= 395.14
     Mean:     Objective 1=  31.74  Objective 2=  78.78

Gen  768/1000 [██████████████████████████████████████░░░░░░░░░░░░]  76.8%
     Best:     Objective 1= 186.91  Objective 2= 474.90
     Mean:     Objective 1=  30.86  Objective 2=  71.76

Gen  769/1000 [██████████████████████████████████████░░░░░░░░░░░░]  76.9%
     Best:     Objective 1= 231.88  Objective 2= 473.35
     Mean:     Objective 1=  30.31  Objective 2=  78.93

Gen  770/1000 [██████████████████████████████████████░░░░░░░░░░░░]  77.0%
     Best:     Objective 1= 200.14  Objective 2= 437.12
     Mean:     Objective 1=  31.65  Objective 2=  79.94

Generation 770:	[245.58229305 431.39693678]
Mean fitness:	50.51 +- 71.99
Mean fitness per obj: ['32.03 +-39.73', '68.99 +-90.01']
Gen  771/1000 [██████████████████████████████████████░░░░░░░░░░░░]  77.1%
     Best:     Objective 1= 250.91  Objective 2= 398.83
     Mean:     Objective 1=  32.03  Objective 2=  68.99

Gen  772/1000 [██████████████████████████████████████░░░░░░░░░░░░]  77.2%
     Best:     Objective 1= 232.99  Objective 2= 467.36
     Mean:     Objective 1=  32.11  Objective 2=  75.77

Gen  773/1000 [██████████████████████████████████████░░░░░░░░░░░░]  77.3%
     Best:     Objective 1= 260.46  Objective 2= 476.20
     Mean:     Objective 1=  29.20  Objective 2=  79.35

Gen  774/1000 [██████████████████████████████████████░░░░░░░░░░░░]  77.4%
     Best:     Objective 1= 182.10  Objective 2= 349.01
     Mean:     Objective 1=  32.50  Objective 2=  71.14

Gen  775/1000 [██████████████████████████████████████░░░░░░░░░░░░]  77.5%
     Best:     Objective 1= 206.96  Objective 2= 521.09
     Mean:     Objective 1=  27.59  Objective 2=  78.76

Generation 775:	[245.58229305 431.39693678]
Mean fitness:	57.13 +- 81.79
Mean fitness per obj: ['26.41 +-35.81', '87.85 +-101.04']
Gen  776/1000 [██████████████████████████████████████░░░░░░░░░░░░]  77.6%
     Best:     Objective 1= 194.11  Objective 2= 394.92
     Mean:     Objective 1=  26.41  Objective 2=  87.85

Gen  777/1000 [██████████████████████████████████████░░░░░░░░░░░░]  77.7%
     Best:     Objective 1= 203.52  Objective 2= 430.04
     Mean:     Objective 1=  31.97  Objective 2=  80.86

Gen  778/1000 [██████████████████████████████████████░░░░░░░░░░░░]  77.8%
     Best:     Objective 1= 232.52  Objective 2= 380.01
     Mean:     Objective 1=  32.57  Objective 2=  73.53

Gen  779/1000 [██████████████████████████████████████░░░░░░░░░░░░]  77.9%
     Best:     Objective 1= 227.11  Objective 2= 517.63
     Mean:     Objective 1=  29.57  Objective 2=  82.22

Gen  780/1000 [███████████████████████████████████████░░░░░░░░░░░]  78.0%
     Best:     Objective 1= 184.99  Objective 2= 525.43
     Mean:     Objective 1=  31.49  Objective 2=  85.74

Generation 780:	[245.58229305 431.39693678]
Mean fitness:	56.97 +- 77.85
Mean fitness per obj: ['34.10 +-39.55', '79.83 +-97.53']
Gen  781/1000 [███████████████████████████████████████░░░░░░░░░░░]  78.1%
     Best:     Objective 1= 204.99  Objective 2= 495.79
     Mean:     Objective 1=  34.10  Objective 2=  79.83

Gen  782/1000 [███████████████████████████████████████░░░░░░░░░░░]  78.2%
     Best:     Objective 1= 242.85  Objective 2= 475.56
     Mean:     Objective 1=  33.01  Objective 2=  79.33

Gen  783/1000 [███████████████████████████████████████░░░░░░░░░░░]  78.3%
     Best:     Objective 1= 174.68  Objective 2= 452.78
     Mean:     Objective 1=  29.14  Objective 2=  85.03

Gen  784/1000 [███████████████████████████████████████░░░░░░░░░░░]  78.4%
     Best:     Objective 1= 237.86  Objective 2= 426.11
     Mean:     Objective 1=  33.82  Objective 2=  81.72

Gen  785/1000 [███████████████████████████████████████░░░░░░░░░░░]  78.5%
     Best:     Objective 1= 271.11  Objective 2= 393.87
     Mean:     Objective 1=  31.02  Objective 2=  86.86

Generation 785:	[245.58229305 431.39693678]
Mean fitness:	54.29 +- 73.95
Mean fitness per obj: ['34.40 +-40.53', '74.19 +-92.21']
Gen  786/1000 [███████████████████████████████████████░░░░░░░░░░░]  78.6%
     Best:     Objective 1= 252.14  Objective 2= 394.58
     Mean:     Objective 1=  34.40  Objective 2=  74.19

Gen  787/1000 [███████████████████████████████████████░░░░░░░░░░░]  78.7%
     Best:     Objective 1= 269.43  Objective 2= 417.06
     Mean:     Objective 1=  35.02  Objective 2=  68.96

Gen  788/1000 [███████████████████████████████████████░░░░░░░░░░░]  78.8%
     Best:     Objective 1= 164.63  Objective 2= 475.27
     Mean:     Objective 1=  32.98  Objective 2=  80.36

Gen  789/1000 [███████████████████████████████████████░░░░░░░░░░░]  78.9%
     Best:     Objective 1= 176.84  Objective 2= 422.53
     Mean:     Objective 1=  36.05  Objective 2=  86.75

Gen  790/1000 [███████████████████████████████████████░░░░░░░░░░░]  79.0%
     Best:     Objective 1= 217.41  Objective 2= 410.44
     Mean:     Objective 1=  30.15  Objective 2=  83.12

Generation 790:	[245.58229305 431.39693678]
Mean fitness:	53.96 +- 82.57
Mean fitness per obj: ['28.65 +-35.68', '79.27 +-105.27']
Gen  791/1000 [███████████████████████████████████████░░░░░░░░░░░]  79.1%
     Best:     Objective 1= 183.29  Objective 2= 403.37
     Mean:     Objective 1=  28.65  Objective 2=  79.27

Gen  792/1000 [███████████████████████████████████████░░░░░░░░░░░]  79.2%
     Best:     Objective 1= 216.45  Objective 2= 396.12
     Mean:     Objective 1=  28.40  Objective 2=  77.75

Gen  793/1000 [███████████████████████████████████████░░░░░░░░░░░]  79.3%
     Best:     Objective 1= 191.53  Objective 2= 370.08
     Mean:     Objective 1=  30.24  Objective 2=  73.99

Gen  794/1000 [███████████████████████████████████████░░░░░░░░░░░]  79.4%
     Best:     Objective 1= 159.63  Objective 2= 425.54
     Mean:     Objective 1=  31.72  Objective 2=  80.81

Gen  795/1000 [███████████████████████████████████████░░░░░░░░░░░]  79.5%
     Best:     Objective 1= 194.72  Objective 2= 463.38
     Mean:     Objective 1=  30.74  Objective 2=  84.81

Generation 795:	[245.58229305 431.39693678]
Mean fitness:	55.87 +- 76.24
Mean fitness per obj: ['34.95 +-41.66', '76.79 +-94.95']
Gen  796/1000 [███████████████████████████████████████░░░░░░░░░░░]  79.6%
     Best:     Objective 1= 220.48  Objective 2= 408.54
     Mean:     Objective 1=  34.95  Objective 2=  76.79

Gen  797/1000 [███████████████████████████████████████░░░░░░░░░░░]  79.7%
     Best:     Objective 1= 180.22  Objective 2= 416.25
     Mean:     Objective 1=  31.65  Objective 2=  85.55

Gen  798/1000 [███████████████████████████████████████░░░░░░░░░░░]  79.8%
     Best:     Objective 1= 159.30  Objective 2= 422.52
     Mean:     Objective 1=  29.32  Objective 2=  71.94

Gen  799/1000 [███████████████████████████████████████░░░░░░░░░░░]  79.9%
     Best:     Objective 1= 164.12  Objective 2= 440.75
     Mean:     Objective 1=  28.86  Objective 2=  74.52

Gen  800/1000 [████████████████████████████████████████░░░░░░░░░░]  80.0%
     Best:     Objective 1= 207.48  Objective 2= 369.44
     Mean:     Objective 1=  30.17  Objective 2=  91.68

Generation 800:	[245.58229305 431.39693678]
Mean fitness:	52.41 +- 79.28
Mean fitness per obj: ['28.63 +-37.09', '76.19 +-100.31']
Gen  801/1000 [████████████████████████████████████████░░░░░░░░░░]  80.1%
     Best:     Objective 1= 160.37  Objective 2= 430.38
     Mean:     Objective 1=  28.63  Objective 2=  76.19

Gen  802/1000 [████████████████████████████████████████░░░░░░░░░░]  80.2%
     Best:     Objective 1= 196.94  Objective 2= 420.26
     Mean:     Objective 1=  32.44  Objective 2=  84.07

Gen  803/1000 [████████████████████████████████████████░░░░░░░░░░]  80.3%
     Best:     Objective 1= 280.40  Objective 2= 400.78
     Mean:     Objective 1=  30.85  Objective 2=  74.77

Gen  804/1000 [████████████████████████████████████████░░░░░░░░░░]  80.4%
     Best:     Objective 1= 205.95  Objective 2= 431.46
     Mean:     Objective 1=  31.95  Objective 2=  87.91

Gen  805/1000 [████████████████████████████████████████░░░░░░░░░░]  80.5%
     Best:     Objective 1= 213.14  Objective 2= 381.50
     Mean:     Objective 1=  31.29  Objective 2=  68.68

Generation 805:	[245.58229305 431.39693678]
Mean fitness:	55.16 +- 80.06
Mean fitness per obj: ['32.38 +-40.74', '77.94 +-100.60']
Gen  806/1000 [████████████████████████████████████████░░░░░░░░░░]  80.6%
     Best:     Objective 1= 217.43  Objective 2= 355.79
     Mean:     Objective 1=  32.38  Objective 2=  77.94

Gen  807/1000 [████████████████████████████████████████░░░░░░░░░░]  80.7%
     Best:     Objective 1= 202.78  Objective 2= 445.80
     Mean:     Objective 1=  30.93  Objective 2=  92.50

Gen  808/1000 [████████████████████████████████████████░░░░░░░░░░]  80.8%
     Best:     Objective 1= 194.87  Objective 2= 469.81
     Mean:     Objective 1=  32.65  Objective 2=  87.94

Gen  809/1000 [████████████████████████████████████████░░░░░░░░░░]  80.9%
     Best:     Objective 1= 185.87  Objective 2= 455.25
     Mean:     Objective 1=  33.09  Objective 2=  77.84

Gen  810/1000 [████████████████████████████████████████░░░░░░░░░░]  81.0%
     Best:     Objective 1= 175.69  Objective 2= 393.84
     Mean:     Objective 1=  31.31  Objective 2=  78.74

Generation 810:	[245.58229305 431.39693678]
Mean fitness:	54.13 +- 80.75
Mean fitness per obj: ['30.64 +-40.91', '77.62 +-101.31']
Gen  811/1000 [████████████████████████████████████████░░░░░░░░░░]  81.1%
     Best:     Objective 1= 212.25  Objective 2= 420.84
     Mean:     Objective 1=  30.64  Objective 2=  77.62

Gen  812/1000 [████████████████████████████████████████░░░░░░░░░░]  81.2%
     Best:     Objective 1= 192.30  Objective 2= 467.04
     Mean:     Objective 1=  33.68  Objective 2=  88.46

Gen  813/1000 [████████████████████████████████████████░░░░░░░░░░]  81.3%
     Best:     Objective 1= 218.01  Objective 2= 467.19
     Mean:     Objective 1=  31.09  Objective 2=  77.10

Gen  814/1000 [████████████████████████████████████████░░░░░░░░░░]  81.4%
     Best:     Objective 1= 234.13  Objective 2= 434.21
     Mean:     Objective 1=  32.33  Objective 2=  77.55

Gen  815/1000 [████████████████████████████████████████░░░░░░░░░░]  81.5%
     Best:     Objective 1= 207.23  Objective 2= 436.86
     Mean:     Objective 1=  32.60  Objective 2=  88.19

Generation 815:	[245.58229305 431.39693678]
Mean fitness:	56.16 +- 76.17
Mean fitness per obj: ['34.14 +-45.24', '78.19 +-92.67']
Gen  816/1000 [████████████████████████████████████████░░░░░░░░░░]  81.6%
     Best:     Objective 1= 337.65  Objective 2= 456.58
     Mean:     Objective 1=  34.14  Objective 2=  78.19

Gen  817/1000 [████████████████████████████████████████░░░░░░░░░░]  81.7%
     Best:     Objective 1= 257.21  Objective 2= 438.20
     Mean:     Objective 1=  32.37  Objective 2=  80.72

Gen  818/1000 [████████████████████████████████████████░░░░░░░░░░]  81.8%
     Best:     Objective 1= 183.39  Objective 2= 411.51
     Mean:     Objective 1=  29.45  Objective 2=  76.36

Gen  819/1000 [████████████████████████████████████████░░░░░░░░░░]  81.9%
     Best:     Objective 1= 222.59  Objective 2= 495.29
     Mean:     Objective 1=  31.06  Objective 2=  83.67

Gen  820/1000 [█████████████████████████████████████████░░░░░░░░░]  82.0%
     Best:     Objective 1= 219.79  Objective 2= 468.23
     Mean:     Objective 1=  30.30  Objective 2=  75.36

Generation 820:	[245.58229305 431.39693678]
Mean fitness:	56.91 +- 83.42
Mean fitness per obj: ['31.28 +-40.85', '82.54 +-104.57']
Gen  821/1000 [█████████████████████████████████████████░░░░░░░░░]  82.1%
     Best:     Objective 1= 254.57  Objective 2= 422.08
     Mean:     Objective 1=  31.28  Objective 2=  82.54

Gen  822/1000 [█████████████████████████████████████████░░░░░░░░░]  82.2%
     Best:     Objective 1= 354.31  Objective 2= 445.06
     Mean:     Objective 1=  32.83  Objective 2=  82.30

Gen  823/1000 [█████████████████████████████████████████░░░░░░░░░]  82.3%
     Best:     Objective 1= 341.78  Objective 2= 439.18
     Mean:     Objective 1=  33.30  Objective 2=  78.28

Gen  824/1000 [█████████████████████████████████████████░░░░░░░░░]  82.4%
     Best:     Objective 1= 241.54  Objective 2= 530.58
     Mean:     Objective 1=  33.13  Objective 2=  83.05

Gen  825/1000 [█████████████████████████████████████████░░░░░░░░░]  82.5%
     Best:     Objective 1= 191.57  Objective 2= 406.60
     Mean:     Objective 1=  28.76  Objective 2=  73.00

Generation 825:	[245.58229305 431.39693678]
Mean fitness:	61.87 +- 82.88
Mean fitness per obj: ['33.33 +-40.49', '90.40 +-102.32']
Gen  826/1000 [█████████████████████████████████████████░░░░░░░░░]  82.6%
     Best:     Objective 1= 202.76  Objective 2= 472.73
     Mean:     Objective 1=  33.33  Objective 2=  90.40

Gen  827/1000 [█████████████████████████████████████████░░░░░░░░░]  82.7%
     Best:     Objective 1= 169.64  Objective 2= 454.21
     Mean:     Objective 1=  29.19  Objective 2=  84.98

Gen  828/1000 [█████████████████████████████████████████░░░░░░░░░]  82.8%
     Best:     Objective 1= 191.86  Objective 2= 478.56
     Mean:     Objective 1=  31.34  Objective 2=  83.82

Gen  829/1000 [█████████████████████████████████████████░░░░░░░░░]  82.9%
     Best:     Objective 1= 192.75  Objective 2= 449.53
     Mean:     Objective 1=  32.08  Objective 2=  83.22

Gen  830/1000 [█████████████████████████████████████████░░░░░░░░░]  83.0%
     Best:     Objective 1= 272.49  Objective 2= 459.70
     Mean:     Objective 1=  30.99  Objective 2=  80.77

Generation 830:	[245.58229305 431.39693678]
Mean fitness:	54.27 +- 79.48
Mean fitness per obj: ['29.59 +-37.17', '78.95 +-100.16']
Gen  831/1000 [█████████████████████████████████████████░░░░░░░░░]  83.1%
     Best:     Objective 1= 171.89  Objective 2= 444.54
     Mean:     Objective 1=  29.59  Objective 2=  78.95

Gen  832/1000 [█████████████████████████████████████████░░░░░░░░░]  83.2%
     Best:     Objective 1= 258.04  Objective 2= 406.22
     Mean:     Objective 1=  35.33  Objective 2=  86.58

Gen  833/1000 [█████████████████████████████████████████░░░░░░░░░]  83.3%
     Best:     Objective 1= 229.58  Objective 2= 481.82
     Mean:     Objective 1=  30.53  Objective 2=  91.72

Gen  834/1000 [█████████████████████████████████████████░░░░░░░░░]  83.4%
     Best:     Objective 1= 176.69  Objective 2= 381.94
     Mean:     Objective 1=  34.84  Objective 2=  79.63

Gen  835/1000 [█████████████████████████████████████████░░░░░░░░░]  83.5%
     Best:     Objective 1= 229.16  Objective 2= 488.94
     Mean:     Objective 1=  34.86  Objective 2=  85.46

Generation 835:	[245.58229305 431.39693678]
Mean fitness:	55.48 +- 74.96
Mean fitness per obj: ['33.30 +-41.41', '77.66 +-92.40']
Gen  836/1000 [█████████████████████████████████████████░░░░░░░░░]  83.6%
     Best:     Objective 1= 230.41  Objective 2= 399.50
     Mean:     Objective 1=  33.30  Objective 2=  77.66

Gen  837/1000 [█████████████████████████████████████████░░░░░░░░░]  83.7%
     Best:     Objective 1= 234.40  Objective 2= 461.24
     Mean:     Objective 1=  29.61  Objective 2=  88.27

Gen  838/1000 [█████████████████████████████████████████░░░░░░░░░]  83.8%
     Best:     Objective 1= 225.26  Objective 2= 463.38
     Mean:     Objective 1=  36.42  Objective 2=  78.85

Gen  839/1000 [█████████████████████████████████████████░░░░░░░░░]  83.9%
     Best:     Objective 1= 180.34  Objective 2= 475.10
     Mean:     Objective 1=  31.91  Objective 2=  91.90

Gen  840/1000 [██████████████████████████████████████████░░░░░░░░]  84.0%
     Best:     Objective 1= 191.41  Objective 2= 474.06
     Mean:     Objective 1=  34.00  Objective 2=  82.37

Generation 840:	[245.58229305 431.39693678]
Mean fitness:	54.90 +- 78.92
Mean fitness per obj: ['32.42 +-37.50', '77.37 +-100.20']
Gen  841/1000 [██████████████████████████████████████████░░░░░░░░]  84.1%
     Best:     Objective 1= 219.73  Objective 2= 401.81
     Mean:     Objective 1=  32.42  Objective 2=  77.37

Gen  842/1000 [██████████████████████████████████████████░░░░░░░░]  84.2%
     Best:     Objective 1= 301.89  Objective 2= 488.02
     Mean:     Objective 1=  35.55  Objective 2=  81.28

Gen  843/1000 [██████████████████████████████████████████░░░░░░░░]  84.3%
     Best:     Objective 1= 175.69  Objective 2= 487.34
     Mean:     Objective 1=  32.47  Objective 2=  88.33

Gen  844/1000 [██████████████████████████████████████████░░░░░░░░]  84.4%
     Best:     Objective 1= 341.56  Objective 2= 451.24
     Mean:     Objective 1=  27.80  Objective 2=  75.72

Gen  845/1000 [██████████████████████████████████████████░░░░░░░░]  84.5%
     Best:     Objective 1= 208.67  Objective 2= 452.36
     Mean:     Objective 1=  32.44  Objective 2=  81.31

Generation 845:	[245.58229305 431.39693678]
Mean fitness:	59.30 +- 80.35
Mean fitness per obj: ['31.86 +-37.89', '86.73 +-99.85']
Gen  846/1000 [██████████████████████████████████████████░░░░░░░░]  84.6%
     Best:     Objective 1= 222.70  Objective 2= 438.04
     Mean:     Objective 1=  31.86  Objective 2=  86.73

Gen  847/1000 [██████████████████████████████████████████░░░░░░░░]  84.7%
     Best:     Objective 1= 279.89  Objective 2= 484.72
     Mean:     Objective 1=  36.04  Objective 2=  80.07

Gen  848/1000 [██████████████████████████████████████████░░░░░░░░]  84.8%
     Best:     Objective 1= 215.15  Objective 2= 419.29
     Mean:     Objective 1=  31.46  Objective 2=  77.76

Gen  849/1000 [██████████████████████████████████████████░░░░░░░░]  84.9%
     Best:     Objective 1= 185.02  Objective 2= 423.15
     Mean:     Objective 1=  32.78  Objective 2=  82.52

Gen  850/1000 [██████████████████████████████████████████░░░░░░░░]  85.0%
     Best:     Objective 1= 208.83  Objective 2= 410.21
     Mean:     Objective 1=  32.24  Objective 2=  79.55

Generation 850:	[245.58229305 431.39693678]
Mean fitness:	63.06 +- 80.57
Mean fitness per obj: ['33.90 +-39.56', '92.22 +-98.58']
Gen  851/1000 [██████████████████████████████████████████░░░░░░░░]  85.1%
     Best:     Objective 1= 187.37  Objective 2= 441.56
     Mean:     Objective 1=  33.90  Objective 2=  92.22

Gen  852/1000 [██████████████████████████████████████████░░░░░░░░]  85.2%
     Best:     Objective 1= 218.60  Objective 2= 470.48
     Mean:     Objective 1=  31.18  Objective 2=  95.27

Gen  853/1000 [██████████████████████████████████████████░░░░░░░░]  85.3%
     Best:     Objective 1= 231.54  Objective 2= 450.28
     Mean:     Objective 1=  29.87  Objective 2=  86.51

Gen  854/1000 [██████████████████████████████████████████░░░░░░░░]  85.4%
     Best:     Objective 1= 190.60  Objective 2= 454.91
     Mean:     Objective 1=  33.22  Objective 2=  78.36

Gen  855/1000 [██████████████████████████████████████████░░░░░░░░]  85.5%
     Best:     Objective 1= 233.59  Objective 2= 383.99
     Mean:     Objective 1=  29.09  Objective 2=  84.64

Generation 855:	[245.58229305 431.39693678]
Mean fitness:	60.98 +- 87.12
Mean fitness per obj: ['32.53 +-36.96', '89.44 +-110.43']
Gen  856/1000 [██████████████████████████████████████████░░░░░░░░]  85.6%
     Best:     Objective 1= 222.02  Objective 2= 460.24
     Mean:     Objective 1=  32.53  Objective 2=  89.44

Gen  857/1000 [██████████████████████████████████████████░░░░░░░░]  85.7%
     Best:     Objective 1= 322.60  Objective 2= 547.65
     Mean:     Objective 1=  33.95  Objective 2=  82.43

Gen  858/1000 [██████████████████████████████████████████░░░░░░░░]  85.8%
     Best:     Objective 1= 194.09  Objective 2= 362.84
     Mean:     Objective 1=  32.02  Objective 2=  76.10

Gen  859/1000 [██████████████████████████████████████████░░░░░░░░]  85.9%
     Best:     Objective 1= 235.01  Objective 2= 433.50
     Mean:     Objective 1=  35.88  Objective 2=  85.54

Gen  860/1000 [███████████████████████████████████████████░░░░░░░]  86.0%
     Best:     Objective 1= 248.11  Objective 2= 457.99
     Mean:     Objective 1=  34.42  Objective 2=  83.76

Generation 860:	[245.58229305 431.39693678]
Mean fitness:	60.77 +- 83.77
Mean fitness per obj: ['34.03 +-43.43', '87.52 +-103.53']
Gen  861/1000 [███████████████████████████████████████████░░░░░░░]  86.1%
     Best:     Objective 1= 200.31  Objective 2= 487.56
     Mean:     Objective 1=  34.03  Objective 2=  87.52

Gen  862/1000 [███████████████████████████████████████████░░░░░░░]  86.2%
     Best:     Objective 1= 218.55  Objective 2= 461.65
     Mean:     Objective 1=  37.26  Objective 2=  85.64

Gen  863/1000 [███████████████████████████████████████████░░░░░░░]  86.3%
     Best:     Objective 1= 231.82  Objective 2= 385.76
     Mean:     Objective 1=  28.68  Objective 2=  77.21

Gen  864/1000 [███████████████████████████████████████████░░░░░░░]  86.4%
     Best:     Objective 1= 218.36  Objective 2= 472.61
     Mean:     Objective 1=  33.65  Objective 2=  87.41

Gen  865/1000 [███████████████████████████████████████████░░░░░░░]  86.5%
     Best:     Objective 1= 149.37  Objective 2= 500.68
     Mean:     Objective 1=  33.21  Objective 2=  92.13

Generation 865:	[245.58229305 431.39693678]
Mean fitness:	55.99 +- 74.11
Mean fitness per obj: ['34.08 +-38.21', '77.89 +-92.54']
Gen  866/1000 [███████████████████████████████████████████░░░░░░░]  86.6%
     Best:     Objective 1= 234.88  Objective 2= 515.35
     Mean:     Objective 1=  34.08  Objective 2=  77.89

Gen  867/1000 [███████████████████████████████████████████░░░░░░░]  86.7%
     Best:     Objective 1= 247.41  Objective 2= 435.74
     Mean:     Objective 1=  29.09  Objective 2=  86.75

Gen  868/1000 [███████████████████████████████████████████░░░░░░░]  86.8%
     Best:     Objective 1= 201.34  Objective 2= 470.62
     Mean:     Objective 1=  31.13  Objective 2=  83.93

Gen  869/1000 [███████████████████████████████████████████░░░░░░░]  86.9%
     Best:     Objective 1= 186.93  Objective 2= 430.43
     Mean:     Objective 1=  33.21  Objective 2=  83.16

Gen  870/1000 [███████████████████████████████████████████░░░░░░░]  87.0%
     Best:     Objective 1= 219.16  Objective 2= 446.69
     Mean:     Objective 1=  30.09  Objective 2=  84.18

Generation 870:	[245.58229305 431.39693678]
Mean fitness:	60.95 +- 81.64
Mean fitness per obj: ['32.43 +-37.25', '89.47 +-101.57']
Gen  871/1000 [███████████████████████████████████████████░░░░░░░]  87.1%
     Best:     Objective 1= 192.13  Objective 2= 405.41
     Mean:     Objective 1=  32.43  Objective 2=  89.47

Gen  872/1000 [███████████████████████████████████████████░░░░░░░]  87.2%
     Best:     Objective 1= 212.39  Objective 2= 397.93
     Mean:     Objective 1=  31.12  Objective 2=  86.89

Gen  873/1000 [███████████████████████████████████████████░░░░░░░]  87.3%
     Best:     Objective 1= 199.22  Objective 2= 442.82
     Mean:     Objective 1=  38.64  Objective 2=  87.06

Gen  874/1000 [███████████████████████████████████████████░░░░░░░]  87.4%
     Best:     Objective 1= 242.68  Objective 2= 433.39
     Mean:     Objective 1=  29.41  Objective 2=  85.45

Gen  875/1000 [███████████████████████████████████████████░░░░░░░]  87.5%
     Best:     Objective 1= 208.24  Objective 2= 460.19
     Mean:     Objective 1=  33.05  Objective 2=  88.64

Generation 875:	[245.58229305 431.39693678]
Mean fitness:	65.15 +- 88.28
Mean fitness per obj: ['33.56 +-41.25', '96.74 +-109.05']
Gen  876/1000 [███████████████████████████████████████████░░░░░░░]  87.6%
     Best:     Objective 1= 240.97  Objective 2= 441.44
     Mean:     Objective 1=  33.56  Objective 2=  96.74

Gen  877/1000 [███████████████████████████████████████████░░░░░░░]  87.7%
     Best:     Objective 1= 281.60  Objective 2= 422.21
     Mean:     Objective 1=  34.05  Objective 2=  71.42

Gen  878/1000 [███████████████████████████████████████████░░░░░░░]  87.8%
     Best:     Objective 1= 225.86  Objective 2= 412.98
     Mean:     Objective 1=  30.81  Objective 2=  89.06

Gen  879/1000 [███████████████████████████████████████████░░░░░░░]  87.9%
     Best:     Objective 1= 291.62  Objective 2= 413.25
     Mean:     Objective 1=  32.24  Objective 2=  79.10

Gen  880/1000 [████████████████████████████████████████████░░░░░░]  88.0%
     Best:     Objective 1= 220.37  Objective 2= 469.97
     Mean:     Objective 1=  32.65  Objective 2=  82.28

Generation 880:	[245.58229305 431.39693678]
Mean fitness:	62.89 +- 87.82
Mean fitness per obj: ['37.89 +-42.85', '87.90 +-111.08']
Gen  881/1000 [████████████████████████████████████████████░░░░░░]  88.1%
     Best:     Objective 1= 208.79  Objective 2= 413.27
     Mean:     Objective 1=  37.89  Objective 2=  87.90

Gen  882/1000 [████████████████████████████████████████████░░░░░░]  88.2%
     Best:     Objective 1= 305.54  Objective 2= 422.09
     Mean:     Objective 1=  33.29  Objective 2=  87.50

Gen  883/1000 [████████████████████████████████████████████░░░░░░]  88.3%
     Best:     Objective 1= 180.93  Objective 2= 504.18
     Mean:     Objective 1=  35.94  Objective 2=  87.78

Gen  884/1000 [████████████████████████████████████████████░░░░░░]  88.4%
     Best:     Objective 1= 276.80  Objective 2= 425.85
     Mean:     Objective 1=  34.38  Objective 2=  83.10

Gen  885/1000 [████████████████████████████████████████████░░░░░░]  88.5%
     Best:     Objective 1= 182.23  Objective 2= 461.53
     Mean:     Objective 1=  30.69  Objective 2=  95.61

Generation 885:	[245.58229305 431.39693678]
Mean fitness:	61.74 +- 81.97
Mean fitness per obj: ['37.45 +-46.88', '86.04 +-100.30']
Gen  886/1000 [████████████████████████████████████████████░░░░░░]  88.6%
     Best:     Objective 1= 330.74  Objective 2= 400.27
     Mean:     Objective 1=  37.45  Objective 2=  86.04

Gen  887/1000 [████████████████████████████████████████████░░░░░░]  88.7%
     Best:     Objective 1= 180.97  Objective 2= 590.47
     Mean:     Objective 1=  35.03  Objective 2=  85.87

Gen  888/1000 [████████████████████████████████████████████░░░░░░]  88.8%
     Best:     Objective 1= 277.82  Objective 2= 487.09
     Mean:     Objective 1=  37.67  Objective 2=  89.32

Gen  889/1000 [████████████████████████████████████████████░░░░░░]  88.9%
     Best:     Objective 1= 219.86  Objective 2= 399.50
     Mean:     Objective 1=  36.07  Objective 2=  83.77

Gen  890/1000 [████████████████████████████████████████████░░░░░░]  89.0%
     Best:     Objective 1= 263.54  Objective 2= 430.84
     Mean:     Objective 1=  33.80  Objective 2=  91.16

Generation 890:	[245.58229305 431.39693678]
Mean fitness:	58.38 +- 83.35
Mean fitness per obj: ['33.30 +-38.79', '83.45 +-105.51']
Gen  891/1000 [████████████████████████████████████████████░░░░░░]  89.1%
     Best:     Objective 1= 239.68  Objective 2= 400.12
     Mean:     Objective 1=  33.30  Objective 2=  83.45

Gen  892/1000 [████████████████████████████████████████████░░░░░░]  89.2%
     Best:     Objective 1= 214.21  Objective 2= 504.93
     Mean:     Objective 1=  31.82  Objective 2=  90.04

Gen  893/1000 [████████████████████████████████████████████░░░░░░]  89.3%
     Best:     Objective 1= 199.28  Objective 2= 429.19
     Mean:     Objective 1=  35.42  Objective 2=  82.94

Gen  894/1000 [████████████████████████████████████████████░░░░░░]  89.4%
     Best:     Objective 1= 237.12  Objective 2= 424.66
     Mean:     Objective 1=  34.64  Objective 2=  89.34

Gen  895/1000 [████████████████████████████████████████████░░░░░░]  89.5%
     Best:     Objective 1= 186.39  Objective 2= 360.96
     Mean:     Objective 1=  35.00  Objective 2=  85.31

Generation 895:	[245.58229305 431.39693678]
Mean fitness:	63.35 +- 89.01
Mean fitness per obj: ['35.69 +-39.39', '91.01 +-112.98']
Gen  896/1000 [████████████████████████████████████████████░░░░░░]  89.6%
     Best:     Objective 1= 169.73  Objective 2= 436.05
     Mean:     Objective 1=  35.69  Objective 2=  91.01

Gen  897/1000 [████████████████████████████████████████████░░░░░░]  89.7%
     Best:     Objective 1= 255.96  Objective 2= 522.37
     Mean:     Objective 1=  36.61  Objective 2=  98.11

Gen  898/1000 [████████████████████████████████████████████░░░░░░]  89.8%
     Best:     Objective 1= 194.11  Objective 2= 430.75
     Mean:     Objective 1=  36.84  Objective 2=  83.02

Gen  899/1000 [████████████████████████████████████████████░░░░░░]  89.9%
     Best:     Objective 1= 227.29  Objective 2= 501.17
     Mean:     Objective 1=  35.40  Objective 2=  84.03

Gen  900/1000 [█████████████████████████████████████████████░░░░░]  90.0%
     Best:     Objective 1= 176.85  Objective 2= 486.53
     Mean:     Objective 1=  33.06  Objective 2=  90.61

Generation 900:	[245.58229305 431.39693678]
Mean fitness:	58.32 +- 82.12
Mean fitness per obj: ['36.23 +-42.55', '80.41 +-103.45']
Gen  901/1000 [█████████████████████████████████████████████░░░░░]  90.1%
     Best:     Objective 1= 299.01  Objective 2= 407.84
     Mean:     Objective 1=  36.23  Objective 2=  80.41

Gen  902/1000 [█████████████████████████████████████████████░░░░░]  90.2%
     Best:     Objective 1= 190.65  Objective 2= 424.00
     Mean:     Objective 1=  34.64  Objective 2=  78.14

Gen  903/1000 [█████████████████████████████████████████████░░░░░]  90.3%
     Best:     Objective 1= 208.50  Objective 2= 505.29
     Mean:     Objective 1=  32.61  Objective 2=  84.35

Gen  904/1000 [█████████████████████████████████████████████░░░░░]  90.4%
     Best:     Objective 1= 212.97  Objective 2= 375.42
     Mean:     Objective 1=  33.33  Objective 2=  94.47

Gen  905/1000 [█████████████████████████████████████████████░░░░░]  90.5%
     Best:     Objective 1= 210.51  Objective 2= 470.49
     Mean:     Objective 1=  31.30  Objective 2=  81.64

Generation 905:	[245.58229305 431.39693678]
Mean fitness:	62.64 +- 86.54
Mean fitness per obj: ['36.69 +-43.04', '88.59 +-108.53']
Gen  906/1000 [█████████████████████████████████████████████░░░░░]  90.6%
     Best:     Objective 1= 200.86  Objective 2= 525.94
     Mean:     Objective 1=  36.69  Objective 2=  88.59

Gen  907/1000 [█████████████████████████████████████████████░░░░░]  90.7%
     Best:     Objective 1= 224.90  Objective 2= 459.69
     Mean:     Objective 1=  35.47  Objective 2= 106.63

Gen  908/1000 [█████████████████████████████████████████████░░░░░]  90.8%
     Best:     Objective 1= 173.13  Objective 2= 459.49
     Mean:     Objective 1=  32.98  Objective 2=  85.56

Gen  909/1000 [█████████████████████████████████████████████░░░░░]  90.9%
     Best:     Objective 1= 235.77  Objective 2= 411.77
     Mean:     Objective 1=  31.67  Objective 2=  92.21

Gen  910/1000 [█████████████████████████████████████████████░░░░░]  91.0%
     Best:     Objective 1= 249.59  Objective 2= 462.88
     Mean:     Objective 1=  36.32  Objective 2=  81.72

Generation 910:	[245.58229305 431.39693678]
Mean fitness:	60.08 +- 84.10
Mean fitness per obj: ['35.45 +-41.03', '84.70 +-106.07']
Gen  911/1000 [█████████████████████████████████████████████░░░░░]  91.1%
     Best:     Objective 1= 195.83  Objective 2= 463.80
     Mean:     Objective 1=  35.45  Objective 2=  84.70

Gen  912/1000 [█████████████████████████████████████████████░░░░░]  91.2%
     Best:     Objective 1= 283.53  Objective 2= 482.09
     Mean:     Objective 1=  35.51  Objective 2=  91.01

Gen  913/1000 [█████████████████████████████████████████████░░░░░]  91.3%
     Best:     Objective 1= 187.89  Objective 2= 436.98
     Mean:     Objective 1=  34.21  Objective 2=  92.20

Gen  914/1000 [█████████████████████████████████████████████░░░░░]  91.4%
     Best:     Objective 1= 187.09  Objective 2= 389.58
     Mean:     Objective 1=  33.40  Objective 2=  69.75

Gen  915/1000 [█████████████████████████████████████████████░░░░░]  91.5%
     Best:     Objective 1= 207.91  Objective 2= 403.83
     Mean:     Objective 1=  35.94  Objective 2=  86.74

Generation 915:	[245.58229305 431.39693678]
Mean fitness:	57.88 +- 83.61
Mean fitness per obj: ['30.08 +-37.53', '85.69 +-105.00']
Gen  916/1000 [█████████████████████████████████████████████░░░░░]  91.6%
     Best:     Objective 1= 165.44  Objective 2= 431.69
     Mean:     Objective 1=  30.08  Objective 2=  85.69

Gen  917/1000 [█████████████████████████████████████████████░░░░░]  91.7%
     Best:     Objective 1= 214.55  Objective 2= 503.72
     Mean:     Objective 1=  36.23  Objective 2=  80.90

Gen  918/1000 [█████████████████████████████████████████████░░░░░]  91.8%
     Best:     Objective 1= 261.27  Objective 2= 466.74
     Mean:     Objective 1=  33.19  Objective 2=  86.30

Gen  919/1000 [█████████████████████████████████████████████░░░░░]  91.9%
     Best:     Objective 1= 190.41  Objective 2= 455.68
     Mean:     Objective 1=  35.04  Objective 2=  83.51

Gen  920/1000 [██████████████████████████████████████████████░░░░]  92.0%
     Best:     Objective 1= 163.07  Objective 2= 473.22
     Mean:     Objective 1=  28.52  Objective 2=  94.72

Generation 920:	[245.58229305 431.39693678]
Mean fitness:	60.72 +- 86.85
Mean fitness per obj: ['31.65 +-40.44', '89.79 +-108.45']
Gen  921/1000 [██████████████████████████████████████████████░░░░]  92.1%
     Best:     Objective 1= 216.43  Objective 2= 441.41
     Mean:     Objective 1=  31.65  Objective 2=  89.79

Gen  922/1000 [██████████████████████████████████████████████░░░░]  92.2%
     Best:     Objective 1= 188.37  Objective 2= 422.02
     Mean:     Objective 1=  34.00  Objective 2=  89.54

Gen  923/1000 [██████████████████████████████████████████████░░░░]  92.3%
     Best:     Objective 1= 210.05  Objective 2= 422.12
     Mean:     Objective 1=  32.86  Objective 2=  90.02

Gen  924/1000 [██████████████████████████████████████████████░░░░]  92.4%
     Best:     Objective 1= 277.18  Objective 2= 414.01
     Mean:     Objective 1=  35.02  Objective 2=  74.58

Gen  925/1000 [██████████████████████████████████████████████░░░░]  92.5%
     Best:     Objective 1= 164.28  Objective 2= 408.41
     Mean:     Objective 1=  31.69  Objective 2=  92.73

Generation 925:	[245.58229305 431.39693678]
Mean fitness:	53.97 +- 80.60
Mean fitness per obj: ['31.32 +-39.56', '76.62 +-101.99']
Gen  926/1000 [██████████████████████████████████████████████░░░░]  92.6%
     Best:     Objective 1= 179.23  Objective 2= 400.10
     Mean:     Objective 1=  31.32  Objective 2=  76.62

Gen  927/1000 [██████████████████████████████████████████████░░░░]  92.7%
     Best:     Objective 1= 236.05  Objective 2= 486.74
     Mean:     Objective 1=  38.68  Objective 2=  84.00

Gen  928/1000 [██████████████████████████████████████████████░░░░]  92.8%
     Best:     Objective 1= 223.06  Objective 2= 431.13
     Mean:     Objective 1=  33.52  Objective 2=  80.12

Gen  929/1000 [██████████████████████████████████████████████░░░░]  92.9%
     Best:     Objective 1= 208.14  Objective 2= 459.98
     Mean:     Objective 1=  31.64  Objective 2=  85.85

Gen  930/1000 [██████████████████████████████████████████████░░░░]  93.0%
     Best:     Objective 1= 219.74  Objective 2= 462.32
     Mean:     Objective 1=  33.54  Objective 2=  81.85

Generation 930:	[245.58229305 431.39693678]
Mean fitness:	53.47 +- 77.41
Mean fitness per obj: ['34.67 +-42.46', '72.27 +-97.33']
Gen  931/1000 [██████████████████████████████████████████████░░░░]  93.1%
     Best:     Objective 1= 184.35  Objective 2= 383.72
     Mean:     Objective 1=  34.67  Objective 2=  72.27

Gen  932/1000 [██████████████████████████████████████████████░░░░]  93.2%
     Best:     Objective 1= 181.00  Objective 2= 471.37
     Mean:     Objective 1=  34.23  Objective 2=  72.57

Gen  933/1000 [██████████████████████████████████████████████░░░░]  93.3%
     Best:     Objective 1= 275.51  Objective 2= 414.84
     Mean:     Objective 1=  35.96  Objective 2=  93.36

Gen  934/1000 [██████████████████████████████████████████████░░░░]  93.4%
     Best:     Objective 1= 200.35  Objective 2= 479.91
     Mean:     Objective 1=  34.73  Objective 2=  88.78

Gen  935/1000 [██████████████████████████████████████████████░░░░]  93.5%
     Best:     Objective 1= 235.94  Objective 2= 411.46
     Mean:     Objective 1=  31.40  Objective 2=  87.39

Generation 935:	[245.58229305 431.39693678]
Mean fitness:	59.94 +- 79.82
Mean fitness per obj: ['32.92 +-34.95', '86.97 +-100.30']
Gen  936/1000 [██████████████████████████████████████████████░░░░]  93.6%
     Best:     Objective 1= 190.84  Objective 2= 468.38
     Mean:     Objective 1=  32.92  Objective 2=  86.97

Gen  937/1000 [██████████████████████████████████████████████░░░░]  93.7%
     Best:     Objective 1= 229.31  Objective 2= 517.05
     Mean:     Objective 1=  30.03  Objective 2=  83.12

Gen  938/1000 [██████████████████████████████████████████████░░░░]  93.8%
     Best:     Objective 1= 402.23  Objective 2= 428.08
     Mean:     Objective 1=  31.83  Objective 2=  87.91

Gen  939/1000 [██████████████████████████████████████████████░░░░]  93.9%
     Best:     Objective 1= 159.94  Objective 2= 443.10
     Mean:     Objective 1=  29.45  Objective 2=  92.58

Gen  940/1000 [███████████████████████████████████████████████░░░]  94.0%
     Best:     Objective 1= 208.50  Objective 2= 454.26
     Mean:     Objective 1=  33.47  Objective 2=  84.98

Generation 940:	[245.58229305 431.39693678]
Mean fitness:	56.91 +- 78.65
Mean fitness per obj: ['35.62 +-40.38', '78.21 +-99.16']
Gen  941/1000 [███████████████████████████████████████████████░░░]  94.1%
     Best:     Objective 1= 214.56  Objective 2= 365.66
     Mean:     Objective 1=  35.62  Objective 2=  78.21

Gen  942/1000 [███████████████████████████████████████████████░░░]  94.2%
     Best:     Objective 1= 300.60  Objective 2= 445.90
     Mean:     Objective 1=  36.71  Objective 2=  85.83

Gen  943/1000 [███████████████████████████████████████████████░░░]  94.3%
     Best:     Objective 1= 188.55  Objective 2= 423.67
     Mean:     Objective 1=  38.46  Objective 2=  85.68

Gen  944/1000 [███████████████████████████████████████████████░░░]  94.4%
     Best:     Objective 1= 248.34  Objective 2= 438.01
     Mean:     Objective 1=  33.62  Objective 2=  97.60

Gen  945/1000 [███████████████████████████████████████████████░░░]  94.5%
     Best:     Objective 1= 242.74  Objective 2= 422.06
     Mean:     Objective 1=  39.54  Objective 2=  91.28

Generation 945:	[245.58229305 431.39693678]
Mean fitness:	56.87 +- 76.46
Mean fitness per obj: ['34.52 +-41.57', '79.22 +-94.68']
Gen  946/1000 [███████████████████████████████████████████████░░░]  94.6%
     Best:     Objective 1= 249.93  Objective 2= 386.54
     Mean:     Objective 1=  34.52  Objective 2=  79.22

Gen  947/1000 [███████████████████████████████████████████████░░░]  94.7%
     Best:     Objective 1= 222.70  Objective 2= 445.92
     Mean:     Objective 1=  36.44  Objective 2=  83.34

Gen  948/1000 [███████████████████████████████████████████████░░░]  94.8%
     Best:     Objective 1= 170.89  Objective 2= 429.08
     Mean:     Objective 1=  30.85  Objective 2=  83.16

Gen  949/1000 [███████████████████████████████████████████████░░░]  94.9%
     Best:     Objective 1= 198.06  Objective 2= 407.71
     Mean:     Objective 1=  34.10  Objective 2=  78.22

Gen  950/1000 [███████████████████████████████████████████████░░░]  95.0%
     Best:     Objective 1= 232.36  Objective 2= 405.85
     Mean:     Objective 1=  35.87  Objective 2=  91.89

Generation 950:	[245.58229305 431.39693678]
Mean fitness:	65.83 +- 86.34
Mean fitness per obj: ['35.53 +-40.17', '96.13 +-107.05']
Gen  951/1000 [███████████████████████████████████████████████░░░]  95.1%
     Best:     Objective 1= 206.71  Objective 2= 450.58
     Mean:     Objective 1=  35.53  Objective 2=  96.13

Gen  952/1000 [███████████████████████████████████████████████░░░]  95.2%
     Best:     Objective 1= 201.07  Objective 2= 392.18
     Mean:     Objective 1=  35.14  Objective 2=  88.47

Gen  953/1000 [███████████████████████████████████████████████░░░]  95.3%
     Best:     Objective 1= 203.40  Objective 2= 423.81
     Mean:     Objective 1=  36.26  Objective 2=  94.44

Gen  954/1000 [███████████████████████████████████████████████░░░]  95.4%
     Best:     Objective 1= 224.43  Objective 2= 476.88
     Mean:     Objective 1=  39.21  Objective 2= 100.84

Gen  955/1000 [███████████████████████████████████████████████░░░]  95.5%
     Best:     Objective 1= 286.60  Objective 2= 486.88
     Mean:     Objective 1=  36.15  Objective 2=  91.18

Generation 955:	[245.58229305 431.39693678]
Mean fitness:	62.77 +- 84.80
Mean fitness per obj: ['34.19 +-39.51', '91.36 +-105.78']
Gen  956/1000 [███████████████████████████████████████████████░░░]  95.6%
     Best:     Objective 1= 276.75  Objective 2= 388.04
     Mean:     Objective 1=  34.19  Objective 2=  91.36

Gen  957/1000 [███████████████████████████████████████████████░░░]  95.7%
     Best:     Objective 1= 204.02  Objective 2= 436.75
     Mean:     Objective 1=  33.58  Objective 2=  79.50

Gen  958/1000 [███████████████████████████████████████████████░░░]  95.8%
     Best:     Objective 1= 221.52  Objective 2= 459.54
     Mean:     Objective 1=  34.74  Objective 2=  78.65

Gen  959/1000 [███████████████████████████████████████████████░░░]  95.9%
     Best:     Objective 1= 226.82  Objective 2= 492.27
     Mean:     Objective 1=  35.99  Objective 2=  85.63

Gen  960/1000 [████████████████████████████████████████████████░░]  96.0%
     Best:     Objective 1= 260.78  Objective 2= 388.05
     Mean:     Objective 1=  34.29  Objective 2=  87.82

Generation 960:	[245.58229305 431.39693678]
Mean fitness:	61.27 +- 82.10
Mean fitness per obj: ['32.20 +-37.51', '90.34 +-101.90']
Gen  961/1000 [████████████████████████████████████████████████░░]  96.1%
     Best:     Objective 1= 173.02  Objective 2= 466.00
     Mean:     Objective 1=  32.20  Objective 2=  90.34

Gen  962/1000 [████████████████████████████████████████████████░░]  96.2%
     Best:     Objective 1= 191.60  Objective 2= 456.23
     Mean:     Objective 1=  34.67  Objective 2=  88.88

Gen  963/1000 [████████████████████████████████████████████████░░]  96.3%
     Best:     Objective 1= 220.85  Objective 2= 458.60
     Mean:     Objective 1=  31.40  Objective 2=  88.64

Gen  964/1000 [████████████████████████████████████████████████░░]  96.4%
     Best:     Objective 1= 263.06  Objective 2= 443.23
     Mean:     Objective 1=  35.32  Objective 2=  85.50

Gen  965/1000 [████████████████████████████████████████████████░░]  96.5%
     Best:     Objective 1= 183.85  Objective 2= 424.92
     Mean:     Objective 1=  37.85  Objective 2=  87.33

Generation 965:	[245.58229305 431.39693678]
Mean fitness:	58.83 +- 79.70
Mean fitness per obj: ['37.32 +-46.36', '80.35 +-98.12']
Gen  966/1000 [████████████████████████████████████████████████░░]  96.6%
     Best:     Objective 1= 254.34  Objective 2= 410.94
     Mean:     Objective 1=  37.32  Objective 2=  80.35

Gen  967/1000 [████████████████████████████████████████████████░░]  96.7%
     Best:     Objective 1= 236.48  Objective 2= 461.39
     Mean:     Objective 1=  37.83  Objective 2=  90.06

Gen  968/1000 [████████████████████████████████████████████████░░]  96.8%
     Best:     Objective 1= 254.63  Objective 2= 426.32
     Mean:     Objective 1=  33.85  Objective 2=  97.04

Gen  969/1000 [████████████████████████████████████████████████░░]  96.9%
     Best:     Objective 1= 192.96  Objective 2= 407.47
     Mean:     Objective 1=  30.29  Objective 2=  84.97

Gen  970/1000 [████████████████████████████████████████████████░░]  97.0%
     Best:     Objective 1= 208.80  Objective 2= 397.16
     Mean:     Objective 1=  32.55  Objective 2=  84.16

Generation 970:	[245.58229305 431.39693678]
Mean fitness:	55.21 +- 79.91
Mean fitness per obj: ['33.25 +-40.48', '77.17 +-100.84']
Gen  971/1000 [████████████████████████████████████████████████░░]  97.1%
     Best:     Objective 1= 180.26  Objective 2= 427.36
     Mean:     Objective 1=  33.25  Objective 2=  77.17

Gen  972/1000 [████████████████████████████████████████████████░░]  97.2%
     Best:     Objective 1= 215.14  Objective 2= 359.12
     Mean:     Objective 1=  33.23  Objective 2=  86.83

Gen  973/1000 [████████████████████████████████████████████████░░]  97.3%
     Best:     Objective 1= 224.88  Objective 2= 376.39
     Mean:     Objective 1=  35.22  Objective 2=  91.99

Gen  974/1000 [████████████████████████████████████████████████░░]  97.4%
     Best:     Objective 1= 178.83  Objective 2= 389.43
     Mean:     Objective 1=  32.73  Objective 2=  82.07

Gen  975/1000 [████████████████████████████████████████████████░░]  97.5%
     Best:     Objective 1= 195.83  Objective 2= 426.65
     Mean:     Objective 1=  34.65  Objective 2=  85.81

Generation 975:	[245.58229305 431.39693678]
Mean fitness:	59.73 +- 82.25
Mean fitness per obj: ['34.44 +-42.90', '85.03 +-102.03']
Gen  976/1000 [████████████████████████████████████████████████░░]  97.6%
     Best:     Objective 1= 288.05  Objective 2= 428.05
     Mean:     Objective 1=  34.44  Objective 2=  85.03

Gen  977/1000 [████████████████████████████████████████████████░░]  97.7%
     Best:     Objective 1= 189.70  Objective 2= 442.50
     Mean:     Objective 1=  33.22  Objective 2=  91.60

Gen  978/1000 [████████████████████████████████████████████████░░]  97.8%
     Best:     Objective 1= 224.87  Objective 2= 438.30
     Mean:     Objective 1=  36.99  Objective 2=  87.08

Gen  979/1000 [████████████████████████████████████████████████░░]  97.9%
     Best:     Objective 1= 209.22  Objective 2= 447.26
     Mean:     Objective 1=  36.08  Objective 2=  88.76

Gen  980/1000 [█████████████████████████████████████████████████░]  98.0%
     Best:     Objective 1= 190.31  Objective 2= 460.07
     Mean:     Objective 1=  31.93  Objective 2=  84.83

Generation 980:	[245.58229305 431.39693678]
Mean fitness:	60.13 +- 87.67
Mean fitness per obj: ['38.42 +-49.70', '81.85 +-109.35']
Gen  981/1000 [█████████████████████████████████████████████████░]  98.1%
     Best:     Objective 1= 273.48  Objective 2= 584.63
     Mean:     Objective 1=  38.42  Objective 2=  81.85

Gen  982/1000 [█████████████████████████████████████████████████░]  98.2%
     Best:     Objective 1= 189.35  Objective 2= 437.37
     Mean:     Objective 1=  37.38  Objective 2=  88.12

Gen  983/1000 [█████████████████████████████████████████████████░]  98.3%
     Best:     Objective 1= 176.55  Objective 2= 442.54
     Mean:     Objective 1=  34.38  Objective 2=  91.72

Gen  984/1000 [█████████████████████████████████████████████████░]  98.4%
     Best:     Objective 1= 249.90  Objective 2= 437.20
     Mean:     Objective 1=  34.30  Objective 2=  89.16

Gen  985/1000 [█████████████████████████████████████████████████░]  98.5%
     Best:     Objective 1= 240.14  Objective 2= 438.01
     Mean:     Objective 1=  33.80  Objective 2=  83.61

Generation 985:	[245.58229305 431.39693678]
Mean fitness:	64.44 +- 87.38
Mean fitness per obj: ['38.30 +-46.51', '90.58 +-108.36']
Gen  986/1000 [█████████████████████████████████████████████████░]  98.6%
     Best:     Objective 1= 246.24  Objective 2= 497.51
     Mean:     Objective 1=  38.30  Objective 2=  90.58

Gen  987/1000 [█████████████████████████████████████████████████░]  98.7%
     Best:     Objective 1= 254.88  Objective 2= 508.00
     Mean:     Objective 1=  31.73  Objective 2=  87.79

Gen  988/1000 [█████████████████████████████████████████████████░]  98.8%
     Best:     Objective 1= 267.34  Objective 2= 497.39
     Mean:     Objective 1=  34.13  Objective 2=  96.41

Gen  989/1000 [█████████████████████████████████████████████████░]  98.9%
     Best:     Objective 1= 179.79  Objective 2= 443.06
     Mean:     Objective 1=  33.29  Objective 2=  87.58

Gen  990/1000 [█████████████████████████████████████████████████░]  99.0%
     Best:     Objective 1= 268.95  Objective 2= 435.80
     Mean:     Objective 1=  32.95  Objective 2=  78.43

Generation 990:	[245.58229305 431.39693678]
Mean fitness:	58.10 +- 82.86
Mean fitness per obj: ['34.41 +-38.61', '81.79 +-105.45']
Gen  991/1000 [█████████████████████████████████████████████████░]  99.1%
     Best:     Objective 1= 194.99  Objective 2= 449.59
     Mean:     Objective 1=  34.41  Objective 2=  81.79

Gen  992/1000 [█████████████████████████████████████████████████░]  99.2%
     Best:     Objective 1= 167.45  Objective 2= 426.63
     Mean:     Objective 1=  34.89  Objective 2=  82.23

Gen  993/1000 [█████████████████████████████████████████████████░]  99.3%
     Best:     Objective 1= 296.80  Objective 2= 475.24
     Mean:     Objective 1=  34.17  Objective 2=  90.33

Gen  994/1000 [█████████████████████████████████████████████████░]  99.4%
     Best:     Objective 1= 156.44  Objective 2= 457.74
     Mean:     Objective 1=  32.49  Objective 2=  92.91

Gen  995/1000 [█████████████████████████████████████████████████░]  99.5%
     Best:     Objective 1= 198.50  Objective 2= 441.18
     Mean:     Objective 1=  33.11  Objective 2=  94.74

Generation 995:	[245.58229305 431.39693678]
Mean fitness:	56.16 +- 80.30
Mean fitness per obj: ['33.83 +-43.30', '78.49 +-100.11']
Gen  996/1000 [█████████████████████████████████████████████████░]  99.6%
     Best:     Objective 1= 287.55  Objective 2= 544.87
     Mean:     Objective 1=  33.83  Objective 2=  78.49

Gen  997/1000 [█████████████████████████████████████████████████░]  99.7%
     Best:     Objective 1= 243.51  Objective 2= 501.56
     Mean:     Objective 1=  32.40  Objective 2=  81.17

Gen  998/1000 [█████████████████████████████████████████████████░]  99.8%
     Best:     Objective 1= 300.29  Objective 2= 412.32
     Mean:     Objective 1=  34.00  Objective 2=  79.90

Gen  999/1000 [█████████████████████████████████████████████████░]  99.9%
     Best:     Objective 1= 230.93  Objective 2= 475.43
     Mean:     Objective 1=  29.69  Objective 2=  96.34

Gen 1000/1000 [██████████████████████████████████████████████████] 100.0%
     Best:     Objective 1= 209.76  Objective 2= 497.28
     Mean:     Objective 1=  33.03  Objective 2=  90.67

