
================================================================================
                      MULTI-OBJECTIVE EVOLUTION - NSGA-II                       
================================================================================
Population: 100 | Generations: 1000 | Parents: 100
Objective 1: Flat Terrain Speed | Objective 2: Ice Terrain Speed
================================================================================

Generation 0:	[ -9.94320067 -15.64945464]
Mean fitness:	-83.05 +- 109.69
Mean fitness per obj: ['-41.72 +-32.12', '-124.37 +-140.06']
Gen    1/1000 [░░░░░░░░░░░░░░░░░░░░░░░░░░░░░░░░░░░░░░░░░░░░░░░░░░]   0.1%
     Best:     Objective 1=  -1.36  Objective 2= -15.65
     Mean:     Objective 1= -41.72  Objective 2=-124.37

Gen    2/1000 [░░░░░░░░░░░░░░░░░░░░░░░░░░░░░░░░░░░░░░░░░░░░░░░░░░]   0.2%
     Best:     Objective 1=  -4.67  Objective 2= -15.56
     Mean:     Objective 1= -54.11  Objective 2=-143.93

Gen    3/1000 [░░░░░░░░░░░░░░░░░░░░░░░░░░░░░░░░░░░░░░░░░░░░░░░░░░]   0.3%
     Best:     Objective 1=   3.67  Objective 2= -13.43
     Mean:     Objective 1= -44.10  Objective 2=-121.71

Gen    4/1000 [░░░░░░░░░░░░░░░░░░░░░░░░░░░░░░░░░░░░░░░░░░░░░░░░░░]   0.4%
     Best:     Objective 1=  -1.19  Objective 2= -11.26
     Mean:     Objective 1= -48.32  Objective 2=-109.23

Gen    5/1000 [░░░░░░░░░░░░░░░░░░░░░░░░░░░░░░░░░░░░░░░░░░░░░░░░░░]   0.5%
     Best:     Objective 1=   1.33  Objective 2= -12.97
     Mean:     Objective 1= -41.47  Objective 2=-113.24

Generation 5:	[ -9.94320067 -15.64945464]
Mean fitness:	-73.53 +- 105.54
Mean fitness per obj: ['-42.25 +-35.34', '-104.81 +-138.09']
Gen    6/1000 [░░░░░░░░░░░░░░░░░░░░░░░░░░░░░░░░░░░░░░░░░░░░░░░░░░]   0.6%
     Best:     Objective 1=   1.78  Objective 2= -12.06
     Mean:     Objective 1= -42.25  Objective 2=-104.81

Gen    7/1000 [░░░░░░░░░░░░░░░░░░░░░░░░░░░░░░░░░░░░░░░░░░░░░░░░░░]   0.7%
     Best:     Objective 1=   0.94  Objective 2= -11.28
     Mean:     Objective 1= -51.72  Objective 2= -81.19

Gen    8/1000 [░░░░░░░░░░░░░░░░░░░░░░░░░░░░░░░░░░░░░░░░░░░░░░░░░░]   0.8%
     Best:     Objective 1=  -3.35  Objective 2= -15.24
     Mean:     Objective 1= -46.46  Objective 2=-109.00

Gen    9/1000 [░░░░░░░░░░░░░░░░░░░░░░░░░░░░░░░░░░░░░░░░░░░░░░░░░░]   0.9%
     Best:     Objective 1=   4.25  Objective 2= -12.04
     Mean:     Objective 1= -46.91  Objective 2= -85.00

Gen   10/1000 [░░░░░░░░░░░░░░░░░░░░░░░░░░░░░░░░░░░░░░░░░░░░░░░░░░]   1.0%
     Best:     Objective 1=   0.69  Objective 2= -11.60
     Mean:     Objective 1= -38.66  Objective 2= -81.89

Generation 10:	[  0.41618341 -10.12539866]
Mean fitness:	-67.16 +- 90.49
Mean fitness per obj: ['-39.99 +-47.82', '-94.32 +-112.32']
Gen   11/1000 [░░░░░░░░░░░░░░░░░░░░░░░░░░░░░░░░░░░░░░░░░░░░░░░░░░]   1.1%
     Best:     Objective 1=   6.65  Objective 2= -10.13
     Mean:     Objective 1= -39.99  Objective 2= -94.32

Gen   12/1000 [░░░░░░░░░░░░░░░░░░░░░░░░░░░░░░░░░░░░░░░░░░░░░░░░░░]   1.2%
     Best:     Objective 1=   5.78  Objective 2= -11.78
     Mean:     Objective 1= -36.92  Objective 2= -91.79

Gen   13/1000 [░░░░░░░░░░░░░░░░░░░░░░░░░░░░░░░░░░░░░░░░░░░░░░░░░░]   1.3%
     Best:     Objective 1=   6.88  Objective 2= -10.53
     Mean:     Objective 1= -40.44  Objective 2= -96.09

Gen   14/1000 [░░░░░░░░░░░░░░░░░░░░░░░░░░░░░░░░░░░░░░░░░░░░░░░░░░]   1.4%
     Best:     Objective 1=  -2.67  Objective 2= -13.22
     Mean:     Objective 1= -29.04  Objective 2=-111.52

Gen   15/1000 [░░░░░░░░░░░░░░░░░░░░░░░░░░░░░░░░░░░░░░░░░░░░░░░░░░]   1.5%
     Best:     Objective 1=  12.04  Objective 2=  -9.66
     Mean:     Objective 1= -33.85  Objective 2=-116.78

Generation 15:	[  0.41618341 -10.12539866]
Mean fitness:	-70.58 +- 106.59
Mean fitness per obj: ['-40.58 +-43.16', '-100.58 +-138.06']
Gen   16/1000 [░░░░░░░░░░░░░░░░░░░░░░░░░░░░░░░░░░░░░░░░░░░░░░░░░░]   1.6%
     Best:     Objective 1=   0.41  Objective 2= -11.05
     Mean:     Objective 1= -40.58  Objective 2=-100.58

Gen   17/1000 [░░░░░░░░░░░░░░░░░░░░░░░░░░░░░░░░░░░░░░░░░░░░░░░░░░]   1.7%
     Best:     Objective 1=   6.20  Objective 2= -11.09
     Mean:     Objective 1= -37.31  Objective 2= -97.70

Gen   18/1000 [░░░░░░░░░░░░░░░░░░░░░░░░░░░░░░░░░░░░░░░░░░░░░░░░░░]   1.8%
     Best:     Objective 1=   2.38  Objective 2= -10.65
     Mean:     Objective 1= -36.53  Objective 2=-117.72

Gen   19/1000 [░░░░░░░░░░░░░░░░░░░░░░░░░░░░░░░░░░░░░░░░░░░░░░░░░░]   1.9%
     Best:     Objective 1=   6.11  Objective 2= -13.72
     Mean:     Objective 1= -37.48  Objective 2=-132.51

Gen   20/1000 [█░░░░░░░░░░░░░░░░░░░░░░░░░░░░░░░░░░░░░░░░░░░░░░░░░]   2.0%
     Best:     Objective 1=  11.71  Objective 2= -10.21
     Mean:     Objective 1= -44.08  Objective 2= -96.83

Generation 20:	[  0.41618341 -10.12539866]
Mean fitness:	-72.43 +- 107.96
Mean fitness per obj: ['-38.26 +-52.60', '-106.59 +-134.94']
Gen   21/1000 [█░░░░░░░░░░░░░░░░░░░░░░░░░░░░░░░░░░░░░░░░░░░░░░░░░]   2.1%
     Best:     Objective 1=   5.02  Objective 2=  -8.38
     Mean:     Objective 1= -38.26  Objective 2=-106.59

Gen   22/1000 [█░░░░░░░░░░░░░░░░░░░░░░░░░░░░░░░░░░░░░░░░░░░░░░░░░]   2.2%
     Best:     Objective 1=   5.38  Objective 2= -11.24
     Mean:     Objective 1= -35.97  Objective 2=-120.20

Gen   23/1000 [█░░░░░░░░░░░░░░░░░░░░░░░░░░░░░░░░░░░░░░░░░░░░░░░░░]   2.3%
     Best:     Objective 1=   2.80  Objective 2= -11.77
     Mean:     Objective 1= -32.94  Objective 2=-110.24

Gen   24/1000 [█░░░░░░░░░░░░░░░░░░░░░░░░░░░░░░░░░░░░░░░░░░░░░░░░░]   2.4%
     Best:     Objective 1=   5.42  Objective 2=  -8.35
     Mean:     Objective 1= -34.46  Objective 2=-126.27

Gen   25/1000 [█░░░░░░░░░░░░░░░░░░░░░░░░░░░░░░░░░░░░░░░░░░░░░░░░░]   2.5%
     Best:     Objective 1=   0.60  Objective 2= -10.00
     Mean:     Objective 1= -33.93  Objective 2=-101.55

Generation 25:	[  0.41618341 -10.12539866]
Mean fitness:	-82.99 +- 123.03
Mean fitness per obj: ['-45.05 +-77.72', '-120.92 +-146.14']
Gen   26/1000 [█░░░░░░░░░░░░░░░░░░░░░░░░░░░░░░░░░░░░░░░░░░░░░░░░░]   2.6%
     Best:     Objective 1=   4.59  Objective 2= -10.43
     Mean:     Objective 1= -45.05  Objective 2=-120.92

Gen   27/1000 [█░░░░░░░░░░░░░░░░░░░░░░░░░░░░░░░░░░░░░░░░░░░░░░░░░]   2.7%
     Best:     Objective 1=   2.38  Objective 2=  -6.19
     Mean:     Objective 1= -28.41  Objective 2= -80.01

Gen   28/1000 [█░░░░░░░░░░░░░░░░░░░░░░░░░░░░░░░░░░░░░░░░░░░░░░░░░]   2.8%
     Best:     Objective 1=   1.32  Objective 2=  -9.61
     Mean:     Objective 1= -34.86  Objective 2=-116.10

Gen   29/1000 [█░░░░░░░░░░░░░░░░░░░░░░░░░░░░░░░░░░░░░░░░░░░░░░░░░]   2.9%
     Best:     Objective 1=  31.64  Objective 2=  -5.01
     Mean:     Objective 1= -34.05  Objective 2= -97.74

Gen   30/1000 [█░░░░░░░░░░░░░░░░░░░░░░░░░░░░░░░░░░░░░░░░░░░░░░░░░]   3.0%
     Best:     Objective 1=  16.12  Objective 2=  -8.19
     Mean:     Objective 1= -38.23  Objective 2=-111.94

Generation 30:	[ 1.31795776 -9.60553066]
Mean fitness:	-78.11 +- 114.57
Mean fitness per obj: ['-39.66 +-59.81', '-116.56 +-140.41']
Gen   31/1000 [█░░░░░░░░░░░░░░░░░░░░░░░░░░░░░░░░░░░░░░░░░░░░░░░░░]   3.1%
     Best:     Objective 1=   1.01  Objective 2=  -8.68
     Mean:     Objective 1= -39.66  Objective 2=-116.56

Gen   32/1000 [█░░░░░░░░░░░░░░░░░░░░░░░░░░░░░░░░░░░░░░░░░░░░░░░░░]   3.2%
     Best:     Objective 1=   2.12  Objective 2=  -9.38
     Mean:     Objective 1= -36.00  Objective 2=-140.43

Gen   33/1000 [█░░░░░░░░░░░░░░░░░░░░░░░░░░░░░░░░░░░░░░░░░░░░░░░░░]   3.3%
     Best:     Objective 1=   2.48  Objective 2=  -5.12
     Mean:     Objective 1= -34.08  Objective 2=-112.05

Gen   34/1000 [█░░░░░░░░░░░░░░░░░░░░░░░░░░░░░░░░░░░░░░░░░░░░░░░░░]   3.4%
     Best:     Objective 1=   2.06  Objective 2=  -9.19
     Mean:     Objective 1= -40.75  Objective 2=-128.79

Gen   35/1000 [█░░░░░░░░░░░░░░░░░░░░░░░░░░░░░░░░░░░░░░░░░░░░░░░░░]   3.5%
     Best:     Objective 1=   9.13  Objective 2=  -7.13
     Mean:     Objective 1= -36.87  Objective 2= -78.94

Generation 35:	[ 2.1225923 -9.3784919]
Mean fitness:	-75.34 +- 114.37
Mean fitness per obj: ['-34.12 +-34.94', '-116.56 +-146.77']
Gen   36/1000 [█░░░░░░░░░░░░░░░░░░░░░░░░░░░░░░░░░░░░░░░░░░░░░░░░░]   3.6%
     Best:     Objective 1=   9.37  Objective 2=  -5.82
     Mean:     Objective 1= -34.12  Objective 2=-116.56

Gen   37/1000 [█░░░░░░░░░░░░░░░░░░░░░░░░░░░░░░░░░░░░░░░░░░░░░░░░░]   3.7%
     Best:     Objective 1=  18.26  Objective 2=  -6.25
     Mean:     Objective 1= -34.13  Objective 2=-106.08

Gen   38/1000 [█░░░░░░░░░░░░░░░░░░░░░░░░░░░░░░░░░░░░░░░░░░░░░░░░░]   3.8%
     Best:     Objective 1=  16.76  Objective 2=  -9.85
     Mean:     Objective 1= -35.83  Objective 2=-129.02

Gen   39/1000 [█░░░░░░░░░░░░░░░░░░░░░░░░░░░░░░░░░░░░░░░░░░░░░░░░░]   3.9%
     Best:     Objective 1=   7.33  Objective 2=  -6.81
     Mean:     Objective 1= -33.32  Objective 2= -98.98

Gen   40/1000 [██░░░░░░░░░░░░░░░░░░░░░░░░░░░░░░░░░░░░░░░░░░░░░░░░]   4.0%
     Best:     Objective 1=   5.88  Objective 2=  -8.22
     Mean:     Objective 1= -28.24  Objective 2=-100.71

Generation 40:	[ 2.1225923 -9.3784919]
Mean fitness:	-64.23 +- 87.05
Mean fitness per obj: ['-31.77 +-44.22', '-96.70 +-105.31']
Gen   41/1000 [██░░░░░░░░░░░░░░░░░░░░░░░░░░░░░░░░░░░░░░░░░░░░░░░░]   4.1%
     Best:     Objective 1=   9.76  Objective 2=  -4.52
     Mean:     Objective 1= -31.77  Objective 2= -96.70

Gen   42/1000 [██░░░░░░░░░░░░░░░░░░░░░░░░░░░░░░░░░░░░░░░░░░░░░░░░]   4.2%
     Best:     Objective 1=   5.73  Objective 2=  -3.61
     Mean:     Objective 1= -23.74  Objective 2= -98.38

Gen   43/1000 [██░░░░░░░░░░░░░░░░░░░░░░░░░░░░░░░░░░░░░░░░░░░░░░░░]   4.3%
     Best:     Objective 1=   9.09  Objective 2=  -7.68
     Mean:     Objective 1= -33.25  Objective 2=-100.21

Gen   44/1000 [██░░░░░░░░░░░░░░░░░░░░░░░░░░░░░░░░░░░░░░░░░░░░░░░░]   4.4%
     Best:     Objective 1=  31.16  Objective 2=  -5.22
     Mean:     Objective 1= -26.58  Objective 2=-114.99

Gen   45/1000 [██░░░░░░░░░░░░░░░░░░░░░░░░░░░░░░░░░░░░░░░░░░░░░░░░]   4.5%
     Best:     Objective 1=   9.63  Objective 2=  -7.69
     Mean:     Objective 1= -30.12  Objective 2=-100.65

Generation 45:	[ 5.18449296 -6.90620069]
Mean fitness:	-55.00 +- 76.85
Mean fitness per obj: ['-29.29 +-46.47', '-80.70 +-91.27']
Gen   46/1000 [██░░░░░░░░░░░░░░░░░░░░░░░░░░░░░░░░░░░░░░░░░░░░░░░░]   4.6%
     Best:     Objective 1=  28.44  Objective 2=  -7.77
     Mean:     Objective 1= -29.29  Objective 2= -80.70

Gen   47/1000 [██░░░░░░░░░░░░░░░░░░░░░░░░░░░░░░░░░░░░░░░░░░░░░░░░]   4.7%
     Best:     Objective 1=  14.53  Objective 2=  -5.69
     Mean:     Objective 1= -27.23  Objective 2=-106.28

Gen   48/1000 [██░░░░░░░░░░░░░░░░░░░░░░░░░░░░░░░░░░░░░░░░░░░░░░░░]   4.8%
     Best:     Objective 1=  10.90  Objective 2=  -5.15
     Mean:     Objective 1= -24.05  Objective 2=-112.32

Gen   49/1000 [██░░░░░░░░░░░░░░░░░░░░░░░░░░░░░░░░░░░░░░░░░░░░░░░░]   4.9%
     Best:     Objective 1=   9.16  Objective 2=  -4.57
     Mean:     Objective 1= -29.11  Objective 2= -92.64

Gen   50/1000 [██░░░░░░░░░░░░░░░░░░░░░░░░░░░░░░░░░░░░░░░░░░░░░░░░]   5.0%
     Best:     Objective 1=  10.81  Objective 2=  -3.57
     Mean:     Objective 1= -24.69  Objective 2= -96.47

Generation 50:	[ 7.31351044 -6.71660738]
Mean fitness:	-72.94 +- 119.09
Mean fitness per obj: ['-30.67 +-62.51', '-115.21 +-144.51']
Gen   51/1000 [██░░░░░░░░░░░░░░░░░░░░░░░░░░░░░░░░░░░░░░░░░░░░░░░░]   5.1%
     Best:     Objective 1=   9.38  Objective 2=  -7.41
     Mean:     Objective 1= -30.67  Objective 2=-115.21

Gen   52/1000 [██░░░░░░░░░░░░░░░░░░░░░░░░░░░░░░░░░░░░░░░░░░░░░░░░]   5.2%
     Best:     Objective 1=   3.86  Objective 2=  30.34
     Mean:     Objective 1= -26.83  Objective 2= -96.85

Gen   53/1000 [██░░░░░░░░░░░░░░░░░░░░░░░░░░░░░░░░░░░░░░░░░░░░░░░░]   5.3%
     Best:     Objective 1=   9.71  Objective 2=  -7.02
     Mean:     Objective 1= -27.72  Objective 2= -96.98

Gen   54/1000 [██░░░░░░░░░░░░░░░░░░░░░░░░░░░░░░░░░░░░░░░░░░░░░░░░]   5.4%
     Best:     Objective 1=   4.07  Objective 2=  -6.47
     Mean:     Objective 1= -26.94  Objective 2= -96.76

Gen   55/1000 [██░░░░░░░░░░░░░░░░░░░░░░░░░░░░░░░░░░░░░░░░░░░░░░░░]   5.5%
     Best:     Objective 1=  17.41  Objective 2=  -4.97
     Mean:     Objective 1= -28.62  Objective 2=-100.72

Generation 55:	[ 7.31351044 -6.71660738]
Mean fitness:	-61.10 +- 87.64
Mean fitness per obj: ['-38.05 +-68.34', '-84.14 +-98.13']
Gen   56/1000 [██░░░░░░░░░░░░░░░░░░░░░░░░░░░░░░░░░░░░░░░░░░░░░░░░]   5.6%
     Best:     Objective 1=   7.05  Objective 2=  -6.53
     Mean:     Objective 1= -38.05  Objective 2= -84.14

Gen   57/1000 [██░░░░░░░░░░░░░░░░░░░░░░░░░░░░░░░░░░░░░░░░░░░░░░░░]   5.7%
     Best:     Objective 1=   8.53  Objective 2=  -5.24
     Mean:     Objective 1= -27.04  Objective 2=-101.81

Gen   58/1000 [██░░░░░░░░░░░░░░░░░░░░░░░░░░░░░░░░░░░░░░░░░░░░░░░░]   5.8%
     Best:     Objective 1=  18.86  Objective 2=  -7.39
     Mean:     Objective 1= -28.38  Objective 2= -88.27

Gen   59/1000 [██░░░░░░░░░░░░░░░░░░░░░░░░░░░░░░░░░░░░░░░░░░░░░░░░]   5.9%
     Best:     Objective 1=  15.63  Objective 2=  -5.57
     Mean:     Objective 1= -27.47  Objective 2=-102.25

Gen   60/1000 [███░░░░░░░░░░░░░░░░░░░░░░░░░░░░░░░░░░░░░░░░░░░░░░░]   6.0%
     Best:     Objective 1=  11.58  Objective 2=  -6.40
     Mean:     Objective 1= -33.21  Objective 2=-103.58

Generation 60:	[ 7.31351044 -6.71660738]
Mean fitness:	-63.85 +- 99.21
Mean fitness per obj: ['-30.02 +-41.72', '-97.67 +-125.12']
Gen   61/1000 [███░░░░░░░░░░░░░░░░░░░░░░░░░░░░░░░░░░░░░░░░░░░░░░░]   6.1%
     Best:     Objective 1=  22.02  Objective 2=  -4.48
     Mean:     Objective 1= -30.02  Objective 2= -97.67

Gen   62/1000 [███░░░░░░░░░░░░░░░░░░░░░░░░░░░░░░░░░░░░░░░░░░░░░░░]   6.2%
     Best:     Objective 1=  11.06  Objective 2=  -6.53
     Mean:     Objective 1= -24.57  Objective 2= -89.74

Gen   63/1000 [███░░░░░░░░░░░░░░░░░░░░░░░░░░░░░░░░░░░░░░░░░░░░░░░]   6.3%
     Best:     Objective 1=   6.74  Objective 2=  -1.65
     Mean:     Objective 1= -31.82  Objective 2= -90.65

Gen   64/1000 [███░░░░░░░░░░░░░░░░░░░░░░░░░░░░░░░░░░░░░░░░░░░░░░░]   6.4%
     Best:     Objective 1=  20.59  Objective 2=  -4.13
     Mean:     Objective 1= -24.16  Objective 2= -83.44

Gen   65/1000 [███░░░░░░░░░░░░░░░░░░░░░░░░░░░░░░░░░░░░░░░░░░░░░░░]   6.5%
     Best:     Objective 1=  12.71  Objective 2=  -5.59
     Mean:     Objective 1= -29.86  Objective 2=-110.32

Generation 65:	[ 7.31351044 -6.71660738]
Mean fitness:	-61.91 +- 90.00
Mean fitness per obj: ['-26.83 +-52.09', '-96.99 +-105.01']
Gen   66/1000 [███░░░░░░░░░░░░░░░░░░░░░░░░░░░░░░░░░░░░░░░░░░░░░░░]   6.6%
     Best:     Objective 1=   6.90  Objective 2=  -4.81
     Mean:     Objective 1= -26.83  Objective 2= -96.99

Gen   67/1000 [███░░░░░░░░░░░░░░░░░░░░░░░░░░░░░░░░░░░░░░░░░░░░░░░]   6.7%
     Best:     Objective 1=  12.91  Objective 2=  -2.34
     Mean:     Objective 1= -29.70  Objective 2= -86.53

Gen   68/1000 [███░░░░░░░░░░░░░░░░░░░░░░░░░░░░░░░░░░░░░░░░░░░░░░░]   6.8%
     Best:     Objective 1=  10.67  Objective 2=  -4.71
     Mean:     Objective 1= -20.91  Objective 2= -98.20

Gen   69/1000 [███░░░░░░░░░░░░░░░░░░░░░░░░░░░░░░░░░░░░░░░░░░░░░░░]   6.9%
     Best:     Objective 1=  23.82  Objective 2=  -5.55
     Mean:     Objective 1= -31.11  Objective 2= -86.44

Gen   70/1000 [███░░░░░░░░░░░░░░░░░░░░░░░░░░░░░░░░░░░░░░░░░░░░░░░]   7.0%
     Best:     Objective 1=   6.97  Objective 2=  -6.56
     Mean:     Objective 1= -28.09  Objective 2= -93.96

Generation 70:	[10.67357084 -4.70620515]
Mean fitness:	-65.55 +- 99.39
Mean fitness per obj: ['-36.32 +-78.02', '-94.78 +-109.37']
Gen   71/1000 [███░░░░░░░░░░░░░░░░░░░░░░░░░░░░░░░░░░░░░░░░░░░░░░░]   7.1%
     Best:     Objective 1=  23.14  Objective 2=  -5.35
     Mean:     Objective 1= -36.32  Objective 2= -94.78

Gen   72/1000 [███░░░░░░░░░░░░░░░░░░░░░░░░░░░░░░░░░░░░░░░░░░░░░░░]   7.2%
     Best:     Objective 1=  12.31  Objective 2=  -5.01
     Mean:     Objective 1= -26.70  Objective 2=-113.77

Gen   73/1000 [███░░░░░░░░░░░░░░░░░░░░░░░░░░░░░░░░░░░░░░░░░░░░░░░]   7.3%
     Best:     Objective 1=  30.09  Objective 2=  -6.46
     Mean:     Objective 1= -26.89  Objective 2=-101.73

Gen   74/1000 [███░░░░░░░░░░░░░░░░░░░░░░░░░░░░░░░░░░░░░░░░░░░░░░░]   7.4%
     Best:     Objective 1=  11.16  Objective 2=  -4.23
     Mean:     Objective 1= -29.32  Objective 2=-103.02

Gen   75/1000 [███░░░░░░░░░░░░░░░░░░░░░░░░░░░░░░░░░░░░░░░░░░░░░░░]   7.5%
     Best:     Objective 1=  14.45  Objective 2=  -5.59
     Mean:     Objective 1= -27.96  Objective 2= -82.74

Generation 75:	[10.67357084 -4.70620515]
Mean fitness:	-50.69 +- 84.52
Mean fitness per obj: ['-30.45 +-62.69', '-70.94 +-97.66']
Gen   76/1000 [███░░░░░░░░░░░░░░░░░░░░░░░░░░░░░░░░░░░░░░░░░░░░░░░]   7.6%
     Best:     Objective 1=  47.78  Objective 2=  -5.83
     Mean:     Objective 1= -30.45  Objective 2= -70.94

Gen   77/1000 [███░░░░░░░░░░░░░░░░░░░░░░░░░░░░░░░░░░░░░░░░░░░░░░░]   7.7%
     Best:     Objective 1=  21.49  Objective 2=  -3.70
     Mean:     Objective 1= -25.71  Objective 2= -66.24

Gen   78/1000 [███░░░░░░░░░░░░░░░░░░░░░░░░░░░░░░░░░░░░░░░░░░░░░░░]   7.8%
     Best:     Objective 1=  22.56  Objective 2=  -3.10
     Mean:     Objective 1= -22.01  Objective 2=-112.74

Gen   79/1000 [███░░░░░░░░░░░░░░░░░░░░░░░░░░░░░░░░░░░░░░░░░░░░░░░]   7.9%
     Best:     Objective 1=  27.43  Objective 2=  -3.13
     Mean:     Objective 1= -17.98  Objective 2=-103.13

Gen   80/1000 [████░░░░░░░░░░░░░░░░░░░░░░░░░░░░░░░░░░░░░░░░░░░░░░]   8.0%
     Best:     Objective 1=  24.04  Objective 2=  -5.67
     Mean:     Objective 1= -21.85  Objective 2=-117.97

Generation 80:	[10.67357084 -4.70620515]
Mean fitness:	-54.97 +- 79.18
Mean fitness per obj: ['-25.87 +-37.47', '-84.06 +-97.17']
Gen   81/1000 [████░░░░░░░░░░░░░░░░░░░░░░░░░░░░░░░░░░░░░░░░░░░░░░]   8.1%
     Best:     Objective 1=  20.32  Objective 2=  -4.64
     Mean:     Objective 1= -25.87  Objective 2= -84.06

Gen   82/1000 [████░░░░░░░░░░░░░░░░░░░░░░░░░░░░░░░░░░░░░░░░░░░░░░]   8.2%
     Best:     Objective 1=   9.64  Objective 2=  -5.27
     Mean:     Objective 1= -26.16  Objective 2=-100.42

Gen   83/1000 [████░░░░░░░░░░░░░░░░░░░░░░░░░░░░░░░░░░░░░░░░░░░░░░]   8.3%
     Best:     Objective 1=  28.63  Objective 2=  -0.76
     Mean:     Objective 1= -22.03  Objective 2=-107.11

Gen   84/1000 [████░░░░░░░░░░░░░░░░░░░░░░░░░░░░░░░░░░░░░░░░░░░░░░]   8.4%
     Best:     Objective 1=  35.48  Objective 2=  -1.54
     Mean:     Objective 1= -24.38  Objective 2= -85.39

Gen   85/1000 [████░░░░░░░░░░░░░░░░░░░░░░░░░░░░░░░░░░░░░░░░░░░░░░]   8.5%
     Best:     Objective 1=  17.39  Objective 2=  -2.68
     Mean:     Objective 1= -33.85  Objective 2= -75.53

Generation 85:	[10.67357084 -4.70620515]
Mean fitness:	-56.64 +- 86.95
Mean fitness per obj: ['-22.48 +-31.22', '-90.80 +-108.68']
Gen   86/1000 [████░░░░░░░░░░░░░░░░░░░░░░░░░░░░░░░░░░░░░░░░░░░░░░]   8.6%
     Best:     Objective 1=  11.06  Objective 2=  -3.08
     Mean:     Objective 1= -22.48  Objective 2= -90.80

Gen   87/1000 [████░░░░░░░░░░░░░░░░░░░░░░░░░░░░░░░░░░░░░░░░░░░░░░]   8.7%
     Best:     Objective 1=  26.61  Objective 2=  -5.53
     Mean:     Objective 1= -24.31  Objective 2= -75.57

Gen   88/1000 [████░░░░░░░░░░░░░░░░░░░░░░░░░░░░░░░░░░░░░░░░░░░░░░]   8.8%
     Best:     Objective 1=  22.26  Objective 2=  -3.35
     Mean:     Objective 1= -20.83  Objective 2= -87.41

Gen   89/1000 [████░░░░░░░░░░░░░░░░░░░░░░░░░░░░░░░░░░░░░░░░░░░░░░]   8.9%
     Best:     Objective 1=  12.51  Objective 2=  -5.50
     Mean:     Objective 1= -23.68  Objective 2= -89.46

Gen   90/1000 [████░░░░░░░░░░░░░░░░░░░░░░░░░░░░░░░░░░░░░░░░░░░░░░]   9.0%
     Best:     Objective 1=  13.00  Objective 2=  -6.15
     Mean:     Objective 1= -28.13  Objective 2= -76.41

Generation 90:	[18.972955   -3.34510066]
Mean fitness:	-61.30 +- 92.52
Mean fitness per obj: ['-28.33 +-42.16', '-94.27 +-114.75']
Gen   91/1000 [████░░░░░░░░░░░░░░░░░░░░░░░░░░░░░░░░░░░░░░░░░░░░░░]   9.1%
     Best:     Objective 1=  17.71  Objective 2=  -4.81
     Mean:     Objective 1= -28.33  Objective 2= -94.27

Gen   92/1000 [████░░░░░░░░░░░░░░░░░░░░░░░░░░░░░░░░░░░░░░░░░░░░░░]   9.2%
     Best:     Objective 1=  36.39  Objective 2=  -2.23
     Mean:     Objective 1= -24.99  Objective 2= -81.83

Gen   93/1000 [████░░░░░░░░░░░░░░░░░░░░░░░░░░░░░░░░░░░░░░░░░░░░░░]   9.3%
     Best:     Objective 1=  31.29  Objective 2=   0.43
     Mean:     Objective 1= -21.61  Objective 2= -75.18

Gen   94/1000 [████░░░░░░░░░░░░░░░░░░░░░░░░░░░░░░░░░░░░░░░░░░░░░░]   9.4%
     Best:     Objective 1=  18.86  Objective 2=  -3.75
     Mean:     Objective 1= -31.59  Objective 2= -71.87

Gen   95/1000 [████░░░░░░░░░░░░░░░░░░░░░░░░░░░░░░░░░░░░░░░░░░░░░░]   9.5%
     Best:     Objective 1=  18.82  Objective 2=  -5.12
     Mean:     Objective 1= -26.65  Objective 2= -59.85

Generation 95:	[18.972955   -3.34510066]
Mean fitness:	-46.24 +- 85.59
Mean fitness per obj: ['-13.91 +-22.72', '-78.56 +-109.74']
Gen   96/1000 [████░░░░░░░░░░░░░░░░░░░░░░░░░░░░░░░░░░░░░░░░░░░░░░]   9.6%
     Best:     Objective 1=  26.80  Objective 2=  -5.38
     Mean:     Objective 1= -13.91  Objective 2= -78.56

Gen   97/1000 [████░░░░░░░░░░░░░░░░░░░░░░░░░░░░░░░░░░░░░░░░░░░░░░]   9.7%
     Best:     Objective 1=  19.65  Objective 2=  -2.65
     Mean:     Objective 1= -27.36  Objective 2= -67.66

Gen   98/1000 [████░░░░░░░░░░░░░░░░░░░░░░░░░░░░░░░░░░░░░░░░░░░░░░]   9.8%
     Best:     Objective 1=  51.61  Objective 2=  -6.55
     Mean:     Objective 1= -24.17  Objective 2= -63.64

Gen   99/1000 [████░░░░░░░░░░░░░░░░░░░░░░░░░░░░░░░░░░░░░░░░░░░░░░]   9.9%
     Best:     Objective 1=  22.91  Objective 2=  -0.77
     Mean:     Objective 1= -20.42  Objective 2= -78.25

Gen  100/1000 [█████░░░░░░░░░░░░░░░░░░░░░░░░░░░░░░░░░░░░░░░░░░░░░]  10.0%
     Best:     Objective 1=  26.04  Objective 2=  -6.02
     Mean:     Objective 1= -16.76  Objective 2= -77.45

Generation 100:	[18.972955   -3.34510066]
Mean fitness:	-65.53 +- 104.29
Mean fitness per obj: ['-28.26 +-67.62', '-102.80 +-120.01']
Gen  101/1000 [█████░░░░░░░░░░░░░░░░░░░░░░░░░░░░░░░░░░░░░░░░░░░░░]  10.1%
     Best:     Objective 1=  16.27  Objective 2=  -2.68
     Mean:     Objective 1= -28.26  Objective 2=-102.80

Gen  102/1000 [█████░░░░░░░░░░░░░░░░░░░░░░░░░░░░░░░░░░░░░░░░░░░░░]  10.2%
     Best:     Objective 1=  29.46  Objective 2=  -4.18
     Mean:     Objective 1= -24.09  Objective 2= -73.52

Gen  103/1000 [█████░░░░░░░░░░░░░░░░░░░░░░░░░░░░░░░░░░░░░░░░░░░░░]  10.3%
     Best:     Objective 1=  25.57  Objective 2=  34.63
     Mean:     Objective 1= -20.90  Objective 2= -95.40

Gen  104/1000 [█████░░░░░░░░░░░░░░░░░░░░░░░░░░░░░░░░░░░░░░░░░░░░░]  10.4%
     Best:     Objective 1=  21.43  Objective 2=  -0.17
     Mean:     Objective 1= -23.22  Objective 2= -78.01

Gen  105/1000 [█████░░░░░░░░░░░░░░░░░░░░░░░░░░░░░░░░░░░░░░░░░░░░░]  10.5%
     Best:     Objective 1=  13.35  Objective 2=  14.18
     Mean:     Objective 1= -21.26  Objective 2= -62.28

Generation 105:	[18.972955   -3.34510066]
Mean fitness:	-45.19 +- 74.50
Mean fitness per obj: ['-18.93 +-32.54', '-71.44 +-93.07']
Gen  106/1000 [█████░░░░░░░░░░░░░░░░░░░░░░░░░░░░░░░░░░░░░░░░░░░░░]  10.6%
     Best:     Objective 1=  18.29  Objective 2=   1.14
     Mean:     Objective 1= -18.93  Objective 2= -71.44

Gen  107/1000 [█████░░░░░░░░░░░░░░░░░░░░░░░░░░░░░░░░░░░░░░░░░░░░░]  10.7%
     Best:     Objective 1=  14.55  Objective 2=  23.78
     Mean:     Objective 1= -18.59  Objective 2= -69.14

Gen  108/1000 [█████░░░░░░░░░░░░░░░░░░░░░░░░░░░░░░░░░░░░░░░░░░░░░]  10.8%
     Best:     Objective 1=  33.34  Objective 2=   5.46
     Mean:     Objective 1= -14.59  Objective 2= -67.20

Gen  109/1000 [█████░░░░░░░░░░░░░░░░░░░░░░░░░░░░░░░░░░░░░░░░░░░░░]  10.9%
     Best:     Objective 1=  29.64  Objective 2=   0.20
     Mean:     Objective 1= -25.70  Objective 2= -60.70

Gen  110/1000 [█████░░░░░░░░░░░░░░░░░░░░░░░░░░░░░░░░░░░░░░░░░░░░░]  11.0%
     Best:     Objective 1=  21.40  Objective 2=   0.05
     Mean:     Objective 1= -18.98  Objective 2= -61.34

Generation 110:	[29.64295561  0.19608478]
Mean fitness:	-54.62 +- 100.66
Mean fitness per obj: ['-23.12 +-52.95', '-86.13 +-124.39']
Gen  111/1000 [█████░░░░░░░░░░░░░░░░░░░░░░░░░░░░░░░░░░░░░░░░░░░░░]  11.1%
     Best:     Objective 1=  17.29  Objective 2=   7.91
     Mean:     Objective 1= -23.12  Objective 2= -86.13

Gen  112/1000 [█████░░░░░░░░░░░░░░░░░░░░░░░░░░░░░░░░░░░░░░░░░░░░░]  11.2%
     Best:     Objective 1=  23.51  Objective 2=  -0.80
     Mean:     Objective 1= -15.81  Objective 2= -54.47

Gen  113/1000 [█████░░░░░░░░░░░░░░░░░░░░░░░░░░░░░░░░░░░░░░░░░░░░░]  11.3%
     Best:     Objective 1=  17.02  Objective 2=  13.52
     Mean:     Objective 1= -23.86  Objective 2= -48.54

Gen  114/1000 [█████░░░░░░░░░░░░░░░░░░░░░░░░░░░░░░░░░░░░░░░░░░░░░]  11.4%
     Best:     Objective 1=  33.84  Objective 2=   1.30
     Mean:     Objective 1= -13.15  Objective 2= -72.99

Gen  115/1000 [█████░░░░░░░░░░░░░░░░░░░░░░░░░░░░░░░░░░░░░░░░░░░░░]  11.5%
     Best:     Objective 1=  19.30  Objective 2=  12.12
     Mean:     Objective 1= -15.31  Objective 2= -56.01

Generation 115:	[29.64295561  0.19608478]
Mean fitness:	-35.33 +- 62.83
Mean fitness per obj: ['-21.46 +-48.99', '-49.19 +-71.49']
Gen  116/1000 [█████░░░░░░░░░░░░░░░░░░░░░░░░░░░░░░░░░░░░░░░░░░░░░]  11.6%
     Best:     Objective 1=  23.64  Objective 2=  -0.47
     Mean:     Objective 1= -21.46  Objective 2= -49.19

Gen  117/1000 [█████░░░░░░░░░░░░░░░░░░░░░░░░░░░░░░░░░░░░░░░░░░░░░]  11.7%
     Best:     Objective 1=  42.47  Objective 2=   1.03
     Mean:     Objective 1= -14.42  Objective 2= -65.17

Gen  118/1000 [█████░░░░░░░░░░░░░░░░░░░░░░░░░░░░░░░░░░░░░░░░░░░░░]  11.8%
     Best:     Objective 1=  54.93  Objective 2=  12.20
     Mean:     Objective 1= -12.24  Objective 2= -46.45

Gen  119/1000 [█████░░░░░░░░░░░░░░░░░░░░░░░░░░░░░░░░░░░░░░░░░░░░░]  11.9%
     Best:     Objective 1=  28.68  Objective 2=   9.18
     Mean:     Objective 1= -16.00  Objective 2= -59.49

Gen  120/1000 [██████░░░░░░░░░░░░░░░░░░░░░░░░░░░░░░░░░░░░░░░░░░░░]  12.0%
     Best:     Objective 1=  26.09  Objective 2=   3.96
     Mean:     Objective 1= -17.08  Objective 2= -51.36

Generation 120:	[29.64295561  0.19608478]
Mean fitness:	-29.50 +- 54.49
Mean fitness per obj: ['-12.83 +-41.69', '-46.16 +-60.38']
Gen  121/1000 [██████░░░░░░░░░░░░░░░░░░░░░░░░░░░░░░░░░░░░░░░░░░░░]  12.1%
     Best:     Objective 1=  40.56  Objective 2=  11.75
     Mean:     Objective 1= -12.83  Objective 2= -46.16

Gen  122/1000 [██████░░░░░░░░░░░░░░░░░░░░░░░░░░░░░░░░░░░░░░░░░░░░]  12.2%
     Best:     Objective 1=  47.35  Objective 2=   6.10
     Mean:     Objective 1= -10.80  Objective 2= -64.70

Gen  123/1000 [██████░░░░░░░░░░░░░░░░░░░░░░░░░░░░░░░░░░░░░░░░░░░░]  12.3%
     Best:     Objective 1=  30.71  Objective 2=  19.83
     Mean:     Objective 1=  -9.10  Objective 2= -62.76

Gen  124/1000 [██████░░░░░░░░░░░░░░░░░░░░░░░░░░░░░░░░░░░░░░░░░░░░]  12.4%
     Best:     Objective 1=  29.45  Objective 2=  33.92
     Mean:     Objective 1= -11.00  Objective 2= -56.27

Gen  125/1000 [██████░░░░░░░░░░░░░░░░░░░░░░░░░░░░░░░░░░░░░░░░░░░░]  12.5%
     Best:     Objective 1=  49.38  Objective 2=  35.08
     Mean:     Objective 1=  -7.43  Objective 2= -43.10

Generation 125:	[49.37844159 35.07565378]
Mean fitness:	-24.21 +- 57.28
Mean fitness per obj: ['-4.20 +-19.15', '-44.23 +-73.45']
Gen  126/1000 [██████░░░░░░░░░░░░░░░░░░░░░░░░░░░░░░░░░░░░░░░░░░░░]  12.6%
     Best:     Objective 1=  47.40  Objective 2=   9.01
     Mean:     Objective 1=  -4.20  Objective 2= -44.23

Gen  127/1000 [██████░░░░░░░░░░░░░░░░░░░░░░░░░░░░░░░░░░░░░░░░░░░░]  12.7%
     Best:     Objective 1=  28.79  Objective 2=   6.85
     Mean:     Objective 1= -16.26  Objective 2= -64.48

Gen  128/1000 [██████░░░░░░░░░░░░░░░░░░░░░░░░░░░░░░░░░░░░░░░░░░░░]  12.8%
     Best:     Objective 1=  28.61  Objective 2=  25.63
     Mean:     Objective 1=  -6.29  Objective 2= -55.73

Gen  129/1000 [██████░░░░░░░░░░░░░░░░░░░░░░░░░░░░░░░░░░░░░░░░░░░░]  12.9%
     Best:     Objective 1=  34.17  Objective 2=  13.34
     Mean:     Objective 1= -11.61  Objective 2= -42.47

Gen  130/1000 [██████░░░░░░░░░░░░░░░░░░░░░░░░░░░░░░░░░░░░░░░░░░░░]  13.0%
     Best:     Objective 1=  20.98  Objective 2=  14.37
     Mean:     Objective 1=  -8.66  Objective 2= -61.08

Generation 130:	[49.37844159 35.07565378]
Mean fitness:	-28.11 +- 54.70
Mean fitness per obj: ['-9.34 +-31.80', '-46.87 +-65.33']
Gen  131/1000 [██████░░░░░░░░░░░░░░░░░░░░░░░░░░░░░░░░░░░░░░░░░░░░]  13.1%
     Best:     Objective 1=  25.76  Objective 2=  29.13
     Mean:     Objective 1=  -9.34  Objective 2= -46.87

Gen  132/1000 [██████░░░░░░░░░░░░░░░░░░░░░░░░░░░░░░░░░░░░░░░░░░░░]  13.2%
     Best:     Objective 1=  37.39  Objective 2=  17.49
     Mean:     Objective 1=  -6.96  Objective 2= -54.36

Gen  133/1000 [██████░░░░░░░░░░░░░░░░░░░░░░░░░░░░░░░░░░░░░░░░░░░░]  13.3%
     Best:     Objective 1=  24.55  Objective 2=   7.39
     Mean:     Objective 1=  -9.24  Objective 2= -50.19

Gen  134/1000 [██████░░░░░░░░░░░░░░░░░░░░░░░░░░░░░░░░░░░░░░░░░░░░]  13.4%
     Best:     Objective 1=  44.75  Objective 2=   0.70
     Mean:     Objective 1=  -9.60  Objective 2= -59.46

Gen  135/1000 [██████░░░░░░░░░░░░░░░░░░░░░░░░░░░░░░░░░░░░░░░░░░░░]  13.5%
     Best:     Objective 1=  31.07  Objective 2=   9.67
     Mean:     Objective 1=  -9.69  Objective 2= -63.60

Generation 135:	[49.37844159 35.07565378]
Mean fitness:	-33.65 +- 71.40
Mean fitness per obj: ['-17.27 +-56.53', '-50.04 +-80.40']
Gen  136/1000 [██████░░░░░░░░░░░░░░░░░░░░░░░░░░░░░░░░░░░░░░░░░░░░]  13.6%
     Best:     Objective 1=  23.24  Objective 2=  19.71
     Mean:     Objective 1= -17.27  Objective 2= -50.04

Gen  137/1000 [██████░░░░░░░░░░░░░░░░░░░░░░░░░░░░░░░░░░░░░░░░░░░░]  13.7%
     Best:     Objective 1=  26.31  Objective 2=   3.87
     Mean:     Objective 1=  -9.16  Objective 2= -46.63

Gen  138/1000 [██████░░░░░░░░░░░░░░░░░░░░░░░░░░░░░░░░░░░░░░░░░░░░]  13.8%
     Best:     Objective 1=  36.70  Objective 2=   0.20
     Mean:     Objective 1=  -7.11  Objective 2= -30.89

Gen  139/1000 [██████░░░░░░░░░░░░░░░░░░░░░░░░░░░░░░░░░░░░░░░░░░░░]  13.9%
     Best:     Objective 1=  39.59  Objective 2=  33.38
     Mean:     Objective 1= -18.06  Objective 2= -54.57

Gen  140/1000 [███████░░░░░░░░░░░░░░░░░░░░░░░░░░░░░░░░░░░░░░░░░░░]  14.0%
     Best:     Objective 1=  29.67  Objective 2=  19.60
     Mean:     Objective 1=  -8.04  Objective 2= -58.70

Generation 140:	[49.37844159 35.07565378]
Mean fitness:	-27.36 +- 65.96
Mean fitness per obj: ['-5.58 +-16.55', '-49.13 +-86.49']
Gen  141/1000 [███████░░░░░░░░░░░░░░░░░░░░░░░░░░░░░░░░░░░░░░░░░░░]  14.1%
     Best:     Objective 1=  26.85  Objective 2=  13.53
     Mean:     Objective 1=  -5.58  Objective 2= -49.13

Gen  142/1000 [███████░░░░░░░░░░░░░░░░░░░░░░░░░░░░░░░░░░░░░░░░░░░]  14.2%
     Best:     Objective 1=  38.08  Objective 2=  11.58
     Mean:     Objective 1= -14.90  Objective 2= -50.38

Gen  143/1000 [███████░░░░░░░░░░░░░░░░░░░░░░░░░░░░░░░░░░░░░░░░░░░]  14.3%
     Best:     Objective 1=  27.70  Objective 2=  32.40
     Mean:     Objective 1=  -5.85  Objective 2= -49.56

Gen  144/1000 [███████░░░░░░░░░░░░░░░░░░░░░░░░░░░░░░░░░░░░░░░░░░░]  14.4%
     Best:     Objective 1=  22.42  Objective 2=  32.41
     Mean:     Objective 1=  -9.21  Objective 2= -41.51

Gen  145/1000 [███████░░░░░░░░░░░░░░░░░░░░░░░░░░░░░░░░░░░░░░░░░░░]  14.5%
     Best:     Objective 1=  40.14  Objective 2=  11.04
     Mean:     Objective 1= -15.01  Objective 2= -46.65

Generation 145:	[49.37844159 35.07565378]
Mean fitness:	-28.93 +- 65.17
Mean fitness per obj: ['-7.75 +-24.65', '-50.11 +-83.61']
Gen  146/1000 [███████░░░░░░░░░░░░░░░░░░░░░░░░░░░░░░░░░░░░░░░░░░░]  14.6%
     Best:     Objective 1=  27.59  Objective 2=   8.41
     Mean:     Objective 1=  -7.75  Objective 2= -50.11

Gen  147/1000 [███████░░░░░░░░░░░░░░░░░░░░░░░░░░░░░░░░░░░░░░░░░░░]  14.7%
     Best:     Objective 1=  76.73  Objective 2=  24.04
     Mean:     Objective 1= -14.31  Objective 2= -37.75

Gen  148/1000 [███████░░░░░░░░░░░░░░░░░░░░░░░░░░░░░░░░░░░░░░░░░░░]  14.8%
     Best:     Objective 1=  32.22  Objective 2=  17.61
     Mean:     Objective 1=  -9.77  Objective 2= -49.74

Gen  149/1000 [███████░░░░░░░░░░░░░░░░░░░░░░░░░░░░░░░░░░░░░░░░░░░]  14.9%
     Best:     Objective 1=  34.10  Objective 2=  18.00
     Mean:     Objective 1= -10.88  Objective 2= -46.21

Gen  150/1000 [███████░░░░░░░░░░░░░░░░░░░░░░░░░░░░░░░░░░░░░░░░░░░]  15.0%
     Best:     Objective 1=  37.97  Objective 2=  28.69
     Mean:     Objective 1=  -8.13  Objective 2= -56.79

Generation 150:	[49.37844159 35.07565378]
Mean fitness:	-22.75 +- 54.00
Mean fitness per obj: ['-8.03 +-37.61', '-37.48 +-63.12']
Gen  151/1000 [███████░░░░░░░░░░░░░░░░░░░░░░░░░░░░░░░░░░░░░░░░░░░]  15.1%
     Best:     Objective 1=  47.35  Objective 2=  29.21
     Mean:     Objective 1=  -8.03  Objective 2= -37.48

Gen  152/1000 [███████░░░░░░░░░░░░░░░░░░░░░░░░░░░░░░░░░░░░░░░░░░░]  15.2%
     Best:     Objective 1=  63.62  Objective 2=  19.30
     Mean:     Objective 1=  -8.73  Objective 2= -53.24

Gen  153/1000 [███████░░░░░░░░░░░░░░░░░░░░░░░░░░░░░░░░░░░░░░░░░░░]  15.3%
     Best:     Objective 1=  47.33  Objective 2=   4.69
     Mean:     Objective 1= -10.11  Objective 2= -52.23

Gen  154/1000 [███████░░░░░░░░░░░░░░░░░░░░░░░░░░░░░░░░░░░░░░░░░░░]  15.4%
     Best:     Objective 1=  27.18  Objective 2=   7.27
     Mean:     Objective 1=  -7.99  Objective 2= -45.40

Gen  155/1000 [███████░░░░░░░░░░░░░░░░░░░░░░░░░░░░░░░░░░░░░░░░░░░]  15.5%
     Best:     Objective 1=  45.29  Objective 2=  22.04
     Mean:     Objective 1=  -7.09  Objective 2= -51.32

Generation 155:	[49.37844159 35.07565378]
Mean fitness:	-27.22 +- 72.05
Mean fitness per obj: ['-0.66 +-15.11', '-53.77 +-93.50']
Gen  156/1000 [███████░░░░░░░░░░░░░░░░░░░░░░░░░░░░░░░░░░░░░░░░░░░]  15.6%
     Best:     Objective 1=  43.06  Objective 2=  37.48
     Mean:     Objective 1=  -0.66  Objective 2= -53.77

Gen  157/1000 [███████░░░░░░░░░░░░░░░░░░░░░░░░░░░░░░░░░░░░░░░░░░░]  15.7%
     Best:     Objective 1=  36.34  Objective 2=   2.10
     Mean:     Objective 1=  -5.87  Objective 2= -45.69

Gen  158/1000 [███████░░░░░░░░░░░░░░░░░░░░░░░░░░░░░░░░░░░░░░░░░░░]  15.8%
     Best:     Objective 1=  28.64  Objective 2=  22.08
     Mean:     Objective 1= -11.52  Objective 2= -31.21

Gen  159/1000 [███████░░░░░░░░░░░░░░░░░░░░░░░░░░░░░░░░░░░░░░░░░░░]  15.9%
     Best:     Objective 1=  41.71  Objective 2=  11.38
     Mean:     Objective 1=  -8.31  Objective 2= -45.91

Gen  160/1000 [████████░░░░░░░░░░░░░░░░░░░░░░░░░░░░░░░░░░░░░░░░░░]  16.0%
     Best:     Objective 1=  51.78  Objective 2=  14.02
     Mean:     Objective 1=  -7.21  Objective 2= -48.82

Generation 160:	[49.37844159 35.07565378]
Mean fitness:	-21.76 +- 47.32
Mean fitness per obj: ['-6.59 +-28.56', '-36.92 +-56.59']
Gen  161/1000 [████████░░░░░░░░░░░░░░░░░░░░░░░░░░░░░░░░░░░░░░░░░░]  16.1%
     Best:     Objective 1=  36.64  Objective 2=  13.03
     Mean:     Objective 1=  -6.59  Objective 2= -36.92

Gen  162/1000 [████████░░░░░░░░░░░░░░░░░░░░░░░░░░░░░░░░░░░░░░░░░░]  16.2%
     Best:     Objective 1=  38.44  Objective 2=  41.07
     Mean:     Objective 1=  -5.68  Objective 2= -40.95

Gen  163/1000 [████████░░░░░░░░░░░░░░░░░░░░░░░░░░░░░░░░░░░░░░░░░░]  16.3%
     Best:     Objective 1=  36.58  Objective 2=  11.25
     Mean:     Objective 1=  -4.52  Objective 2= -37.60

Gen  164/1000 [████████░░░░░░░░░░░░░░░░░░░░░░░░░░░░░░░░░░░░░░░░░░]  16.4%
     Best:     Objective 1=  41.49  Objective 2=  20.89
     Mean:     Objective 1=  -3.83  Objective 2= -43.47

Gen  165/1000 [████████░░░░░░░░░░░░░░░░░░░░░░░░░░░░░░░░░░░░░░░░░░]  16.5%
     Best:     Objective 1=  51.37  Objective 2=  20.22
     Mean:     Objective 1=  -3.81  Objective 2= -43.44

Generation 165:	[49.37844159 35.07565378]
Mean fitness:	-25.01 +- 60.73
Mean fitness per obj: ['-12.20 +-52.65', '-37.83 +-65.38']
Gen  166/1000 [████████░░░░░░░░░░░░░░░░░░░░░░░░░░░░░░░░░░░░░░░░░░]  16.6%
     Best:     Objective 1=  42.32  Objective 2=  15.45
     Mean:     Objective 1= -12.20  Objective 2= -37.83

Gen  167/1000 [████████░░░░░░░░░░░░░░░░░░░░░░░░░░░░░░░░░░░░░░░░░░]  16.7%
     Best:     Objective 1=  33.48  Objective 2=   5.26
     Mean:     Objective 1= -23.31  Objective 2= -53.76

Gen  168/1000 [████████░░░░░░░░░░░░░░░░░░░░░░░░░░░░░░░░░░░░░░░░░░]  16.8%
     Best:     Objective 1=  37.21  Objective 2=  26.50
     Mean:     Objective 1=  -5.08  Objective 2= -61.78

Gen  169/1000 [████████░░░░░░░░░░░░░░░░░░░░░░░░░░░░░░░░░░░░░░░░░░]  16.9%
     Best:     Objective 1=  24.56  Objective 2=   3.38
     Mean:     Objective 1=  -9.50  Objective 2= -36.87

Gen  170/1000 [████████░░░░░░░░░░░░░░░░░░░░░░░░░░░░░░░░░░░░░░░░░░]  17.0%
     Best:     Objective 1=  44.04  Objective 2=   8.27
     Mean:     Objective 1=  -4.15  Objective 2= -42.05

Generation 170:	[49.37844159 35.07565378]
Mean fitness:	-22.65 +- 49.46
Mean fitness per obj: ['-3.92 +-16.42', '-41.38 +-62.62']
Gen  171/1000 [████████░░░░░░░░░░░░░░░░░░░░░░░░░░░░░░░░░░░░░░░░░░]  17.1%
     Best:     Objective 1=  37.04  Objective 2=  15.73
     Mean:     Objective 1=  -3.92  Objective 2= -41.38

Gen  172/1000 [████████░░░░░░░░░░░░░░░░░░░░░░░░░░░░░░░░░░░░░░░░░░]  17.2%
     Best:     Objective 1=  33.46  Objective 2=  16.81
     Mean:     Objective 1= -11.21  Objective 2= -43.61

Gen  173/1000 [████████░░░░░░░░░░░░░░░░░░░░░░░░░░░░░░░░░░░░░░░░░░]  17.3%
     Best:     Objective 1=  24.57  Objective 2=   6.93
     Mean:     Objective 1=  -8.03  Objective 2= -38.00

Gen  174/1000 [████████░░░░░░░░░░░░░░░░░░░░░░░░░░░░░░░░░░░░░░░░░░]  17.4%
     Best:     Objective 1=  26.29  Objective 2=  12.60
     Mean:     Objective 1=  -6.53  Objective 2= -40.17

Gen  175/1000 [████████░░░░░░░░░░░░░░░░░░░░░░░░░░░░░░░░░░░░░░░░░░]  17.5%
     Best:     Objective 1=  26.52  Objective 2=  21.96
     Mean:     Objective 1= -12.12  Objective 2= -38.96

Generation 175:	[49.37844159 35.07565378]
Mean fitness:	-31.03 +- 69.61
Mean fitness per obj: ['-7.32 +-30.51', '-54.74 +-87.39']
Gen  176/1000 [████████░░░░░░░░░░░░░░░░░░░░░░░░░░░░░░░░░░░░░░░░░░]  17.6%
     Best:     Objective 1=  36.96  Objective 2=  15.29
     Mean:     Objective 1=  -7.32  Objective 2= -54.74

Gen  177/1000 [████████░░░░░░░░░░░░░░░░░░░░░░░░░░░░░░░░░░░░░░░░░░]  17.7%
     Best:     Objective 1=  87.23  Objective 2=  27.61
     Mean:     Objective 1= -11.51  Objective 2= -46.45

Gen  178/1000 [████████░░░░░░░░░░░░░░░░░░░░░░░░░░░░░░░░░░░░░░░░░░]  17.8%
     Best:     Objective 1=  36.92  Objective 2=  29.32
     Mean:     Objective 1=  -7.70  Objective 2= -42.20

Gen  179/1000 [████████░░░░░░░░░░░░░░░░░░░░░░░░░░░░░░░░░░░░░░░░░░]  17.9%
     Best:     Objective 1=  37.66  Objective 2=  12.93
     Mean:     Objective 1=  -9.63  Objective 2= -44.79

Gen  180/1000 [█████████░░░░░░░░░░░░░░░░░░░░░░░░░░░░░░░░░░░░░░░░░]  18.0%
     Best:     Objective 1=  33.39  Objective 2=  31.22
     Mean:     Objective 1=  -6.02  Objective 2= -45.12

Generation 180:	[49.37844159 35.07565378]
Mean fitness:	-25.53 +- 55.39
Mean fitness per obj: ['-7.24 +-24.72', '-43.82 +-69.68']
Gen  181/1000 [█████████░░░░░░░░░░░░░░░░░░░░░░░░░░░░░░░░░░░░░░░░░]  18.1%
     Best:     Objective 1=  34.68  Objective 2=   7.69
     Mean:     Objective 1=  -7.24  Objective 2= -43.82

Gen  182/1000 [█████████░░░░░░░░░░░░░░░░░░░░░░░░░░░░░░░░░░░░░░░░░]  18.2%
     Best:     Objective 1=  22.48  Objective 2=  20.91
     Mean:     Objective 1= -10.96  Objective 2= -39.42

Gen  183/1000 [█████████░░░░░░░░░░░░░░░░░░░░░░░░░░░░░░░░░░░░░░░░░]  18.3%
     Best:     Objective 1=  24.58  Objective 2=   3.11
     Mean:     Objective 1=  -9.52  Objective 2= -54.79

Gen  184/1000 [█████████░░░░░░░░░░░░░░░░░░░░░░░░░░░░░░░░░░░░░░░░░]  18.4%
     Best:     Objective 1=  50.53  Objective 2=  42.18
     Mean:     Objective 1=  -7.17  Objective 2= -43.53

Gen  185/1000 [█████████░░░░░░░░░░░░░░░░░░░░░░░░░░░░░░░░░░░░░░░░░]  18.5%
     Best:     Objective 1=  35.07  Objective 2=  -0.71
     Mean:     Objective 1=  -6.73  Objective 2= -53.54

Generation 185:	[49.37844159 35.07565378]
Mean fitness:	-25.38 +- 57.49
Mean fitness per obj: ['-6.51 +-25.78', '-44.26 +-72.34']
Gen  186/1000 [█████████░░░░░░░░░░░░░░░░░░░░░░░░░░░░░░░░░░░░░░░░░]  18.6%
     Best:     Objective 1=  52.33  Objective 2=   6.74
     Mean:     Objective 1=  -6.51  Objective 2= -44.26

Gen  187/1000 [█████████░░░░░░░░░░░░░░░░░░░░░░░░░░░░░░░░░░░░░░░░░]  18.7%
     Best:     Objective 1=  61.30  Objective 2=  13.67
     Mean:     Objective 1= -13.65  Objective 2= -50.94

Gen  188/1000 [█████████░░░░░░░░░░░░░░░░░░░░░░░░░░░░░░░░░░░░░░░░░]  18.8%
     Best:     Objective 1=  31.60  Objective 2=  14.77
     Mean:     Objective 1=  -4.16  Objective 2= -42.89

Gen  189/1000 [█████████░░░░░░░░░░░░░░░░░░░░░░░░░░░░░░░░░░░░░░░░░]  18.9%
     Best:     Objective 1=  42.57  Objective 2=  59.98
     Mean:     Objective 1=  -3.34  Objective 2= -41.32

Gen  190/1000 [█████████░░░░░░░░░░░░░░░░░░░░░░░░░░░░░░░░░░░░░░░░░]  19.0%
     Best:     Objective 1=  38.72  Objective 2=  14.91
     Mean:     Objective 1=  -8.99  Objective 2= -46.41

Generation 190:	[49.37844159 35.07565378]
Mean fitness:	-24.08 +- 55.45
Mean fitness per obj: ['-9.74 +-32.17', '-38.42 +-68.58']
Gen  191/1000 [█████████░░░░░░░░░░░░░░░░░░░░░░░░░░░░░░░░░░░░░░░░░]  19.1%
     Best:     Objective 1=  26.96  Objective 2=  23.50
     Mean:     Objective 1=  -9.74  Objective 2= -38.42

Gen  192/1000 [█████████░░░░░░░░░░░░░░░░░░░░░░░░░░░░░░░░░░░░░░░░░]  19.2%
     Best:     Objective 1=  45.28  Objective 2=  27.43
     Mean:     Objective 1=  -0.27  Objective 2= -36.09

Gen  193/1000 [█████████░░░░░░░░░░░░░░░░░░░░░░░░░░░░░░░░░░░░░░░░░]  19.3%
     Best:     Objective 1=  28.28  Objective 2=   7.35
     Mean:     Objective 1= -10.30  Objective 2= -45.31

Gen  194/1000 [█████████░░░░░░░░░░░░░░░░░░░░░░░░░░░░░░░░░░░░░░░░░]  19.4%
     Best:     Objective 1=  50.20  Objective 2=  49.63
     Mean:     Objective 1=  -8.95  Objective 2= -35.22

Gen  195/1000 [█████████░░░░░░░░░░░░░░░░░░░░░░░░░░░░░░░░░░░░░░░░░]  19.5%
     Best:     Objective 1=  41.94  Objective 2=  11.11
     Mean:     Objective 1=  -9.05  Objective 2= -42.06

Generation 195:	[49.37844159 35.07565378]
Mean fitness:	-26.05 +- 62.00
Mean fitness per obj: ['-0.94 +-18.21', '-51.16 +-78.07']
Gen  196/1000 [█████████░░░░░░░░░░░░░░░░░░░░░░░░░░░░░░░░░░░░░░░░░]  19.6%
     Best:     Objective 1=  60.24  Objective 2=   9.63
     Mean:     Objective 1=  -0.94  Objective 2= -51.16

Gen  197/1000 [█████████░░░░░░░░░░░░░░░░░░░░░░░░░░░░░░░░░░░░░░░░░]  19.7%
     Best:     Objective 1=  28.29  Objective 2=  27.14
     Mean:     Objective 1=  -5.20  Objective 2= -43.06

Gen  198/1000 [█████████░░░░░░░░░░░░░░░░░░░░░░░░░░░░░░░░░░░░░░░░░]  19.8%
     Best:     Objective 1=  42.84  Objective 2=   3.51
     Mean:     Objective 1=  -6.10  Objective 2= -42.79

Gen  199/1000 [█████████░░░░░░░░░░░░░░░░░░░░░░░░░░░░░░░░░░░░░░░░░]  19.9%
     Best:     Objective 1=  72.58  Objective 2=   8.74
     Mean:     Objective 1=  -2.30  Objective 2= -35.31

Gen  200/1000 [██████████░░░░░░░░░░░░░░░░░░░░░░░░░░░░░░░░░░░░░░░░]  20.0%
     Best:     Objective 1=  27.91  Objective 2=   1.87
     Mean:     Objective 1=  -4.71  Objective 2= -51.20

Generation 200:	[49.37844159 35.07565378]
Mean fitness:	-23.72 +- 53.16
Mean fitness per obj: ['-8.37 +-32.99', '-39.08 +-63.97']
Gen  201/1000 [██████████░░░░░░░░░░░░░░░░░░░░░░░░░░░░░░░░░░░░░░░░]  20.1%
     Best:     Objective 1=  29.64  Objective 2=  21.90
     Mean:     Objective 1=  -8.37  Objective 2= -39.08

Gen  202/1000 [██████████░░░░░░░░░░░░░░░░░░░░░░░░░░░░░░░░░░░░░░░░]  20.2%
     Best:     Objective 1=  34.62  Objective 2=   7.60
     Mean:     Objective 1=  -9.60  Objective 2= -49.70

Gen  203/1000 [██████████░░░░░░░░░░░░░░░░░░░░░░░░░░░░░░░░░░░░░░░░]  20.3%
     Best:     Objective 1=  30.88  Objective 2=  14.71
     Mean:     Objective 1= -10.39  Objective 2= -41.79

Gen  204/1000 [██████████░░░░░░░░░░░░░░░░░░░░░░░░░░░░░░░░░░░░░░░░]  20.4%
     Best:     Objective 1=  45.58  Objective 2=  38.07
     Mean:     Objective 1=  -2.84  Objective 2= -39.56

Gen  205/1000 [██████████░░░░░░░░░░░░░░░░░░░░░░░░░░░░░░░░░░░░░░░░]  20.5%
     Best:     Objective 1=  24.37  Objective 2=   6.03
     Mean:     Objective 1= -13.39  Objective 2= -45.96

Generation 205:	[49.37844159 35.07565378]
Mean fitness:	-26.76 +- 61.97
Mean fitness per obj: ['-4.92 +-31.56', '-48.59 +-75.71']
Gen  206/1000 [██████████░░░░░░░░░░░░░░░░░░░░░░░░░░░░░░░░░░░░░░░░]  20.6%
     Best:     Objective 1=  38.27  Objective 2=  19.56
     Mean:     Objective 1=  -4.92  Objective 2= -48.59

Gen  207/1000 [██████████░░░░░░░░░░░░░░░░░░░░░░░░░░░░░░░░░░░░░░░░]  20.7%
     Best:     Objective 1=  26.42  Objective 2=   7.63
     Mean:     Objective 1=  -5.26  Objective 2= -45.23

Gen  208/1000 [██████████░░░░░░░░░░░░░░░░░░░░░░░░░░░░░░░░░░░░░░░░]  20.8%
     Best:     Objective 1=  54.26  Objective 2=   8.96
     Mean:     Objective 1= -10.78  Objective 2= -47.42

Gen  209/1000 [██████████░░░░░░░░░░░░░░░░░░░░░░░░░░░░░░░░░░░░░░░░]  20.9%
     Best:     Objective 1=  24.02  Objective 2=  25.38
     Mean:     Objective 1=  -6.36  Objective 2= -53.77

Gen  210/1000 [██████████░░░░░░░░░░░░░░░░░░░░░░░░░░░░░░░░░░░░░░░░]  21.0%
     Best:     Objective 1=  33.04  Objective 2=  16.36
     Mean:     Objective 1=  -9.29  Objective 2= -35.63

Generation 210:	[49.37844159 35.07565378]
Mean fitness:	-29.65 +- 60.95
Mean fitness per obj: ['-11.95 +-38.46', '-47.35 +-72.97']
Gen  211/1000 [██████████░░░░░░░░░░░░░░░░░░░░░░░░░░░░░░░░░░░░░░░░]  21.1%
     Best:     Objective 1=  27.27  Objective 2=   2.01
     Mean:     Objective 1= -11.95  Objective 2= -47.35

Gen  212/1000 [██████████░░░░░░░░░░░░░░░░░░░░░░░░░░░░░░░░░░░░░░░░]  21.2%
     Best:     Objective 1=  38.64  Objective 2=  40.73
     Mean:     Objective 1=  -2.90  Objective 2= -41.01

Gen  213/1000 [██████████░░░░░░░░░░░░░░░░░░░░░░░░░░░░░░░░░░░░░░░░]  21.3%
     Best:     Objective 1=  29.77  Objective 2=  27.33
     Mean:     Objective 1= -14.76  Objective 2= -42.19

Gen  214/1000 [██████████░░░░░░░░░░░░░░░░░░░░░░░░░░░░░░░░░░░░░░░░]  21.4%
     Best:     Objective 1=  43.51  Objective 2=  23.16
     Mean:     Objective 1=  -3.33  Objective 2= -45.93

Gen  215/1000 [██████████░░░░░░░░░░░░░░░░░░░░░░░░░░░░░░░░░░░░░░░░]  21.5%
     Best:     Objective 1=  42.29  Objective 2=  15.27
     Mean:     Objective 1=  -6.87  Objective 2= -45.31

Generation 215:	[49.37844159 35.07565378]
Mean fitness:	-25.09 +- 57.92
Mean fitness per obj: ['-4.17 +-16.05', '-46.01 +-74.67']
Gen  216/1000 [██████████░░░░░░░░░░░░░░░░░░░░░░░░░░░░░░░░░░░░░░░░]  21.6%
     Best:     Objective 1=  42.06  Objective 2=   0.00
     Mean:     Objective 1=  -4.17  Objective 2= -46.01

Gen  217/1000 [██████████░░░░░░░░░░░░░░░░░░░░░░░░░░░░░░░░░░░░░░░░]  21.7%
     Best:     Objective 1=  70.67  Objective 2=  12.80
     Mean:     Objective 1=  -2.75  Objective 2= -40.65

Gen  218/1000 [██████████░░░░░░░░░░░░░░░░░░░░░░░░░░░░░░░░░░░░░░░░]  21.8%
     Best:     Objective 1=  50.74  Objective 2=  13.59
     Mean:     Objective 1= -15.12  Objective 2= -46.40

Gen  219/1000 [██████████░░░░░░░░░░░░░░░░░░░░░░░░░░░░░░░░░░░░░░░░]  21.9%
     Best:     Objective 1=  28.84  Objective 2=  25.23
     Mean:     Objective 1=  -4.36  Objective 2= -47.34

Gen  220/1000 [███████████░░░░░░░░░░░░░░░░░░░░░░░░░░░░░░░░░░░░░░░]  22.0%
     Best:     Objective 1=  37.97  Objective 2=  30.53
     Mean:     Objective 1=  -9.17  Objective 2= -47.22

Generation 220:	[49.37844159 35.07565378]
Mean fitness:	-19.86 +- 43.12
Mean fitness per obj: ['-3.44 +-20.01', '-36.28 +-52.72']
Gen  221/1000 [███████████░░░░░░░░░░░░░░░░░░░░░░░░░░░░░░░░░░░░░░░]  22.1%
     Best:     Objective 1=  25.61  Objective 2=  42.62
     Mean:     Objective 1=  -3.44  Objective 2= -36.28

Gen  222/1000 [███████████░░░░░░░░░░░░░░░░░░░░░░░░░░░░░░░░░░░░░░░]  22.2%
     Best:     Objective 1=  56.99  Objective 2=  26.34
     Mean:     Objective 1=  -5.89  Objective 2= -38.40

Gen  223/1000 [███████████░░░░░░░░░░░░░░░░░░░░░░░░░░░░░░░░░░░░░░░]  22.3%
     Best:     Objective 1=  33.32  Objective 2=  14.66
     Mean:     Objective 1=  -4.17  Objective 2= -38.07

Gen  224/1000 [███████████░░░░░░░░░░░░░░░░░░░░░░░░░░░░░░░░░░░░░░░]  22.4%
     Best:     Objective 1=  36.28  Objective 2=  60.02
     Mean:     Objective 1=  -6.54  Objective 2= -46.12

Gen  225/1000 [███████████░░░░░░░░░░░░░░░░░░░░░░░░░░░░░░░░░░░░░░░]  22.5%
     Best:     Objective 1=  23.14  Objective 2=   4.58
     Mean:     Objective 1=  -8.54  Objective 2= -44.40

Generation 225:	[49.37844159 35.07565378]
Mean fitness:	-25.20 +- 53.15
Mean fitness per obj: ['-9.47 +-34.89', '-40.93 +-62.75']
Gen  226/1000 [███████████░░░░░░░░░░░░░░░░░░░░░░░░░░░░░░░░░░░░░░░]  22.6%
     Best:     Objective 1=  49.34  Objective 2=  29.98
     Mean:     Objective 1=  -9.47  Objective 2= -40.93

Gen  227/1000 [███████████░░░░░░░░░░░░░░░░░░░░░░░░░░░░░░░░░░░░░░░]  22.7%
     Best:     Objective 1=  37.27  Objective 2=   2.31
     Mean:     Objective 1=  -7.93  Objective 2= -51.88

Gen  228/1000 [███████████░░░░░░░░░░░░░░░░░░░░░░░░░░░░░░░░░░░░░░░]  22.8%
     Best:     Objective 1=  34.50  Objective 2=  20.21
     Mean:     Objective 1=  -7.34  Objective 2= -37.42

Gen  229/1000 [███████████░░░░░░░░░░░░░░░░░░░░░░░░░░░░░░░░░░░░░░░]  22.9%
     Best:     Objective 1=  50.77  Objective 2=  33.76
     Mean:     Objective 1=  -5.45  Objective 2= -44.75

Gen  230/1000 [███████████░░░░░░░░░░░░░░░░░░░░░░░░░░░░░░░░░░░░░░░]  23.0%
     Best:     Objective 1=  26.67  Objective 2=  27.44
     Mean:     Objective 1= -10.03  Objective 2= -28.23

Generation 230:	[49.37844159 35.07565378]
Mean fitness:	-26.49 +- 58.43
Mean fitness per obj: ['-5.41 +-23.22', '-47.57 +-73.48']
Gen  231/1000 [███████████░░░░░░░░░░░░░░░░░░░░░░░░░░░░░░░░░░░░░░░]  23.1%
     Best:     Objective 1=  41.44  Objective 2=   9.23
     Mean:     Objective 1=  -5.41  Objective 2= -47.57

Gen  232/1000 [███████████░░░░░░░░░░░░░░░░░░░░░░░░░░░░░░░░░░░░░░░]  23.2%
     Best:     Objective 1=  25.80  Objective 2=   4.05
     Mean:     Objective 1=  -3.98  Objective 2= -38.45

Gen  233/1000 [███████████░░░░░░░░░░░░░░░░░░░░░░░░░░░░░░░░░░░░░░░]  23.3%
     Best:     Objective 1=  26.06  Objective 2=  18.33
     Mean:     Objective 1= -13.00  Objective 2= -38.99

Gen  234/1000 [███████████░░░░░░░░░░░░░░░░░░░░░░░░░░░░░░░░░░░░░░░]  23.4%
     Best:     Objective 1=  44.42  Objective 2=  40.07
     Mean:     Objective 1=  -5.94  Objective 2= -35.79

Gen  235/1000 [███████████░░░░░░░░░░░░░░░░░░░░░░░░░░░░░░░░░░░░░░░]  23.5%
     Best:     Objective 1=  41.30  Objective 2=  26.64
     Mean:     Objective 1=  -7.97  Objective 2= -42.07

Generation 235:	[49.37844159 35.07565378]
Mean fitness:	-27.66 +- 67.94
Mean fitness per obj: ['-3.31 +-21.08', '-52.02 +-87.18']
Gen  236/1000 [███████████░░░░░░░░░░░░░░░░░░░░░░░░░░░░░░░░░░░░░░░]  23.6%
     Best:     Objective 1=  50.95  Objective 2=  32.21
     Mean:     Objective 1=  -3.31  Objective 2= -52.02

Gen  237/1000 [███████████░░░░░░░░░░░░░░░░░░░░░░░░░░░░░░░░░░░░░░░]  23.7%
     Best:     Objective 1=  28.30  Objective 2=  25.34
     Mean:     Objective 1= -11.17  Objective 2= -40.41

Gen  238/1000 [███████████░░░░░░░░░░░░░░░░░░░░░░░░░░░░░░░░░░░░░░░]  23.8%
     Best:     Objective 1=  35.78  Objective 2=  38.54
     Mean:     Objective 1=  -3.43  Objective 2= -47.05

Gen  239/1000 [███████████░░░░░░░░░░░░░░░░░░░░░░░░░░░░░░░░░░░░░░░]  23.9%
     Best:     Objective 1=  36.11  Objective 2=  13.45
     Mean:     Objective 1=  -4.16  Objective 2= -38.37

Gen  240/1000 [████████████░░░░░░░░░░░░░░░░░░░░░░░░░░░░░░░░░░░░░░]  24.0%
     Best:     Objective 1=  35.66  Objective 2=  13.76
     Mean:     Objective 1= -18.26  Objective 2= -45.81

Generation 240:	[49.37844159 35.07565378]
Mean fitness:	-17.00 +- 35.63
Mean fitness per obj: ['-6.89 +-19.36', '-27.11 +-44.26']
Gen  241/1000 [████████████░░░░░░░░░░░░░░░░░░░░░░░░░░░░░░░░░░░░░░]  24.1%
     Best:     Objective 1=  59.93  Objective 2=  19.99
     Mean:     Objective 1=  -6.89  Objective 2= -27.11

Gen  242/1000 [████████████░░░░░░░░░░░░░░░░░░░░░░░░░░░░░░░░░░░░░░]  24.2%
     Best:     Objective 1=  40.62  Objective 2=   6.79
     Mean:     Objective 1=  -5.10  Objective 2= -42.69

Gen  243/1000 [████████████░░░░░░░░░░░░░░░░░░░░░░░░░░░░░░░░░░░░░░]  24.3%
     Best:     Objective 1=  21.96  Objective 2=   4.97
     Mean:     Objective 1=  -4.85  Objective 2= -46.50

Gen  244/1000 [████████████░░░░░░░░░░░░░░░░░░░░░░░░░░░░░░░░░░░░░░]  24.4%
     Best:     Objective 1=  31.80  Objective 2=  24.02
     Mean:     Objective 1=  -6.55  Objective 2= -41.49

Gen  245/1000 [████████████░░░░░░░░░░░░░░░░░░░░░░░░░░░░░░░░░░░░░░]  24.5%
     Best:     Objective 1=  29.85  Objective 2=  36.62
     Mean:     Objective 1=  -6.56  Objective 2= -49.36

Generation 245:	[49.37844159 35.07565378]
Mean fitness:	-22.49 +- 54.13
Mean fitness per obj: ['-5.88 +-34.29', '-39.11 +-64.28']
Gen  246/1000 [████████████░░░░░░░░░░░░░░░░░░░░░░░░░░░░░░░░░░░░░░]  24.6%
     Best:     Objective 1=  65.11  Objective 2=  14.80
     Mean:     Objective 1=  -5.88  Objective 2= -39.11

Gen  247/1000 [████████████░░░░░░░░░░░░░░░░░░░░░░░░░░░░░░░░░░░░░░]  24.7%
     Best:     Objective 1=  31.56  Objective 2=  11.83
     Mean:     Objective 1=  -2.53  Objective 2= -49.49

Gen  248/1000 [████████████░░░░░░░░░░░░░░░░░░░░░░░░░░░░░░░░░░░░░░]  24.8%
     Best:     Objective 1=  28.47  Objective 2=   1.56
     Mean:     Objective 1=  -5.78  Objective 2= -36.88

Gen  249/1000 [████████████░░░░░░░░░░░░░░░░░░░░░░░░░░░░░░░░░░░░░░]  24.9%
     Best:     Objective 1=  27.59  Objective 2=  17.67
     Mean:     Objective 1=  -6.11  Objective 2= -59.69

Gen  250/1000 [████████████░░░░░░░░░░░░░░░░░░░░░░░░░░░░░░░░░░░░░░]  25.0%
     Best:     Objective 1=  32.32  Objective 2=  32.28
     Mean:     Objective 1=  -3.97  Objective 2= -38.34

Generation 250:	[49.37844159 35.07565378]
Mean fitness:	-26.73 +- 61.65
Mean fitness per obj: ['-10.34 +-38.76', '-43.13 +-74.57']
Gen  251/1000 [████████████░░░░░░░░░░░░░░░░░░░░░░░░░░░░░░░░░░░░░░]  25.1%
     Best:     Objective 1=  51.10  Objective 2=  17.52
     Mean:     Objective 1= -10.34  Objective 2= -43.13

Gen  252/1000 [████████████░░░░░░░░░░░░░░░░░░░░░░░░░░░░░░░░░░░░░░]  25.2%
     Best:     Objective 1=  39.53  Objective 2=  35.05
     Mean:     Objective 1=  -4.53  Objective 2= -44.03

Gen  253/1000 [████████████░░░░░░░░░░░░░░░░░░░░░░░░░░░░░░░░░░░░░░]  25.3%
     Best:     Objective 1=  27.34  Objective 2=  10.77
     Mean:     Objective 1=  -7.46  Objective 2= -36.91

Gen  254/1000 [████████████░░░░░░░░░░░░░░░░░░░░░░░░░░░░░░░░░░░░░░]  25.4%
     Best:     Objective 1=  65.02  Objective 2=  23.19
     Mean:     Objective 1=  -8.83  Objective 2= -41.47

Gen  255/1000 [████████████░░░░░░░░░░░░░░░░░░░░░░░░░░░░░░░░░░░░░░]  25.5%
     Best:     Objective 1=  24.08  Objective 2=  10.73
     Mean:     Objective 1=  -9.77  Objective 2= -36.01

Generation 255:	[49.37844159 35.07565378]
Mean fitness:	-21.46 +- 54.58
Mean fitness per obj: ['-4.82 +-23.29', '-38.11 +-69.72']
Gen  256/1000 [████████████░░░░░░░░░░░░░░░░░░░░░░░░░░░░░░░░░░░░░░]  25.6%
     Best:     Objective 1=  58.24  Objective 2=  38.79
     Mean:     Objective 1=  -4.82  Objective 2= -38.11

Gen  257/1000 [████████████░░░░░░░░░░░░░░░░░░░░░░░░░░░░░░░░░░░░░░]  25.7%
     Best:     Objective 1=  29.08  Objective 2=  20.60
     Mean:     Objective 1=  -7.27  Objective 2= -40.60

Gen  258/1000 [████████████░░░░░░░░░░░░░░░░░░░░░░░░░░░░░░░░░░░░░░]  25.8%
     Best:     Objective 1=  18.73  Objective 2=  25.24
     Mean:     Objective 1=  -7.17  Objective 2= -39.33

Gen  259/1000 [████████████░░░░░░░░░░░░░░░░░░░░░░░░░░░░░░░░░░░░░░]  25.9%
     Best:     Objective 1=  25.07  Objective 2=  68.99
     Mean:     Objective 1= -11.14  Objective 2= -42.79

Gen  260/1000 [█████████████░░░░░░░░░░░░░░░░░░░░░░░░░░░░░░░░░░░░░]  26.0%
     Best:     Objective 1=  51.78  Objective 2=  16.79
     Mean:     Objective 1=  -7.20  Objective 2= -34.77

Generation 260:	[49.37844159 35.07565378]
Mean fitness:	-23.51 +- 59.81
Mean fitness per obj: ['-3.79 +-28.87', '-43.22 +-74.45']
Gen  261/1000 [█████████████░░░░░░░░░░░░░░░░░░░░░░░░░░░░░░░░░░░░░]  26.1%
     Best:     Objective 1=  45.03  Objective 2=   1.41
     Mean:     Objective 1=  -3.79  Objective 2= -43.22

Gen  262/1000 [█████████████░░░░░░░░░░░░░░░░░░░░░░░░░░░░░░░░░░░░░]  26.2%
     Best:     Objective 1=  22.13  Objective 2=   2.63
     Mean:     Objective 1=  -4.28  Objective 2= -41.28

Gen  263/1000 [█████████████░░░░░░░░░░░░░░░░░░░░░░░░░░░░░░░░░░░░░]  26.3%
     Best:     Objective 1=  27.01  Objective 2=  28.22
     Mean:     Objective 1=  -9.25  Objective 2= -46.59

Gen  264/1000 [█████████████░░░░░░░░░░░░░░░░░░░░░░░░░░░░░░░░░░░░░]  26.4%
     Best:     Objective 1=  41.90  Objective 2=  34.61
     Mean:     Objective 1= -13.88  Objective 2= -41.63

Gen  265/1000 [█████████████░░░░░░░░░░░░░░░░░░░░░░░░░░░░░░░░░░░░░]  26.5%
     Best:     Objective 1=  31.17  Objective 2=  17.47
     Mean:     Objective 1= -10.26  Objective 2= -44.85

Generation 265:	[49.37844159 35.07565378]
Mean fitness:	-27.54 +- 64.60
Mean fitness per obj: ['-5.67 +-33.17', '-49.41 +-79.30']
Gen  266/1000 [█████████████░░░░░░░░░░░░░░░░░░░░░░░░░░░░░░░░░░░░░]  26.6%
     Best:     Objective 1=  31.33  Objective 2=  53.01
     Mean:     Objective 1=  -5.67  Objective 2= -49.41

Gen  267/1000 [█████████████░░░░░░░░░░░░░░░░░░░░░░░░░░░░░░░░░░░░░]  26.7%
     Best:     Objective 1=  31.06  Objective 2=  30.86
     Mean:     Objective 1=  -7.01  Objective 2= -33.08

Gen  268/1000 [█████████████░░░░░░░░░░░░░░░░░░░░░░░░░░░░░░░░░░░░░]  26.8%
     Best:     Objective 1=  32.50  Objective 2=   8.21
     Mean:     Objective 1=  -5.15  Objective 2= -39.68

Gen  269/1000 [█████████████░░░░░░░░░░░░░░░░░░░░░░░░░░░░░░░░░░░░░]  26.9%
     Best:     Objective 1=  47.30  Objective 2=  52.84
     Mean:     Objective 1=  -5.42  Objective 2= -36.91

Gen  270/1000 [█████████████░░░░░░░░░░░░░░░░░░░░░░░░░░░░░░░░░░░░░]  27.0%
     Best:     Objective 1=  35.14  Objective 2=  17.92
     Mean:     Objective 1=  -5.55  Objective 2= -38.45

Generation 270:	[49.37844159 35.07565378]
Mean fitness:	-22.80 +- 53.65
Mean fitness per obj: ['-9.14 +-38.13', '-36.46 +-62.68']
Gen  271/1000 [█████████████░░░░░░░░░░░░░░░░░░░░░░░░░░░░░░░░░░░░░]  27.1%
     Best:     Objective 1=  40.69  Objective 2=  36.97
     Mean:     Objective 1=  -9.14  Objective 2= -36.46

Gen  272/1000 [█████████████░░░░░░░░░░░░░░░░░░░░░░░░░░░░░░░░░░░░░]  27.2%
     Best:     Objective 1=  26.08  Objective 2=  10.46
     Mean:     Objective 1=  -4.23  Objective 2= -42.90

Gen  273/1000 [█████████████░░░░░░░░░░░░░░░░░░░░░░░░░░░░░░░░░░░░░]  27.3%
     Best:     Objective 1=  35.54  Objective 2=  23.52
     Mean:     Objective 1=  -1.68  Objective 2= -28.29

Gen  274/1000 [█████████████░░░░░░░░░░░░░░░░░░░░░░░░░░░░░░░░░░░░░]  27.4%
     Best:     Objective 1=  37.26  Objective 2=  14.95
     Mean:     Objective 1=  -9.39  Objective 2= -32.11

Gen  275/1000 [█████████████░░░░░░░░░░░░░░░░░░░░░░░░░░░░░░░░░░░░░]  27.5%
     Best:     Objective 1=  51.58  Objective 2=  30.04
     Mean:     Objective 1=   1.35  Objective 2= -31.97

Generation 275:	[49.37844159 35.07565378]
Mean fitness:	-19.49 +- 50.03
Mean fitness per obj: ['-0.25 +-15.68', '-38.74 +-63.40']
Gen  276/1000 [█████████████░░░░░░░░░░░░░░░░░░░░░░░░░░░░░░░░░░░░░]  27.6%
     Best:     Objective 1=  41.95  Objective 2=  11.22
     Mean:     Objective 1=  -0.25  Objective 2= -38.74

Gen  277/1000 [█████████████░░░░░░░░░░░░░░░░░░░░░░░░░░░░░░░░░░░░░]  27.7%
     Best:     Objective 1=  43.39  Objective 2=  34.59
     Mean:     Objective 1=  -2.94  Objective 2= -48.20

Gen  278/1000 [█████████████░░░░░░░░░░░░░░░░░░░░░░░░░░░░░░░░░░░░░]  27.8%
     Best:     Objective 1=  44.21  Objective 2=  18.37
     Mean:     Objective 1=  -4.59  Objective 2= -32.39

Gen  279/1000 [█████████████░░░░░░░░░░░░░░░░░░░░░░░░░░░░░░░░░░░░░]  27.9%
     Best:     Objective 1=  44.03  Objective 2=   6.54
     Mean:     Objective 1= -11.01  Objective 2= -45.07

Gen  280/1000 [██████████████░░░░░░░░░░░░░░░░░░░░░░░░░░░░░░░░░░░░]  28.0%
     Best:     Objective 1=  34.68  Objective 2=  16.80
     Mean:     Objective 1=  -8.93  Objective 2= -51.18

Generation 280:	[49.37844159 35.07565378]
Mean fitness:	-20.94 +- 47.28
Mean fitness per obj: ['-4.56 +-25.39', '-37.32 +-57.35']
Gen  281/1000 [██████████████░░░░░░░░░░░░░░░░░░░░░░░░░░░░░░░░░░░░]  28.1%
     Best:     Objective 1=  58.02  Objective 2=  16.05
     Mean:     Objective 1=  -4.56  Objective 2= -37.32

Gen  282/1000 [██████████████░░░░░░░░░░░░░░░░░░░░░░░░░░░░░░░░░░░░]  28.2%
     Best:     Objective 1=  26.40  Objective 2=  20.73
     Mean:     Objective 1=  -3.43  Objective 2= -48.61

Gen  283/1000 [██████████████░░░░░░░░░░░░░░░░░░░░░░░░░░░░░░░░░░░░]  28.3%
     Best:     Objective 1=  60.45  Objective 2=  46.72
     Mean:     Objective 1=  -5.29  Objective 2= -39.38

Gen  284/1000 [██████████████░░░░░░░░░░░░░░░░░░░░░░░░░░░░░░░░░░░░]  28.4%
     Best:     Objective 1=  31.86  Objective 2=  27.90
     Mean:     Objective 1=  -7.34  Objective 2= -53.95

Gen  285/1000 [██████████████░░░░░░░░░░░░░░░░░░░░░░░░░░░░░░░░░░░░]  28.5%
     Best:     Objective 1=  54.28  Objective 2=  35.24
     Mean:     Objective 1=  -8.26  Objective 2= -45.51

Generation 285:	[49.37844159 35.07565378]
Mean fitness:	-25.63 +- 61.23
Mean fitness per obj: ['-5.18 +-32.58', '-46.09 +-74.83']
Gen  286/1000 [██████████████░░░░░░░░░░░░░░░░░░░░░░░░░░░░░░░░░░░░]  28.6%
     Best:     Objective 1=  45.95  Objective 2=  21.58
     Mean:     Objective 1=  -5.18  Objective 2= -46.09

Gen  287/1000 [██████████████░░░░░░░░░░░░░░░░░░░░░░░░░░░░░░░░░░░░]  28.7%
     Best:     Objective 1=  38.71  Objective 2=  27.43
     Mean:     Objective 1=  -4.76  Objective 2= -36.46

Gen  288/1000 [██████████████░░░░░░░░░░░░░░░░░░░░░░░░░░░░░░░░░░░░]  28.8%
     Best:     Objective 1=  32.89  Objective 2=  75.60
     Mean:     Objective 1=  -3.41  Objective 2= -32.64

Gen  289/1000 [██████████████░░░░░░░░░░░░░░░░░░░░░░░░░░░░░░░░░░░░]  28.9%
     Best:     Objective 1=  27.73  Objective 2=  14.43
     Mean:     Objective 1=  -9.87  Objective 2= -39.48

Gen  290/1000 [██████████████░░░░░░░░░░░░░░░░░░░░░░░░░░░░░░░░░░░░]  29.0%
     Best:     Objective 1=  30.99  Objective 2=  14.53
     Mean:     Objective 1=  -5.36  Objective 2= -43.81

Generation 290:	[49.37844159 35.07565378]
Mean fitness:	-23.31 +- 51.31
Mean fitness per obj: ['-9.50 +-27.53', '-37.12 +-64.24']
Gen  291/1000 [██████████████░░░░░░░░░░░░░░░░░░░░░░░░░░░░░░░░░░░░]  29.1%
     Best:     Objective 1=  28.64  Objective 2=  22.78
     Mean:     Objective 1=  -9.50  Objective 2= -37.12

Gen  292/1000 [██████████████░░░░░░░░░░░░░░░░░░░░░░░░░░░░░░░░░░░░]  29.2%
     Best:     Objective 1=  26.87  Objective 2=  36.98
     Mean:     Objective 1=  -6.94  Objective 2= -38.49

Gen  293/1000 [██████████████░░░░░░░░░░░░░░░░░░░░░░░░░░░░░░░░░░░░]  29.3%
     Best:     Objective 1=  49.28  Objective 2=  61.32
     Mean:     Objective 1= -11.85  Objective 2= -25.83

Gen  294/1000 [██████████████░░░░░░░░░░░░░░░░░░░░░░░░░░░░░░░░░░░░]  29.4%
     Best:     Objective 1=  28.64  Objective 2=  39.58
     Mean:     Objective 1= -11.64  Objective 2= -43.74

Gen  295/1000 [██████████████░░░░░░░░░░░░░░░░░░░░░░░░░░░░░░░░░░░░]  29.5%
     Best:     Objective 1=  34.58  Objective 2=   9.41
     Mean:     Objective 1=  -4.09  Objective 2= -40.44

Generation 295:	[49.37844159 35.07565378]
Mean fitness:	-19.81 +- 47.77
Mean fitness per obj: ['-6.15 +-32.46', '-33.47 +-56.01']
Gen  296/1000 [██████████████░░░░░░░░░░░░░░░░░░░░░░░░░░░░░░░░░░░░]  29.6%
     Best:     Objective 1=  44.55  Objective 2=  31.13
     Mean:     Objective 1=  -6.15  Objective 2= -33.47

Gen  297/1000 [██████████████░░░░░░░░░░░░░░░░░░░░░░░░░░░░░░░░░░░░]  29.7%
     Best:     Objective 1=  39.87  Objective 2=  36.23
     Mean:     Objective 1= -10.86  Objective 2= -35.72

Gen  298/1000 [██████████████░░░░░░░░░░░░░░░░░░░░░░░░░░░░░░░░░░░░]  29.8%
     Best:     Objective 1=  41.57  Objective 2=  41.99
     Mean:     Objective 1= -10.77  Objective 2= -53.61

Gen  299/1000 [██████████████░░░░░░░░░░░░░░░░░░░░░░░░░░░░░░░░░░░░]  29.9%
     Best:     Objective 1=  53.22  Objective 2=  71.49
     Mean:     Objective 1=  -9.10  Objective 2= -40.32

Gen  300/1000 [███████████████░░░░░░░░░░░░░░░░░░░░░░░░░░░░░░░░░░░]  30.0%
     Best:     Objective 1=  59.74  Objective 2=   7.42
     Mean:     Objective 1=  -6.48  Objective 2= -39.70

Generation 300:	[49.37844159 35.07565378]
Mean fitness:	-22.38 +- 52.89
Mean fitness per obj: ['-9.74 +-39.16', '-35.02 +-61.17']
Gen  301/1000 [███████████████░░░░░░░░░░░░░░░░░░░░░░░░░░░░░░░░░░░]  30.1%
     Best:     Objective 1=  38.80  Objective 2=  90.43
     Mean:     Objective 1=  -9.74  Objective 2= -35.02

Gen  302/1000 [███████████████░░░░░░░░░░░░░░░░░░░░░░░░░░░░░░░░░░░]  30.2%
     Best:     Objective 1=  52.75  Objective 2=  35.42
     Mean:     Objective 1= -10.55  Objective 2= -47.25

Gen  303/1000 [███████████████░░░░░░░░░░░░░░░░░░░░░░░░░░░░░░░░░░░]  30.3%
     Best:     Objective 1=  36.71  Objective 2=   9.06
     Mean:     Objective 1=  -1.37  Objective 2= -37.77

Gen  304/1000 [███████████████░░░░░░░░░░░░░░░░░░░░░░░░░░░░░░░░░░░]  30.4%
     Best:     Objective 1=  46.28  Objective 2=  11.70
     Mean:     Objective 1=  -1.28  Objective 2= -55.39

Gen  305/1000 [███████████████░░░░░░░░░░░░░░░░░░░░░░░░░░░░░░░░░░░]  30.5%
     Best:     Objective 1=  40.05  Objective 2=  11.41
     Mean:     Objective 1=  -2.77  Objective 2= -34.23

Generation 305:	[49.37844159 35.07565378]
Mean fitness:	-27.18 +- 65.45
Mean fitness per obj: ['-3.11 +-31.40', '-51.25 +-80.13']
Gen  306/1000 [███████████████░░░░░░░░░░░░░░░░░░░░░░░░░░░░░░░░░░░]  30.6%
     Best:     Objective 1=  36.61  Objective 2=  38.38
     Mean:     Objective 1=  -3.11  Objective 2= -51.25

Gen  307/1000 [███████████████░░░░░░░░░░░░░░░░░░░░░░░░░░░░░░░░░░░]  30.7%
     Best:     Objective 1=  45.74  Objective 2=   9.05
     Mean:     Objective 1=  -5.54  Objective 2= -32.05

Gen  308/1000 [███████████████░░░░░░░░░░░░░░░░░░░░░░░░░░░░░░░░░░░]  30.8%
     Best:     Objective 1=  34.85  Objective 2=  41.93
     Mean:     Objective 1=  -3.25  Objective 2= -40.00

Gen  309/1000 [███████████████░░░░░░░░░░░░░░░░░░░░░░░░░░░░░░░░░░░]  30.9%
     Best:     Objective 1=  41.37  Objective 2=  13.76
     Mean:     Objective 1=  -4.02  Objective 2= -34.74

Gen  310/1000 [███████████████░░░░░░░░░░░░░░░░░░░░░░░░░░░░░░░░░░░]  31.0%
     Best:     Objective 1=  43.91  Objective 2=  57.58
     Mean:     Objective 1=  -5.63  Objective 2= -34.45

Generation 310:	[49.37844159 35.07565378]
Mean fitness:	-22.10 +- 50.17
Mean fitness per obj: ['-3.56 +-19.27', '-40.63 +-63.05']
Gen  311/1000 [███████████████░░░░░░░░░░░░░░░░░░░░░░░░░░░░░░░░░░░]  31.1%
     Best:     Objective 1=  35.87  Objective 2=  17.33
     Mean:     Objective 1=  -3.56  Objective 2= -40.63

Gen  312/1000 [███████████████░░░░░░░░░░░░░░░░░░░░░░░░░░░░░░░░░░░]  31.2%
     Best:     Objective 1=  34.28  Objective 2=  21.16
     Mean:     Objective 1=  -5.18  Objective 2= -33.62

Gen  313/1000 [███████████████░░░░░░░░░░░░░░░░░░░░░░░░░░░░░░░░░░░]  31.3%
     Best:     Objective 1=  37.36  Objective 2=  -0.70
     Mean:     Objective 1=  -2.13  Objective 2= -35.25

Gen  314/1000 [███████████████░░░░░░░░░░░░░░░░░░░░░░░░░░░░░░░░░░░]  31.4%
     Best:     Objective 1=  33.60  Objective 2=  13.62
     Mean:     Objective 1=  -5.10  Objective 2= -40.53

Gen  315/1000 [███████████████░░░░░░░░░░░░░░░░░░░░░░░░░░░░░░░░░░░]  31.5%
     Best:     Objective 1=  31.87  Objective 2=  13.12
     Mean:     Objective 1=  -4.18  Objective 2= -38.08

Generation 315:	[49.37844159 35.07565378]
Mean fitness:	-22.30 +- 54.98
Mean fitness per obj: ['-7.31 +-37.51', '-37.29 +-64.73']
Gen  316/1000 [███████████████░░░░░░░░░░░░░░░░░░░░░░░░░░░░░░░░░░░]  31.6%
     Best:     Objective 1=  30.66  Objective 2=  11.87
     Mean:     Objective 1=  -7.31  Objective 2= -37.29

Gen  317/1000 [███████████████░░░░░░░░░░░░░░░░░░░░░░░░░░░░░░░░░░░]  31.7%
     Best:     Objective 1=  35.25  Objective 2=  63.61
     Mean:     Objective 1=  -4.98  Objective 2= -32.36

Gen  318/1000 [███████████████░░░░░░░░░░░░░░░░░░░░░░░░░░░░░░░░░░░]  31.8%
     Best:     Objective 1=  39.21  Objective 2=  26.82
     Mean:     Objective 1= -10.39  Objective 2= -31.13

Gen  319/1000 [███████████████░░░░░░░░░░░░░░░░░░░░░░░░░░░░░░░░░░░]  31.9%
     Best:     Objective 1=  40.90  Objective 2=  10.58
     Mean:     Objective 1=  -5.63  Objective 2= -50.77

Gen  320/1000 [████████████████░░░░░░░░░░░░░░░░░░░░░░░░░░░░░░░░░░]  32.0%
     Best:     Objective 1=  44.01  Objective 2=   4.43
     Mean:     Objective 1=  -6.00  Objective 2= -33.24

Generation 320:	[49.37844159 35.07565378]
Mean fitness:	-21.95 +- 53.24
Mean fitness per obj: ['-3.68 +-16.96', '-40.23 +-68.65']
Gen  321/1000 [████████████████░░░░░░░░░░░░░░░░░░░░░░░░░░░░░░░░░░]  32.1%
     Best:     Objective 1=  40.35  Objective 2=  23.62
     Mean:     Objective 1=  -3.68  Objective 2= -40.23

Gen  322/1000 [████████████████░░░░░░░░░░░░░░░░░░░░░░░░░░░░░░░░░░]  32.2%
     Best:     Objective 1=  30.32  Objective 2=  14.10
     Mean:     Objective 1= -11.47  Objective 2= -43.38

Gen  323/1000 [████████████████░░░░░░░░░░░░░░░░░░░░░░░░░░░░░░░░░░]  32.3%
     Best:     Objective 1=  49.77  Objective 2=  92.30
     Mean:     Objective 1= -10.05  Objective 2= -35.15

Gen  324/1000 [████████████████░░░░░░░░░░░░░░░░░░░░░░░░░░░░░░░░░░]  32.4%
     Best:     Objective 1=  50.08  Objective 2=  21.19
     Mean:     Objective 1=  -9.15  Objective 2= -29.18

Gen  325/1000 [████████████████░░░░░░░░░░░░░░░░░░░░░░░░░░░░░░░░░░]  32.5%
     Best:     Objective 1=  28.40  Objective 2=  16.16
     Mean:     Objective 1=  -7.81  Objective 2= -41.64

Generation 325:	[49.37844159 35.07565378]
Mean fitness:	-24.93 +- 58.83
Mean fitness per obj: ['-10.67 +-40.90', '-39.19 +-69.58']
Gen  326/1000 [████████████████░░░░░░░░░░░░░░░░░░░░░░░░░░░░░░░░░░]  32.6%
     Best:     Objective 1=  32.04  Objective 2=  41.72
     Mean:     Objective 1= -10.67  Objective 2= -39.19

Gen  327/1000 [████████████████░░░░░░░░░░░░░░░░░░░░░░░░░░░░░░░░░░]  32.7%
     Best:     Objective 1=  42.24  Objective 2=  31.19
     Mean:     Objective 1=  -5.36  Objective 2= -34.23

Gen  328/1000 [████████████████░░░░░░░░░░░░░░░░░░░░░░░░░░░░░░░░░░]  32.8%
     Best:     Objective 1=  26.46  Objective 2=  10.64
     Mean:     Objective 1=  -9.04  Objective 2= -29.94

Gen  329/1000 [████████████████░░░░░░░░░░░░░░░░░░░░░░░░░░░░░░░░░░]  32.9%
     Best:     Objective 1=  30.78  Objective 2=  12.62
     Mean:     Objective 1=  -6.45  Objective 2= -43.51

Gen  330/1000 [████████████████░░░░░░░░░░░░░░░░░░░░░░░░░░░░░░░░░░]  33.0%
     Best:     Objective 1=  33.38  Objective 2=  25.61
     Mean:     Objective 1=  -6.40  Objective 2= -33.12

Generation 330:	[49.37844159 35.07565378]
Mean fitness:	-22.05 +- 56.43
Mean fitness per obj: ['-3.80 +-21.53', '-40.30 +-72.38']
Gen  331/1000 [████████████████░░░░░░░░░░░░░░░░░░░░░░░░░░░░░░░░░░]  33.1%
     Best:     Objective 1=  54.18  Objective 2=  27.87
     Mean:     Objective 1=  -3.80  Objective 2= -40.30

Gen  332/1000 [████████████████░░░░░░░░░░░░░░░░░░░░░░░░░░░░░░░░░░]  33.2%
     Best:     Objective 1=  26.50  Objective 2=  33.75
     Mean:     Objective 1=  -2.58  Objective 2= -36.78

Gen  333/1000 [████████████████░░░░░░░░░░░░░░░░░░░░░░░░░░░░░░░░░░]  33.3%
     Best:     Objective 1=  17.88  Objective 2=  20.19
     Mean:     Objective 1=  -8.80  Objective 2= -29.11

Gen  334/1000 [████████████████░░░░░░░░░░░░░░░░░░░░░░░░░░░░░░░░░░]  33.4%
     Best:     Objective 1=  28.27  Objective 2=  15.96
     Mean:     Objective 1= -10.69  Objective 2= -54.38

Gen  335/1000 [████████████████░░░░░░░░░░░░░░░░░░░░░░░░░░░░░░░░░░]  33.5%
     Best:     Objective 1=  47.22  Objective 2=  32.26
     Mean:     Objective 1=  -4.31  Objective 2= -39.53

Generation 335:	[49.37844159 35.07565378]
Mean fitness:	-24.68 +- 61.61
Mean fitness per obj: ['-9.47 +-46.04', '-39.89 +-70.78']
Gen  336/1000 [████████████████░░░░░░░░░░░░░░░░░░░░░░░░░░░░░░░░░░]  33.6%
     Best:     Objective 1=  44.39  Objective 2=  21.93
     Mean:     Objective 1=  -9.47  Objective 2= -39.89

Gen  337/1000 [████████████████░░░░░░░░░░░░░░░░░░░░░░░░░░░░░░░░░░]  33.7%
     Best:     Objective 1=  36.34  Objective 2=  16.55
     Mean:     Objective 1=  -6.64  Objective 2= -38.05

Gen  338/1000 [████████████████░░░░░░░░░░░░░░░░░░░░░░░░░░░░░░░░░░]  33.8%
     Best:     Objective 1=  42.36  Objective 2=   5.63
     Mean:     Objective 1=  -7.13  Objective 2= -37.86

Gen  339/1000 [████████████████░░░░░░░░░░░░░░░░░░░░░░░░░░░░░░░░░░]  33.9%
     Best:     Objective 1=  30.47  Objective 2=  15.97
     Mean:     Objective 1=  -9.28  Objective 2= -47.82

Gen  340/1000 [█████████████████░░░░░░░░░░░░░░░░░░░░░░░░░░░░░░░░░]  34.0%
     Best:     Objective 1=  31.44  Objective 2=  10.75
     Mean:     Objective 1=  -3.42  Objective 2= -41.33

Generation 340:	[49.37844159 35.07565378]
Mean fitness:	-24.31 +- 55.18
Mean fitness per obj: ['-14.14 +-48.62', '-34.48 +-59.32']
Gen  341/1000 [█████████████████░░░░░░░░░░░░░░░░░░░░░░░░░░░░░░░░░]  34.1%
     Best:     Objective 1=  45.62  Objective 2=  67.26
     Mean:     Objective 1= -14.14  Objective 2= -34.48

Gen  342/1000 [█████████████████░░░░░░░░░░░░░░░░░░░░░░░░░░░░░░░░░]  34.2%
     Best:     Objective 1=  56.42  Objective 2=  21.71
     Mean:     Objective 1=  -2.06  Objective 2= -46.84

Gen  343/1000 [█████████████████░░░░░░░░░░░░░░░░░░░░░░░░░░░░░░░░░]  34.3%
     Best:     Objective 1=  34.19  Objective 2=  23.31
     Mean:     Objective 1=  -6.73  Objective 2= -35.44

Gen  344/1000 [█████████████████░░░░░░░░░░░░░░░░░░░░░░░░░░░░░░░░░]  34.4%
     Best:     Objective 1=  44.52  Objective 2=  24.49
     Mean:     Objective 1=  -3.08  Objective 2= -50.94

Gen  345/1000 [█████████████████░░░░░░░░░░░░░░░░░░░░░░░░░░░░░░░░░]  34.5%
     Best:     Objective 1=  36.04  Objective 2=  17.71
     Mean:     Objective 1=  -6.12  Objective 2= -38.92

Generation 345:	[49.37844159 35.07565378]
Mean fitness:	-28.96 +- 63.03
Mean fitness per obj: ['-13.61 +-45.98', '-44.30 +-73.21']
Gen  346/1000 [█████████████████░░░░░░░░░░░░░░░░░░░░░░░░░░░░░░░░░]  34.6%
     Best:     Objective 1=  46.24  Objective 2=  41.59
     Mean:     Objective 1= -13.61  Objective 2= -44.30

Gen  347/1000 [█████████████████░░░░░░░░░░░░░░░░░░░░░░░░░░░░░░░░░]  34.7%
     Best:     Objective 1=  31.54  Objective 2=  19.65
     Mean:     Objective 1=  -6.49  Objective 2= -31.54

Gen  348/1000 [█████████████████░░░░░░░░░░░░░░░░░░░░░░░░░░░░░░░░░]  34.8%
     Best:     Objective 1=  51.80  Objective 2=  41.70
     Mean:     Objective 1=  -4.03  Objective 2= -46.39

Gen  349/1000 [█████████████████░░░░░░░░░░░░░░░░░░░░░░░░░░░░░░░░░]  34.9%
     Best:     Objective 1=  77.15  Objective 2=  13.52
     Mean:     Objective 1=  -3.83  Objective 2= -41.15

Gen  350/1000 [█████████████████░░░░░░░░░░░░░░░░░░░░░░░░░░░░░░░░░]  35.0%
     Best:     Objective 1=  33.01  Objective 2=   9.95
     Mean:     Objective 1=  -6.00  Objective 2= -38.54

Generation 350:	[49.37844159 35.07565378]
Mean fitness:	-14.74 +- 42.71
Mean fitness per obj: ['-1.68 +-19.83', '-27.81 +-53.98']
Gen  351/1000 [█████████████████░░░░░░░░░░░░░░░░░░░░░░░░░░░░░░░░░]  35.1%
     Best:     Objective 1=  51.75  Objective 2=   7.77
     Mean:     Objective 1=  -1.68  Objective 2= -27.81

Gen  352/1000 [█████████████████░░░░░░░░░░░░░░░░░░░░░░░░░░░░░░░░░]  35.2%
     Best:     Objective 1=  78.04  Objective 2=  65.92
     Mean:     Objective 1= -10.12  Objective 2= -51.00

Gen  353/1000 [█████████████████░░░░░░░░░░░░░░░░░░░░░░░░░░░░░░░░░]  35.3%
     Best:     Objective 1=  36.19  Objective 2=  11.00
     Mean:     Objective 1=  -8.85  Objective 2= -45.31

Gen  354/1000 [█████████████████░░░░░░░░░░░░░░░░░░░░░░░░░░░░░░░░░]  35.4%
     Best:     Objective 1=  36.70  Objective 2=  29.32
     Mean:     Objective 1=  -8.19  Objective 2= -28.89

Gen  355/1000 [█████████████████░░░░░░░░░░░░░░░░░░░░░░░░░░░░░░░░░]  35.5%
     Best:     Objective 1=  52.79  Objective 2=  21.86
     Mean:     Objective 1=  -4.21  Objective 2= -43.61

Generation 355:	[49.37844159 35.07565378]
Mean fitness:	-21.98 +- 49.42
Mean fitness per obj: ['-9.73 +-46.16', '-34.23 +-49.53']
Gen  356/1000 [█████████████████░░░░░░░░░░░░░░░░░░░░░░░░░░░░░░░░░]  35.6%
     Best:     Objective 1=  29.69  Objective 2=  26.21
     Mean:     Objective 1=  -9.73  Objective 2= -34.23

Gen  357/1000 [█████████████████░░░░░░░░░░░░░░░░░░░░░░░░░░░░░░░░░]  35.7%
     Best:     Objective 1=  27.75  Objective 2=  37.25
     Mean:     Objective 1=  -8.04  Objective 2= -21.07

Gen  358/1000 [█████████████████░░░░░░░░░░░░░░░░░░░░░░░░░░░░░░░░░]  35.8%
     Best:     Objective 1=  55.49  Objective 2=  52.69
     Mean:     Objective 1= -13.99  Objective 2= -46.04

Gen  359/1000 [█████████████████░░░░░░░░░░░░░░░░░░░░░░░░░░░░░░░░░]  35.9%
     Best:     Objective 1=  35.32  Objective 2=   5.56
     Mean:     Objective 1=  -3.48  Objective 2= -51.65

Gen  360/1000 [██████████████████░░░░░░░░░░░░░░░░░░░░░░░░░░░░░░░░]  36.0%
     Best:     Objective 1=  41.11  Objective 2=  24.25
     Mean:     Objective 1=  -2.67  Objective 2= -29.83

Generation 360:	[49.37844159 35.07565378]
Mean fitness:	-23.57 +- 49.56
Mean fitness per obj: ['-11.42 +-35.95', '-35.72 +-57.67']
Gen  361/1000 [██████████████████░░░░░░░░░░░░░░░░░░░░░░░░░░░░░░░░]  36.1%
     Best:     Objective 1=  22.54  Objective 2=   8.29
     Mean:     Objective 1= -11.42  Objective 2= -35.72

Gen  362/1000 [██████████████████░░░░░░░░░░░░░░░░░░░░░░░░░░░░░░░░]  36.2%
     Best:     Objective 1=  27.45  Objective 2=  35.34
     Mean:     Objective 1=  -6.76  Objective 2= -43.74

Gen  363/1000 [██████████████████░░░░░░░░░░░░░░░░░░░░░░░░░░░░░░░░]  36.3%
     Best:     Objective 1=  31.33  Objective 2=   8.07
     Mean:     Objective 1=  -2.65  Objective 2= -35.49

Gen  364/1000 [██████████████████░░░░░░░░░░░░░░░░░░░░░░░░░░░░░░░░]  36.4%
     Best:     Objective 1=  34.66  Objective 2=   7.45
     Mean:     Objective 1= -11.53  Objective 2= -36.54

Gen  365/1000 [██████████████████░░░░░░░░░░░░░░░░░░░░░░░░░░░░░░░░]  36.5%
     Best:     Objective 1=  31.35  Objective 2=   5.79
     Mean:     Objective 1=  -5.73  Objective 2= -53.05

Generation 365:	[49.37844159 35.07565378]
Mean fitness:	-16.21 +- 43.11
Mean fitness per obj: ['-2.53 +-20.64', '-29.90 +-54.00']
Gen  366/1000 [██████████████████░░░░░░░░░░░░░░░░░░░░░░░░░░░░░░░░]  36.6%
     Best:     Objective 1=  28.69  Objective 2=  60.77
     Mean:     Objective 1=  -2.53  Objective 2= -29.90

Gen  367/1000 [██████████████████░░░░░░░░░░░░░░░░░░░░░░░░░░░░░░░░]  36.7%
     Best:     Objective 1=  34.78  Objective 2=  18.53
     Mean:     Objective 1=  -5.10  Objective 2= -42.09

Gen  368/1000 [██████████████████░░░░░░░░░░░░░░░░░░░░░░░░░░░░░░░░]  36.8%
     Best:     Objective 1=  30.41  Objective 2=  28.65
     Mean:     Objective 1=  -6.14  Objective 2= -44.40

Gen  369/1000 [██████████████████░░░░░░░░░░░░░░░░░░░░░░░░░░░░░░░░]  36.9%
     Best:     Objective 1=  57.14  Objective 2=  18.71
     Mean:     Objective 1=  -1.35  Objective 2= -42.73

Gen  370/1000 [██████████████████░░░░░░░░░░░░░░░░░░░░░░░░░░░░░░░░]  37.0%
     Best:     Objective 1=  44.46  Objective 2=  22.92
     Mean:     Objective 1=  -4.37  Objective 2= -26.42

Generation 370:	[49.37844159 35.07565378]
Mean fitness:	-24.14 +- 60.54
Mean fitness per obj: ['-16.26 +-58.78', '-32.01 +-61.24']
Gen  371/1000 [██████████████████░░░░░░░░░░░░░░░░░░░░░░░░░░░░░░░░]  37.1%
     Best:     Objective 1=  56.44  Objective 2=  23.93
     Mean:     Objective 1= -16.26  Objective 2= -32.01

Gen  372/1000 [██████████████████░░░░░░░░░░░░░░░░░░░░░░░░░░░░░░░░]  37.2%
     Best:     Objective 1=  27.57  Objective 2=  11.20
     Mean:     Objective 1=  -5.75  Objective 2= -48.30

Gen  373/1000 [██████████████████░░░░░░░░░░░░░░░░░░░░░░░░░░░░░░░░]  37.3%
     Best:     Objective 1=  35.42  Objective 2=  11.70
     Mean:     Objective 1=  -7.67  Objective 2= -43.24

Gen  374/1000 [██████████████████░░░░░░░░░░░░░░░░░░░░░░░░░░░░░░░░]  37.4%
     Best:     Objective 1=  46.28  Objective 2=  38.78
     Mean:     Objective 1=  -5.43  Objective 2= -40.38

Gen  375/1000 [██████████████████░░░░░░░░░░░░░░░░░░░░░░░░░░░░░░░░]  37.5%
     Best:     Objective 1=  38.72  Objective 2=  65.35
     Mean:     Objective 1=  -6.61  Objective 2= -38.21

Generation 375:	[49.37844159 35.07565378]
Mean fitness:	-22.90 +- 50.28
Mean fitness per obj: ['-10.05 +-34.83', '-35.75 +-59.28']
Gen  376/1000 [██████████████████░░░░░░░░░░░░░░░░░░░░░░░░░░░░░░░░]  37.6%
     Best:     Objective 1=  35.22  Objective 2=  30.99
     Mean:     Objective 1= -10.05  Objective 2= -35.75

Gen  377/1000 [██████████████████░░░░░░░░░░░░░░░░░░░░░░░░░░░░░░░░]  37.7%
     Best:     Objective 1=  33.45  Objective 2=  12.34
     Mean:     Objective 1=  -3.76  Objective 2= -41.36

Gen  378/1000 [██████████████████░░░░░░░░░░░░░░░░░░░░░░░░░░░░░░░░]  37.8%
     Best:     Objective 1=  42.41  Objective 2=  22.97
     Mean:     Objective 1=  -2.21  Objective 2= -27.93

Gen  379/1000 [██████████████████░░░░░░░░░░░░░░░░░░░░░░░░░░░░░░░░]  37.9%
     Best:     Objective 1=  35.69  Objective 2=  34.12
     Mean:     Objective 1=  -5.67  Objective 2= -53.29

Gen  380/1000 [███████████████████░░░░░░░░░░░░░░░░░░░░░░░░░░░░░░░]  38.0%
     Best:     Objective 1=  26.03  Objective 2=   7.90
     Mean:     Objective 1=  -4.86  Objective 2= -33.85

Generation 380:	[49.37844159 35.07565378]
Mean fitness:	-24.58 +- 58.81
Mean fitness per obj: ['-12.67 +-54.99', '-36.49 +-60.07']
Gen  381/1000 [███████████████████░░░░░░░░░░░░░░░░░░░░░░░░░░░░░░░]  38.1%
     Best:     Objective 1=  38.82  Objective 2=  22.56
     Mean:     Objective 1= -12.67  Objective 2= -36.49

Gen  382/1000 [███████████████████░░░░░░░░░░░░░░░░░░░░░░░░░░░░░░░]  38.2%
     Best:     Objective 1=  38.85  Objective 2=   9.19
     Mean:     Objective 1=  -6.06  Objective 2= -41.70

Gen  383/1000 [███████████████████░░░░░░░░░░░░░░░░░░░░░░░░░░░░░░░]  38.3%
     Best:     Objective 1=  35.30  Objective 2=  30.86
     Mean:     Objective 1=  -5.96  Objective 2= -46.43

Gen  384/1000 [███████████████████░░░░░░░░░░░░░░░░░░░░░░░░░░░░░░░]  38.4%
     Best:     Objective 1=  54.17  Objective 2=   8.61
     Mean:     Objective 1=  -8.74  Objective 2= -52.80

Gen  385/1000 [███████████████████░░░░░░░░░░░░░░░░░░░░░░░░░░░░░░░]  38.5%
     Best:     Objective 1=  32.49  Objective 2=   8.50
     Mean:     Objective 1=  -7.58  Objective 2= -39.58

Generation 385:	[49.37844159 35.07565378]
Mean fitness:	-26.75 +- 62.51
Mean fitness per obj: ['-5.22 +-20.44', '-48.28 +-80.43']
Gen  386/1000 [███████████████████░░░░░░░░░░░░░░░░░░░░░░░░░░░░░░░]  38.6%
     Best:     Objective 1=  31.89  Objective 2=  17.39
     Mean:     Objective 1=  -5.22  Objective 2= -48.28

Gen  387/1000 [███████████████████░░░░░░░░░░░░░░░░░░░░░░░░░░░░░░░]  38.7%
     Best:     Objective 1=  32.86  Objective 2=  34.30
     Mean:     Objective 1=  -6.73  Objective 2= -45.70

Gen  388/1000 [███████████████████░░░░░░░░░░░░░░░░░░░░░░░░░░░░░░░]  38.8%
     Best:     Objective 1=  29.10  Objective 2=  35.07
     Mean:     Objective 1=  -4.91  Objective 2= -43.87

Gen  389/1000 [███████████████████░░░░░░░░░░░░░░░░░░░░░░░░░░░░░░░]  38.9%
     Best:     Objective 1=  42.56  Objective 2=   6.77
     Mean:     Objective 1=  -6.89  Objective 2= -38.38

Gen  390/1000 [███████████████████░░░░░░░░░░░░░░░░░░░░░░░░░░░░░░░]  39.0%
     Best:     Objective 1=  28.43  Objective 2=  47.44
     Mean:     Objective 1=  -8.72  Objective 2= -36.61

Generation 390:	[49.37844159 35.07565378]
Mean fitness:	-17.15 +- 44.31
Mean fitness per obj: ['-2.31 +-16.33', '-32.00 +-56.73']
Gen  391/1000 [███████████████████░░░░░░░░░░░░░░░░░░░░░░░░░░░░░░░]  39.1%
     Best:     Objective 1=  41.59  Objective 2=  35.82
     Mean:     Objective 1=  -2.31  Objective 2= -32.00

Gen  392/1000 [███████████████████░░░░░░░░░░░░░░░░░░░░░░░░░░░░░░░]  39.2%
     Best:     Objective 1=  32.82  Objective 2=  73.66
     Mean:     Objective 1=  -8.79  Objective 2= -44.62

Gen  393/1000 [███████████████████░░░░░░░░░░░░░░░░░░░░░░░░░░░░░░░]  39.3%
     Best:     Objective 1=  40.88  Objective 2=  15.22
     Mean:     Objective 1=  -2.50  Objective 2= -32.11

Gen  394/1000 [███████████████████░░░░░░░░░░░░░░░░░░░░░░░░░░░░░░░]  39.4%
     Best:     Objective 1=  29.95  Objective 2=  48.30
     Mean:     Objective 1=  -6.73  Objective 2= -30.86

Gen  395/1000 [███████████████████░░░░░░░░░░░░░░░░░░░░░░░░░░░░░░░]  39.5%
     Best:     Objective 1=  52.30  Objective 2=  21.22
     Mean:     Objective 1=  -5.33  Objective 2= -34.41

Generation 395:	[49.37844159 35.07565378]
Mean fitness:	-16.60 +- 48.30
Mean fitness per obj: ['-1.08 +-20.19', '-32.13 +-61.46']
Gen  396/1000 [███████████████████░░░░░░░░░░░░░░░░░░░░░░░░░░░░░░░]  39.6%
     Best:     Objective 1=  57.80  Objective 2=  41.28
     Mean:     Objective 1=  -1.08  Objective 2= -32.13

Gen  397/1000 [███████████████████░░░░░░░░░░░░░░░░░░░░░░░░░░░░░░░]  39.7%
     Best:     Objective 1=  54.64  Objective 2=  13.32
     Mean:     Objective 1=  -4.87  Objective 2= -32.25

Gen  398/1000 [███████████████████░░░░░░░░░░░░░░░░░░░░░░░░░░░░░░░]  39.8%
     Best:     Objective 1=  40.47  Objective 2=  45.83
     Mean:     Objective 1=  -6.57  Objective 2= -45.74

Gen  399/1000 [███████████████████░░░░░░░░░░░░░░░░░░░░░░░░░░░░░░░]  39.9%
     Best:     Objective 1=  24.45  Objective 2=   8.50
     Mean:     Objective 1= -15.71  Objective 2= -58.86

Gen  400/1000 [████████████████████░░░░░░░░░░░░░░░░░░░░░░░░░░░░░░]  40.0%
     Best:     Objective 1=  33.76  Objective 2=  18.04
     Mean:     Objective 1=  -9.48  Objective 2= -34.47

Generation 400:	[49.37844159 35.07565378]
Mean fitness:	-23.99 +- 53.79
Mean fitness per obj: ['-3.14 +-17.30', '-44.83 +-67.95']
Gen  401/1000 [████████████████████░░░░░░░░░░░░░░░░░░░░░░░░░░░░░░]  40.1%
     Best:     Objective 1=  29.72  Objective 2=  21.07
     Mean:     Objective 1=  -3.14  Objective 2= -44.83

Gen  402/1000 [████████████████████░░░░░░░░░░░░░░░░░░░░░░░░░░░░░░]  40.2%
     Best:     Objective 1=  24.81  Objective 2=  28.90
     Mean:     Objective 1=  -6.86  Objective 2= -41.92

Gen  403/1000 [████████████████████░░░░░░░░░░░░░░░░░░░░░░░░░░░░░░]  40.3%
     Best:     Objective 1=  30.21  Objective 2=  23.87
     Mean:     Objective 1=  -5.52  Objective 2= -39.12

Gen  404/1000 [████████████████████░░░░░░░░░░░░░░░░░░░░░░░░░░░░░░]  40.4%
     Best:     Objective 1=  35.10  Objective 2=  46.02
     Mean:     Objective 1=  -7.89  Objective 2= -45.94

Gen  405/1000 [████████████████████░░░░░░░░░░░░░░░░░░░░░░░░░░░░░░]  40.5%
     Best:     Objective 1= 102.96  Objective 2=  36.90
     Mean:     Objective 1=  -0.94  Objective 2= -46.38

Generation 405:	[49.37844159 35.07565378]
Mean fitness:	-15.93 +- 31.64
Mean fitness per obj: ['-5.70 +-23.38', '-26.15 +-35.31']
Gen  406/1000 [████████████████████░░░░░░░░░░░░░░░░░░░░░░░░░░░░░░]  40.6%
     Best:     Objective 1=  39.96  Objective 2=  29.90
     Mean:     Objective 1=  -5.70  Objective 2= -26.15

Gen  407/1000 [████████████████████░░░░░░░░░░░░░░░░░░░░░░░░░░░░░░]  40.7%
     Best:     Objective 1=  49.30  Objective 2=  20.69
     Mean:     Objective 1=  -5.29  Objective 2= -40.06

Gen  408/1000 [████████████████████░░░░░░░░░░░░░░░░░░░░░░░░░░░░░░]  40.8%
     Best:     Objective 1=  27.34  Objective 2=  36.65
     Mean:     Objective 1=  -1.54  Objective 2= -37.61

Gen  409/1000 [████████████████████░░░░░░░░░░░░░░░░░░░░░░░░░░░░░░]  40.9%
     Best:     Objective 1=  32.60  Objective 2=  12.00
     Mean:     Objective 1=  -4.65  Objective 2= -42.73

Gen  410/1000 [████████████████████░░░░░░░░░░░░░░░░░░░░░░░░░░░░░░]  41.0%
     Best:     Objective 1=  41.57  Objective 2=  22.05
     Mean:     Objective 1=  -5.38  Objective 2= -34.10

Generation 410:	[49.37844159 35.07565378]
Mean fitness:	-20.42 +- 49.18
Mean fitness per obj: ['-5.10 +-19.33', '-35.74 +-63.20']
Gen  411/1000 [████████████████████░░░░░░░░░░░░░░░░░░░░░░░░░░░░░░]  41.1%
     Best:     Objective 1=  40.44  Objective 2=  18.94
     Mean:     Objective 1=  -5.10  Objective 2= -35.74

Gen  412/1000 [████████████████████░░░░░░░░░░░░░░░░░░░░░░░░░░░░░░]  41.2%
     Best:     Objective 1=  38.76  Objective 2=  22.24
     Mean:     Objective 1=  -5.90  Objective 2= -41.76

Gen  413/1000 [████████████████████░░░░░░░░░░░░░░░░░░░░░░░░░░░░░░]  41.3%
     Best:     Objective 1=  35.92  Objective 2=  56.56
     Mean:     Objective 1=  -3.97  Objective 2= -41.89

Gen  414/1000 [████████████████████░░░░░░░░░░░░░░░░░░░░░░░░░░░░░░]  41.4%
     Best:     Objective 1=  53.54  Objective 2=  41.12
     Mean:     Objective 1=  -5.63  Objective 2= -35.01

Gen  415/1000 [████████████████████░░░░░░░░░░░░░░░░░░░░░░░░░░░░░░]  41.5%
     Best:     Objective 1=  20.79  Objective 2=  10.79
     Mean:     Objective 1=  -9.17  Objective 2= -39.45

Generation 415:	[49.37844159 35.07565378]
Mean fitness:	-20.41 +- 49.78
Mean fitness per obj: ['-8.38 +-44.11', '-32.44 +-52.16']
Gen  416/1000 [████████████████████░░░░░░░░░░░░░░░░░░░░░░░░░░░░░░]  41.6%
     Best:     Objective 1=  35.35  Objective 2=  14.72
     Mean:     Objective 1=  -8.38  Objective 2= -32.44

Gen  417/1000 [████████████████████░░░░░░░░░░░░░░░░░░░░░░░░░░░░░░]  41.7%
     Best:     Objective 1=  58.71  Objective 2=  23.12
     Mean:     Objective 1=  -6.20  Objective 2= -33.39

Gen  418/1000 [████████████████████░░░░░░░░░░░░░░░░░░░░░░░░░░░░░░]  41.8%
     Best:     Objective 1=  34.43  Objective 2=  14.85
     Mean:     Objective 1=  -3.16  Objective 2= -37.08

Gen  419/1000 [████████████████████░░░░░░░░░░░░░░░░░░░░░░░░░░░░░░]  41.9%
     Best:     Objective 1=  46.81  Objective 2=  27.47
     Mean:     Objective 1=  -4.27  Objective 2= -39.52

Gen  420/1000 [█████████████████████░░░░░░░░░░░░░░░░░░░░░░░░░░░░░]  42.0%
     Best:     Objective 1=  49.69  Objective 2=  16.34
     Mean:     Objective 1=  -6.73  Objective 2= -53.59

Generation 420:	[49.37844159 35.07565378]
Mean fitness:	-23.65 +- 56.64
Mean fitness per obj: ['-7.08 +-33.11', '-40.23 +-69.07']
Gen  421/1000 [█████████████████████░░░░░░░░░░░░░░░░░░░░░░░░░░░░░]  42.1%
     Best:     Objective 1=  43.04  Objective 2=  26.09
     Mean:     Objective 1=  -7.08  Objective 2= -40.23

Gen  422/1000 [█████████████████████░░░░░░░░░░░░░░░░░░░░░░░░░░░░░]  42.2%
     Best:     Objective 1=  30.20  Objective 2=  68.84
     Mean:     Objective 1=  -5.37  Objective 2= -33.30

Gen  423/1000 [█████████████████████░░░░░░░░░░░░░░░░░░░░░░░░░░░░░]  42.3%
     Best:     Objective 1=  37.14  Objective 2=  36.66
     Mean:     Objective 1=  -2.42  Objective 2= -42.95

Gen  424/1000 [█████████████████████░░░░░░░░░░░░░░░░░░░░░░░░░░░░░]  42.4%
     Best:     Objective 1=  30.64  Objective 2=   3.56
     Mean:     Objective 1=  -6.96  Objective 2= -43.29

Gen  425/1000 [█████████████████████░░░░░░░░░░░░░░░░░░░░░░░░░░░░░]  42.5%
     Best:     Objective 1=  41.80  Objective 2=  13.32
     Mean:     Objective 1=  -6.10  Objective 2= -40.77

Generation 425:	[49.37844159 35.07565378]
Mean fitness:	-16.62 +- 44.23
Mean fitness per obj: ['-2.45 +-19.66', '-30.79 +-55.89']
Gen  426/1000 [█████████████████████░░░░░░░░░░░░░░░░░░░░░░░░░░░░░]  42.6%
     Best:     Objective 1=  41.33  Objective 2=  14.08
     Mean:     Objective 1=  -2.45  Objective 2= -30.79

Gen  427/1000 [█████████████████████░░░░░░░░░░░░░░░░░░░░░░░░░░░░░]  42.7%
     Best:     Objective 1=  30.56  Objective 2=  63.89
     Mean:     Objective 1=  -5.46  Objective 2= -37.16

Gen  428/1000 [█████████████████████░░░░░░░░░░░░░░░░░░░░░░░░░░░░░]  42.8%
     Best:     Objective 1=  46.34  Objective 2=  31.97
     Mean:     Objective 1=  -3.49  Objective 2= -55.66

Gen  429/1000 [█████████████████████░░░░░░░░░░░░░░░░░░░░░░░░░░░░░]  42.9%
     Best:     Objective 1=  65.20  Objective 2=  13.67
     Mean:     Objective 1=  -2.67  Objective 2= -33.27

Gen  430/1000 [█████████████████████░░░░░░░░░░░░░░░░░░░░░░░░░░░░░]  43.0%
     Best:     Objective 1=  85.64  Objective 2= 102.36
     Mean:     Objective 1=  -7.42  Objective 2= -42.25

Generation 430:	[49.37844159 35.07565378]
Mean fitness:	-21.92 +- 49.10
Mean fitness per obj: ['-8.33 +-34.71', '-35.51 +-56.98']
Gen  431/1000 [█████████████████████░░░░░░░░░░░░░░░░░░░░░░░░░░░░░]  43.1%
     Best:     Objective 1=  34.93  Objective 2=  24.54
     Mean:     Objective 1=  -8.33  Objective 2= -35.51

Gen  432/1000 [█████████████████████░░░░░░░░░░░░░░░░░░░░░░░░░░░░░]  43.2%
     Best:     Objective 1=  39.48  Objective 2=  27.89
     Mean:     Objective 1=  -6.07  Objective 2= -34.02

Gen  433/1000 [█████████████████████░░░░░░░░░░░░░░░░░░░░░░░░░░░░░]  43.3%
     Best:     Objective 1=  37.83  Objective 2=  41.34
     Mean:     Objective 1=  -5.63  Objective 2= -36.07

Gen  434/1000 [█████████████████████░░░░░░░░░░░░░░░░░░░░░░░░░░░░░]  43.4%
     Best:     Objective 1=  37.30  Objective 2=  34.63
     Mean:     Objective 1=  -5.26  Objective 2= -27.12

Gen  435/1000 [█████████████████████░░░░░░░░░░░░░░░░░░░░░░░░░░░░░]  43.5%
     Best:     Objective 1=  17.95  Objective 2=  19.28
     Mean:     Objective 1= -14.06  Objective 2= -38.80

Generation 435:	[49.37844159 35.07565378]
Mean fitness:	-20.76 +- 51.81
Mean fitness per obj: ['-4.97 +-32.17', '-36.54 +-61.93']
Gen  436/1000 [█████████████████████░░░░░░░░░░░░░░░░░░░░░░░░░░░░░]  43.6%
     Best:     Objective 1=  35.30  Objective 2=  30.38
     Mean:     Objective 1=  -4.97  Objective 2= -36.54

Gen  437/1000 [█████████████████████░░░░░░░░░░░░░░░░░░░░░░░░░░░░░]  43.7%
     Best:     Objective 1=  29.80  Objective 2=  11.99
     Mean:     Objective 1=  -5.40  Objective 2= -37.48

Gen  438/1000 [█████████████████████░░░░░░░░░░░░░░░░░░░░░░░░░░░░░]  43.8%
     Best:     Objective 1=  61.10  Objective 2=  24.82
     Mean:     Objective 1= -10.33  Objective 2= -44.04

Gen  439/1000 [█████████████████████░░░░░░░░░░░░░░░░░░░░░░░░░░░░░]  43.9%
     Best:     Objective 1=  51.56  Objective 2=  37.73
     Mean:     Objective 1=  -9.42  Objective 2= -46.35

Gen  440/1000 [██████████████████████░░░░░░░░░░░░░░░░░░░░░░░░░░░░]  44.0%
     Best:     Objective 1=  42.47  Objective 2=  27.65
     Mean:     Objective 1=  -3.66  Objective 2= -35.77

Generation 440:	[49.37844159 35.07565378]
Mean fitness:	-25.41 +- 58.56
Mean fitness per obj: ['-4.32 +-22.12', '-46.49 +-74.03']
Gen  441/1000 [██████████████████████░░░░░░░░░░░░░░░░░░░░░░░░░░░░]  44.1%
     Best:     Objective 1=  31.33  Objective 2=  52.44
     Mean:     Objective 1=  -4.32  Objective 2= -46.49

Gen  442/1000 [██████████████████████░░░░░░░░░░░░░░░░░░░░░░░░░░░░]  44.2%
     Best:     Objective 1=  24.35  Objective 2=  34.43
     Mean:     Objective 1=  -6.11  Objective 2= -39.83

Gen  443/1000 [██████████████████████░░░░░░░░░░░░░░░░░░░░░░░░░░░░]  44.3%
     Best:     Objective 1=  30.61  Objective 2=  18.66
     Mean:     Objective 1= -12.84  Objective 2= -36.79

Gen  444/1000 [██████████████████████░░░░░░░░░░░░░░░░░░░░░░░░░░░░]  44.4%
     Best:     Objective 1=  51.00  Objective 2=  22.40
     Mean:     Objective 1=  -7.14  Objective 2= -31.84

Gen  445/1000 [██████████████████████░░░░░░░░░░░░░░░░░░░░░░░░░░░░]  44.5%
     Best:     Objective 1=  23.36  Objective 2=  21.30
     Mean:     Objective 1=  -4.80  Objective 2= -36.06

Generation 445:	[49.37844159 35.07565378]
Mean fitness:	-20.07 +- 48.34
Mean fitness per obj: ['-6.86 +-34.90', '-33.27 +-55.74']
Gen  446/1000 [██████████████████████░░░░░░░░░░░░░░░░░░░░░░░░░░░░]  44.6%
     Best:     Objective 1=  35.53  Objective 2=  19.53
     Mean:     Objective 1=  -6.86  Objective 2= -33.27

Gen  447/1000 [██████████████████████░░░░░░░░░░░░░░░░░░░░░░░░░░░░]  44.7%
     Best:     Objective 1=  39.56  Objective 2=  15.07
     Mean:     Objective 1=  -6.59  Objective 2= -38.71

Gen  448/1000 [██████████████████████░░░░░░░░░░░░░░░░░░░░░░░░░░░░]  44.8%
     Best:     Objective 1=  31.46  Objective 2=  36.72
     Mean:     Objective 1=  -2.92  Objective 2= -33.64

Gen  449/1000 [██████████████████████░░░░░░░░░░░░░░░░░░░░░░░░░░░░]  44.9%
     Best:     Objective 1=  34.17  Objective 2=  54.73
     Mean:     Objective 1= -12.79  Objective 2= -34.25

Gen  450/1000 [██████████████████████░░░░░░░░░░░░░░░░░░░░░░░░░░░░]  45.0%
     Best:     Objective 1=  53.29  Objective 2=  21.28
     Mean:     Objective 1=  -7.21  Objective 2= -39.60

Generation 450:	[49.37844159 35.07565378]
Mean fitness:	-24.01 +- 57.33
Mean fitness per obj: ['-3.45 +-19.99', '-44.58 +-72.99']
Gen  451/1000 [██████████████████████░░░░░░░░░░░░░░░░░░░░░░░░░░░░]  45.1%
     Best:     Objective 1=  51.56  Objective 2=  29.41
     Mean:     Objective 1=  -3.45  Objective 2= -44.58

Gen  452/1000 [██████████████████████░░░░░░░░░░░░░░░░░░░░░░░░░░░░]  45.2%
     Best:     Objective 1=  48.38  Objective 2=  10.76
     Mean:     Objective 1=  -4.15  Objective 2= -37.98

Gen  453/1000 [██████████████████████░░░░░░░░░░░░░░░░░░░░░░░░░░░░]  45.3%
     Best:     Objective 1=  61.36  Objective 2=  12.81
     Mean:     Objective 1=  -1.91  Objective 2= -31.92

Gen  454/1000 [██████████████████████░░░░░░░░░░░░░░░░░░░░░░░░░░░░]  45.4%
     Best:     Objective 1=  29.60  Objective 2=  26.10
     Mean:     Objective 1= -10.94  Objective 2= -30.33

Gen  455/1000 [██████████████████████░░░░░░░░░░░░░░░░░░░░░░░░░░░░]  45.5%
     Best:     Objective 1=  37.60  Objective 2=  20.31
     Mean:     Objective 1=  -3.22  Objective 2= -42.63

Generation 455:	[49.37844159 35.07565378]
Mean fitness:	-17.48 +- 40.07
Mean fitness per obj: ['-7.53 +-34.33', '-27.44 +-42.83']
Gen  456/1000 [██████████████████████░░░░░░░░░░░░░░░░░░░░░░░░░░░░]  45.6%
     Best:     Objective 1=  28.39  Objective 2=   3.99
     Mean:     Objective 1=  -7.53  Objective 2= -27.44

Gen  457/1000 [██████████████████████░░░░░░░░░░░░░░░░░░░░░░░░░░░░]  45.7%
     Best:     Objective 1=  27.00  Objective 2=  18.62
     Mean:     Objective 1=  -1.82  Objective 2= -44.35

Gen  458/1000 [██████████████████████░░░░░░░░░░░░░░░░░░░░░░░░░░░░]  45.8%
     Best:     Objective 1=  31.54  Objective 2=  22.36
     Mean:     Objective 1=   0.55  Objective 2= -46.49

Gen  459/1000 [██████████████████████░░░░░░░░░░░░░░░░░░░░░░░░░░░░]  45.9%
     Best:     Objective 1=  41.94  Objective 2=  77.53
     Mean:     Objective 1=  -4.90  Objective 2= -47.54

Gen  460/1000 [███████████████████████░░░░░░░░░░░░░░░░░░░░░░░░░░░]  46.0%
     Best:     Objective 1=  39.32  Objective 2=  16.77
     Mean:     Objective 1=  -3.90  Objective 2= -39.93

Generation 460:	[49.37844159 35.07565378]
Mean fitness:	-22.31 +- 54.57
Mean fitness per obj: ['-2.63 +-17.05', '-41.98 +-69.94']
Gen  461/1000 [███████████████████████░░░░░░░░░░░░░░░░░░░░░░░░░░░]  46.1%
     Best:     Objective 1=  64.37  Objective 2=  14.32
     Mean:     Objective 1=  -2.63  Objective 2= -41.98

Gen  462/1000 [███████████████████████░░░░░░░░░░░░░░░░░░░░░░░░░░░]  46.2%
     Best:     Objective 1=  37.44  Objective 2=  26.41
     Mean:     Objective 1=  -5.31  Objective 2= -45.01

Gen  463/1000 [███████████████████████░░░░░░░░░░░░░░░░░░░░░░░░░░░]  46.3%
     Best:     Objective 1=  39.69  Objective 2=  15.92
     Mean:     Objective 1=  -4.18  Objective 2= -43.42

Gen  464/1000 [███████████████████████░░░░░░░░░░░░░░░░░░░░░░░░░░░]  46.4%
     Best:     Objective 1=  45.99  Objective 2=  25.52
     Mean:     Objective 1=  -5.22  Objective 2= -29.23

Gen  465/1000 [███████████████████████░░░░░░░░░░░░░░░░░░░░░░░░░░░]  46.5%
     Best:     Objective 1=  30.57  Objective 2=  44.40
     Mean:     Objective 1=  -3.21  Objective 2= -39.04

Generation 465:	[49.37844159 35.07565378]
Mean fitness:	-21.14 +- 54.02
Mean fitness per obj: ['-4.07 +-21.66', '-38.22 +-69.16']
Gen  466/1000 [███████████████████████░░░░░░░░░░░░░░░░░░░░░░░░░░░]  46.6%
     Best:     Objective 1=  73.93  Objective 2=  19.13
     Mean:     Objective 1=  -4.07  Objective 2= -38.22

Gen  467/1000 [███████████████████████░░░░░░░░░░░░░░░░░░░░░░░░░░░]  46.7%
     Best:     Objective 1=  57.40  Objective 2=  25.59
     Mean:     Objective 1=  -9.58  Objective 2= -33.70

Gen  468/1000 [███████████████████████░░░░░░░░░░░░░░░░░░░░░░░░░░░]  46.8%
     Best:     Objective 1=  45.30  Objective 2=  28.33
     Mean:     Objective 1=  -5.95  Objective 2= -36.71

Gen  469/1000 [███████████████████████░░░░░░░░░░░░░░░░░░░░░░░░░░░]  46.9%
     Best:     Objective 1=  45.96  Objective 2=  22.80
     Mean:     Objective 1=  -7.14  Objective 2= -28.92

Gen  470/1000 [███████████████████████░░░░░░░░░░░░░░░░░░░░░░░░░░░]  47.0%
     Best:     Objective 1=  50.60  Objective 2=  12.56
     Mean:     Objective 1=  -7.72  Objective 2= -38.64

Generation 470:	[49.37844159 35.07565378]
Mean fitness:	-24.79 +- 59.00
Mean fitness per obj: ['-3.94 +-29.06', '-45.64 +-72.45']
Gen  471/1000 [███████████████████████░░░░░░░░░░░░░░░░░░░░░░░░░░░]  47.1%
     Best:     Objective 1=  56.81  Objective 2=  56.42
     Mean:     Objective 1=  -3.94  Objective 2= -45.64

Gen  472/1000 [███████████████████████░░░░░░░░░░░░░░░░░░░░░░░░░░░]  47.2%
     Best:     Objective 1=  35.42  Objective 2=  71.61
     Mean:     Objective 1=  -2.58  Objective 2= -40.38

Gen  473/1000 [███████████████████████░░░░░░░░░░░░░░░░░░░░░░░░░░░]  47.3%
     Best:     Objective 1=  58.82  Objective 2=  34.69
     Mean:     Objective 1=  -4.65  Objective 2= -48.14

Gen  474/1000 [███████████████████████░░░░░░░░░░░░░░░░░░░░░░░░░░░]  47.4%
     Best:     Objective 1=  57.38  Objective 2=   6.07
     Mean:     Objective 1=  -3.33  Objective 2= -30.19

Gen  475/1000 [███████████████████████░░░░░░░░░░░░░░░░░░░░░░░░░░░]  47.5%
     Best:     Objective 1=  60.33  Objective 2=   8.22
     Mean:     Objective 1= -16.45  Objective 2= -39.36

Generation 475:	[49.37844159 35.07565378]
Mean fitness:	-29.53 +- 59.71
Mean fitness per obj: ['-6.41 +-23.57', '-52.66 +-74.21']
Gen  476/1000 [███████████████████████░░░░░░░░░░░░░░░░░░░░░░░░░░░]  47.6%
     Best:     Objective 1=  77.34  Objective 2=  17.65
     Mean:     Objective 1=  -6.41  Objective 2= -52.66

Gen  477/1000 [███████████████████████░░░░░░░░░░░░░░░░░░░░░░░░░░░]  47.7%
     Best:     Objective 1=  22.48  Objective 2=  32.64
     Mean:     Objective 1=  -2.60  Objective 2= -37.16

Gen  478/1000 [███████████████████████░░░░░░░░░░░░░░░░░░░░░░░░░░░]  47.8%
     Best:     Objective 1=  34.05  Objective 2=  14.74
     Mean:     Objective 1=  -5.59  Objective 2= -41.25

Gen  479/1000 [███████████████████████░░░░░░░░░░░░░░░░░░░░░░░░░░░]  47.9%
     Best:     Objective 1=  43.15  Objective 2=   7.07
     Mean:     Objective 1=  -7.68  Objective 2= -38.90

Gen  480/1000 [████████████████████████░░░░░░░░░░░░░░░░░░░░░░░░░░]  48.0%
     Best:     Objective 1=  60.15  Objective 2=  92.10
     Mean:     Objective 1=  -2.51  Objective 2= -41.61

Generation 480:	[49.37844159 35.07565378]
Mean fitness:	-21.76 +- 53.89
Mean fitness per obj: ['-6.07 +-37.90', '-37.45 +-62.28']
Gen  481/1000 [████████████████████████░░░░░░░░░░░░░░░░░░░░░░░░░░]  48.1%
     Best:     Objective 1=  49.01  Objective 2=  12.30
     Mean:     Objective 1=  -6.07  Objective 2= -37.45

Gen  482/1000 [████████████████████████░░░░░░░░░░░░░░░░░░░░░░░░░░]  48.2%
     Best:     Objective 1=  46.38  Objective 2=  65.71
     Mean:     Objective 1=  -5.63  Objective 2= -43.28

Gen  483/1000 [████████████████████████░░░░░░░░░░░░░░░░░░░░░░░░░░]  48.3%
     Best:     Objective 1=  36.49  Objective 2=  31.91
     Mean:     Objective 1=  -7.00  Objective 2= -45.84

Gen  484/1000 [████████████████████████░░░░░░░░░░░░░░░░░░░░░░░░░░]  48.4%
     Best:     Objective 1=  41.01  Objective 2=  22.88
     Mean:     Objective 1=  -4.06  Objective 2= -32.64

Gen  485/1000 [████████████████████████░░░░░░░░░░░░░░░░░░░░░░░░░░]  48.5%
     Best:     Objective 1=  29.81  Objective 2=  28.19
     Mean:     Objective 1=  -5.96  Objective 2= -32.62

Generation 485:	[49.37844159 35.07565378]
Mean fitness:	-17.89 +- 46.13
Mean fitness per obj: ['-6.40 +-41.14', '-29.39 +-47.95']
Gen  486/1000 [████████████████████████░░░░░░░░░░░░░░░░░░░░░░░░░░]  48.6%
     Best:     Objective 1=  52.23  Objective 2=  21.20
     Mean:     Objective 1=  -6.40  Objective 2= -29.39

Gen  487/1000 [████████████████████████░░░░░░░░░░░░░░░░░░░░░░░░░░]  48.7%
     Best:     Objective 1=  26.86  Objective 2=  21.64
     Mean:     Objective 1=  -2.30  Objective 2= -50.46

Gen  488/1000 [████████████████████████░░░░░░░░░░░░░░░░░░░░░░░░░░]  48.8%
     Best:     Objective 1=  40.57  Objective 2=  25.35
     Mean:     Objective 1=  -9.60  Objective 2= -44.42

Gen  489/1000 [████████████████████████░░░░░░░░░░░░░░░░░░░░░░░░░░]  48.9%
     Best:     Objective 1=  35.68  Objective 2=  12.05
     Mean:     Objective 1=  -3.94  Objective 2= -42.67

Gen  490/1000 [████████████████████████░░░░░░░░░░░░░░░░░░░░░░░░░░]  49.0%
     Best:     Objective 1=  42.72  Objective 2=   9.82
     Mean:     Objective 1=  -0.25  Objective 2= -39.81

Generation 490:	[49.37844159 35.07565378]
Mean fitness:	-25.05 +- 55.21
Mean fitness per obj: ['-5.86 +-24.42', '-44.23 +-69.02']
Gen  491/1000 [████████████████████████░░░░░░░░░░░░░░░░░░░░░░░░░░]  49.1%
     Best:     Objective 1=  40.24  Objective 2=  38.89
     Mean:     Objective 1=  -5.86  Objective 2= -44.23

Gen  492/1000 [████████████████████████░░░░░░░░░░░░░░░░░░░░░░░░░░]  49.2%
     Best:     Objective 1=  69.24  Objective 2=  36.02
     Mean:     Objective 1=  -3.18  Objective 2= -37.14

Gen  493/1000 [████████████████████████░░░░░░░░░░░░░░░░░░░░░░░░░░]  49.3%
     Best:     Objective 1=  52.81  Objective 2=  42.17
     Mean:     Objective 1=  -2.72  Objective 2= -35.15

Gen  494/1000 [████████████████████████░░░░░░░░░░░░░░░░░░░░░░░░░░]  49.4%
     Best:     Objective 1=  49.88  Objective 2=  25.46
     Mean:     Objective 1=  -7.54  Objective 2= -38.14

Gen  495/1000 [████████████████████████░░░░░░░░░░░░░░░░░░░░░░░░░░]  49.5%
     Best:     Objective 1=  32.67  Objective 2=   7.14
     Mean:     Objective 1= -11.45  Objective 2= -31.46

Generation 495:	[49.37844159 35.07565378]
Mean fitness:	-23.98 +- 59.64
Mean fitness per obj: ['-6.43 +-36.05', '-41.54 +-72.09']
Gen  496/1000 [████████████████████████░░░░░░░░░░░░░░░░░░░░░░░░░░]  49.6%
     Best:     Objective 1=  43.95  Objective 2=  15.70
     Mean:     Objective 1=  -6.43  Objective 2= -41.54

Gen  497/1000 [████████████████████████░░░░░░░░░░░░░░░░░░░░░░░░░░]  49.7%
     Best:     Objective 1=  45.34  Objective 2=  70.92
     Mean:     Objective 1=  -5.97  Objective 2= -48.85

Gen  498/1000 [████████████████████████░░░░░░░░░░░░░░░░░░░░░░░░░░]  49.8%
     Best:     Objective 1=  44.66  Objective 2=  32.53
     Mean:     Objective 1= -11.82  Objective 2= -37.57

Gen  499/1000 [████████████████████████░░░░░░░░░░░░░░░░░░░░░░░░░░]  49.9%
     Best:     Objective 1=  67.52  Objective 2=  16.01
     Mean:     Objective 1=  -4.30  Objective 2= -28.59

Gen  500/1000 [█████████████████████████░░░░░░░░░░░░░░░░░░░░░░░░░]  50.0%
     Best:     Objective 1=  63.85  Objective 2=  17.63
     Mean:     Objective 1=  -3.06  Objective 2= -36.38

Generation 500:	[49.37844159 35.07565378]
Mean fitness:	-23.24 +- 53.43
Mean fitness per obj: ['-4.68 +-31.46', '-41.81 +-63.48']
Gen  501/1000 [█████████████████████████░░░░░░░░░░░░░░░░░░░░░░░░░]  50.1%
     Best:     Objective 1=  40.06  Objective 2=  14.52
     Mean:     Objective 1=  -4.68  Objective 2= -41.81

Gen  502/1000 [█████████████████████████░░░░░░░░░░░░░░░░░░░░░░░░░]  50.2%
     Best:     Objective 1=  38.86  Objective 2=  23.14
     Mean:     Objective 1=  -5.34  Objective 2= -38.01

Gen  503/1000 [█████████████████████████░░░░░░░░░░░░░░░░░░░░░░░░░]  50.3%
     Best:     Objective 1=  61.31  Objective 2=  21.52
     Mean:     Objective 1=  -0.88  Objective 2= -43.39

Gen  504/1000 [█████████████████████████░░░░░░░░░░░░░░░░░░░░░░░░░]  50.4%
     Best:     Objective 1=  21.59  Objective 2=  27.96
     Mean:     Objective 1=  -9.82  Objective 2= -33.88

Gen  505/1000 [█████████████████████████░░░░░░░░░░░░░░░░░░░░░░░░░]  50.5%
     Best:     Objective 1=  38.40  Objective 2=  29.20
     Mean:     Objective 1= -10.90  Objective 2= -40.72

Generation 505:	[49.37844159 35.07565378]
Mean fitness:	-25.96 +- 58.96
Mean fitness per obj: ['-9.10 +-39.08', '-42.82 +-69.69']
Gen  506/1000 [█████████████████████████░░░░░░░░░░░░░░░░░░░░░░░░░]  50.6%
     Best:     Objective 1=  37.25  Objective 2=  11.08
     Mean:     Objective 1=  -9.10  Objective 2= -42.82

Gen  507/1000 [█████████████████████████░░░░░░░░░░░░░░░░░░░░░░░░░]  50.7%
     Best:     Objective 1=  77.21  Objective 2=  20.75
     Mean:     Objective 1=  -0.61  Objective 2= -38.93

Gen  508/1000 [█████████████████████████░░░░░░░░░░░░░░░░░░░░░░░░░]  50.8%
     Best:     Objective 1=  55.46  Objective 2=   3.18
     Mean:     Objective 1=  -0.54  Objective 2= -39.18

Gen  509/1000 [█████████████████████████░░░░░░░░░░░░░░░░░░░░░░░░░]  50.9%
     Best:     Objective 1=  31.89  Objective 2=  20.97
     Mean:     Objective 1=  -6.50  Objective 2= -33.77

Gen  510/1000 [█████████████████████████░░░░░░░░░░░░░░░░░░░░░░░░░]  51.0%
     Best:     Objective 1=  30.78  Objective 2=  31.63
     Mean:     Objective 1=  -3.41  Objective 2= -46.36

Generation 510:	[49.37844159 35.07565378]
Mean fitness:	-28.77 +- 67.54
Mean fitness per obj: ['-9.47 +-37.57', '-48.07 +-83.46']
Gen  511/1000 [█████████████████████████░░░░░░░░░░░░░░░░░░░░░░░░░]  51.1%
     Best:     Objective 1=  41.04  Objective 2=  23.37
     Mean:     Objective 1=  -9.47  Objective 2= -48.07

Gen  512/1000 [█████████████████████████░░░░░░░░░░░░░░░░░░░░░░░░░]  51.2%
     Best:     Objective 1=  60.61  Objective 2=  28.68
     Mean:     Objective 1=  -8.14  Objective 2= -37.49

Gen  513/1000 [█████████████████████████░░░░░░░░░░░░░░░░░░░░░░░░░]  51.3%
     Best:     Objective 1=  35.91  Objective 2=  44.80
     Mean:     Objective 1=  -1.88  Objective 2= -32.07

Gen  514/1000 [█████████████████████████░░░░░░░░░░░░░░░░░░░░░░░░░]  51.4%
     Best:     Objective 1=  80.89  Objective 2=  31.22
     Mean:     Objective 1=  -0.28  Objective 2= -35.33

Gen  515/1000 [█████████████████████████░░░░░░░░░░░░░░░░░░░░░░░░░]  51.5%
     Best:     Objective 1=  44.10  Objective 2=  29.94
     Mean:     Objective 1=  -6.27  Objective 2= -45.49

Generation 515:	[49.37844159 35.07565378]
Mean fitness:	-21.35 +- 51.53
Mean fitness per obj: ['-4.45 +-20.57', '-38.26 +-65.69']
Gen  516/1000 [█████████████████████████░░░░░░░░░░░░░░░░░░░░░░░░░]  51.6%
     Best:     Objective 1=  25.22  Objective 2=  24.07
     Mean:     Objective 1=  -4.45  Objective 2= -38.26

Gen  517/1000 [█████████████████████████░░░░░░░░░░░░░░░░░░░░░░░░░]  51.7%
     Best:     Objective 1=  43.48  Objective 2=  22.20
     Mean:     Objective 1=  -1.67  Objective 2= -37.17

Gen  518/1000 [█████████████████████████░░░░░░░░░░░░░░░░░░░░░░░░░]  51.8%
     Best:     Objective 1=  30.32  Objective 2=  23.91
     Mean:     Objective 1=  -8.57  Objective 2= -35.10

Gen  519/1000 [█████████████████████████░░░░░░░░░░░░░░░░░░░░░░░░░]  51.9%
     Best:     Objective 1=  61.39  Objective 2=  13.13
     Mean:     Objective 1=  -4.39  Objective 2= -47.35

Gen  520/1000 [██████████████████████████░░░░░░░░░░░░░░░░░░░░░░░░]  52.0%
     Best:     Objective 1=  35.85  Objective 2=  11.76
     Mean:     Objective 1=  -4.38  Objective 2= -41.62

Generation 520:	[49.37844159 35.07565378]
Mean fitness:	-29.78 +- 70.07
Mean fitness per obj: ['-7.01 +-33.22', '-52.55 +-87.64']
Gen  521/1000 [██████████████████████████░░░░░░░░░░░░░░░░░░░░░░░░]  52.1%
     Best:     Objective 1=  29.94  Objective 2=   9.83
     Mean:     Objective 1=  -7.01  Objective 2= -52.55

Gen  522/1000 [██████████████████████████░░░░░░░░░░░░░░░░░░░░░░░░]  52.2%
     Best:     Objective 1=  43.22  Objective 2=  23.38
     Mean:     Objective 1=  -0.47  Objective 2= -39.85

Gen  523/1000 [██████████████████████████░░░░░░░░░░░░░░░░░░░░░░░░]  52.3%
     Best:     Objective 1=  40.33  Objective 2=  18.39
     Mean:     Objective 1=  -4.23  Objective 2= -47.96

Gen  524/1000 [██████████████████████████░░░░░░░░░░░░░░░░░░░░░░░░]  52.4%
     Best:     Objective 1=  29.09  Objective 2=  12.37
     Mean:     Objective 1=  -5.80  Objective 2= -37.55

Gen  525/1000 [██████████████████████████░░░░░░░░░░░░░░░░░░░░░░░░]  52.5%
     Best:     Objective 1=  41.18  Objective 2=  14.10
     Mean:     Objective 1=  -3.47  Objective 2= -35.41

Generation 525:	[49.37844159 35.07565378]
Mean fitness:	-17.09 +- 43.52
Mean fitness per obj: ['-1.81 +-23.26', '-32.37 +-52.73']
Gen  526/1000 [██████████████████████████░░░░░░░░░░░░░░░░░░░░░░░░]  52.6%
     Best:     Objective 1=  49.08  Objective 2=  49.41
     Mean:     Objective 1=  -1.81  Objective 2= -32.37

Gen  527/1000 [██████████████████████████░░░░░░░░░░░░░░░░░░░░░░░░]  52.7%
     Best:     Objective 1=  60.90  Objective 2=  14.28
     Mean:     Objective 1=  -3.88  Objective 2= -43.18

Gen  528/1000 [██████████████████████████░░░░░░░░░░░░░░░░░░░░░░░░]  52.8%
     Best:     Objective 1=  24.57  Objective 2=  43.96
     Mean:     Objective 1=  -5.28  Objective 2= -42.99

Gen  529/1000 [██████████████████████████░░░░░░░░░░░░░░░░░░░░░░░░]  52.9%
     Best:     Objective 1=  30.43  Objective 2=  11.03
     Mean:     Objective 1=  -7.91  Objective 2= -40.69

Gen  530/1000 [██████████████████████████░░░░░░░░░░░░░░░░░░░░░░░░]  53.0%
     Best:     Objective 1=  52.25  Objective 2=  13.56
     Mean:     Objective 1=  -9.55  Objective 2= -43.21

Generation 530:	[49.37844159 35.07565378]
Mean fitness:	-17.19 +- 36.27
Mean fitness per obj: ['-8.44 +-26.05', '-25.95 +-42.41']
Gen  531/1000 [██████████████████████████░░░░░░░░░░░░░░░░░░░░░░░░]  53.1%
     Best:     Objective 1=  32.62  Objective 2=  35.70
     Mean:     Objective 1=  -8.44  Objective 2= -25.95

Gen  532/1000 [██████████████████████████░░░░░░░░░░░░░░░░░░░░░░░░]  53.2%
     Best:     Objective 1=  37.52  Objective 2=   4.43
     Mean:     Objective 1=  -6.40  Objective 2= -31.68

Gen  533/1000 [██████████████████████████░░░░░░░░░░░░░░░░░░░░░░░░]  53.3%
     Best:     Objective 1=  41.58  Objective 2=  24.19
     Mean:     Objective 1= -11.77  Objective 2= -35.93

Gen  534/1000 [██████████████████████████░░░░░░░░░░░░░░░░░░░░░░░░]  53.4%
     Best:     Objective 1=  35.27  Objective 2=  40.98
     Mean:     Objective 1=  -8.04  Objective 2= -36.86

Gen  535/1000 [██████████████████████████░░░░░░░░░░░░░░░░░░░░░░░░]  53.5%
     Best:     Objective 1=  25.70  Objective 2=  28.30
     Mean:     Objective 1=  -2.56  Objective 2= -27.07

Generation 535:	[49.37844159 35.07565378]
Mean fitness:	-27.97 +- 60.86
Mean fitness per obj: ['-8.18 +-28.58', '-47.76 +-76.21']
Gen  536/1000 [██████████████████████████░░░░░░░░░░░░░░░░░░░░░░░░]  53.6%
     Best:     Objective 1=  30.48  Objective 2=  20.05
     Mean:     Objective 1=  -8.18  Objective 2= -47.76

Gen  537/1000 [██████████████████████████░░░░░░░░░░░░░░░░░░░░░░░░]  53.7%
     Best:     Objective 1=  57.61  Objective 2=   9.16
     Mean:     Objective 1=  -3.57  Objective 2= -35.34

Gen  538/1000 [██████████████████████████░░░░░░░░░░░░░░░░░░░░░░░░]  53.8%
     Best:     Objective 1=  31.70  Objective 2=  24.15
     Mean:     Objective 1=  -4.93  Objective 2= -51.05

Gen  539/1000 [██████████████████████████░░░░░░░░░░░░░░░░░░░░░░░░]  53.9%
     Best:     Objective 1=  49.44  Objective 2=  10.70
     Mean:     Objective 1=  -6.94  Objective 2= -42.66

Gen  540/1000 [███████████████████████████░░░░░░░░░░░░░░░░░░░░░░░]  54.0%
     Best:     Objective 1=  35.17  Objective 2=  12.53
     Mean:     Objective 1=  -4.59  Objective 2= -24.06

Generation 540:	[49.37844159 35.07565378]
Mean fitness:	-26.06 +- 57.82
Mean fitness per obj: ['-13.07 +-44.32', '-39.04 +-66.22']
Gen  541/1000 [███████████████████████████░░░░░░░░░░░░░░░░░░░░░░░]  54.1%
     Best:     Objective 1=  51.63  Objective 2=  18.26
     Mean:     Objective 1= -13.07  Objective 2= -39.04

Gen  542/1000 [███████████████████████████░░░░░░░░░░░░░░░░░░░░░░░]  54.2%
     Best:     Objective 1=  39.94  Objective 2=  31.23
     Mean:     Objective 1=  -1.42  Objective 2= -46.20

Gen  543/1000 [███████████████████████████░░░░░░░░░░░░░░░░░░░░░░░]  54.3%
     Best:     Objective 1=  28.56  Objective 2=  12.55
     Mean:     Objective 1= -10.43  Objective 2= -54.50

Gen  544/1000 [███████████████████████████░░░░░░░░░░░░░░░░░░░░░░░]  54.4%
     Best:     Objective 1=  35.78  Objective 2=  10.69
     Mean:     Objective 1=  -5.93  Objective 2= -34.67

Gen  545/1000 [███████████████████████████░░░░░░░░░░░░░░░░░░░░░░░]  54.5%
     Best:     Objective 1=  56.73  Objective 2=  21.40
     Mean:     Objective 1=  -2.93  Objective 2= -46.21

Generation 545:	[49.37844159 35.07565378]
Mean fitness:	-25.50 +- 54.76
Mean fitness per obj: ['-5.27 +-19.17', '-45.73 +-69.36']
Gen  546/1000 [███████████████████████████░░░░░░░░░░░░░░░░░░░░░░░]  54.6%
     Best:     Objective 1=  26.47  Objective 2=  35.64
     Mean:     Objective 1=  -5.27  Objective 2= -45.73

Gen  547/1000 [███████████████████████████░░░░░░░░░░░░░░░░░░░░░░░]  54.7%
     Best:     Objective 1=  64.06  Objective 2=   8.23
     Mean:     Objective 1=  -8.36  Objective 2= -43.27

Gen  548/1000 [███████████████████████████░░░░░░░░░░░░░░░░░░░░░░░]  54.8%
     Best:     Objective 1=  39.02  Objective 2=  83.62
     Mean:     Objective 1= -13.55  Objective 2= -33.75

Gen  549/1000 [███████████████████████████░░░░░░░░░░░░░░░░░░░░░░░]  54.9%
     Best:     Objective 1=  38.20  Objective 2=  20.75
     Mean:     Objective 1=  -4.14  Objective 2= -51.61

Gen  550/1000 [███████████████████████████░░░░░░░░░░░░░░░░░░░░░░░]  55.0%
     Best:     Objective 1=  56.54  Objective 2=  35.65
     Mean:     Objective 1=  -3.34  Objective 2= -46.78

Generation 550:	[49.37844159 35.07565378]
Mean fitness:	-19.62 +- 42.15
Mean fitness per obj: ['-7.81 +-21.00', '-31.43 +-53.22']
Gen  551/1000 [███████████████████████████░░░░░░░░░░░░░░░░░░░░░░░]  55.1%
     Best:     Objective 1=  25.40  Objective 2=  19.97
     Mean:     Objective 1=  -7.81  Objective 2= -31.43

Gen  552/1000 [███████████████████████████░░░░░░░░░░░░░░░░░░░░░░░]  55.2%
     Best:     Objective 1=  38.04  Objective 2=  16.79
     Mean:     Objective 1=  -7.64  Objective 2= -40.29

Gen  553/1000 [███████████████████████████░░░░░░░░░░░░░░░░░░░░░░░]  55.3%
     Best:     Objective 1=  40.54  Objective 2=  15.70
     Mean:     Objective 1=  -7.58  Objective 2= -48.29

Gen  554/1000 [███████████████████████████░░░░░░░░░░░░░░░░░░░░░░░]  55.4%
     Best:     Objective 1=  40.73  Objective 2=  20.46
     Mean:     Objective 1=  -9.84  Objective 2= -26.02

Gen  555/1000 [███████████████████████████░░░░░░░░░░░░░░░░░░░░░░░]  55.5%
     Best:     Objective 1=  22.50  Objective 2=  39.23
     Mean:     Objective 1=  -9.67  Objective 2= -34.15

Generation 555:	[49.37844159 35.07565378]
Mean fitness:	-17.02 +- 45.58
Mean fitness per obj: ['-7.88 +-38.26', '-26.17 +-50.24']
Gen  556/1000 [███████████████████████████░░░░░░░░░░░░░░░░░░░░░░░]  55.6%
     Best:     Objective 1=  40.61  Objective 2=  80.40
     Mean:     Objective 1=  -7.88  Objective 2= -26.17

Gen  557/1000 [███████████████████████████░░░░░░░░░░░░░░░░░░░░░░░]  55.7%
     Best:     Objective 1=  47.28  Objective 2=  17.11
     Mean:     Objective 1=  -4.14  Objective 2= -35.66

Gen  558/1000 [███████████████████████████░░░░░░░░░░░░░░░░░░░░░░░]  55.8%
     Best:     Objective 1=  25.87  Objective 2=  13.31
     Mean:     Objective 1=  -7.07  Objective 2= -29.48

Gen  559/1000 [███████████████████████████░░░░░░░░░░░░░░░░░░░░░░░]  55.9%
     Best:     Objective 1=  27.17  Objective 2=  37.58
     Mean:     Objective 1=  -5.92  Objective 2= -30.73

Gen  560/1000 [████████████████████████████░░░░░░░░░░░░░░░░░░░░░░]  56.0%
     Best:     Objective 1=  23.15  Objective 2=  11.79
     Mean:     Objective 1= -13.77  Objective 2= -31.53

Generation 560:	[49.37844159 35.07565378]
Mean fitness:	-23.49 +- 48.08
Mean fitness per obj: ['-4.80 +-19.58', '-42.18 +-59.51']
Gen  561/1000 [████████████████████████████░░░░░░░░░░░░░░░░░░░░░░]  56.1%
     Best:     Objective 1=  33.21  Objective 2=  12.74
     Mean:     Objective 1=  -4.80  Objective 2= -42.18

Gen  562/1000 [████████████████████████████░░░░░░░░░░░░░░░░░░░░░░]  56.2%
     Best:     Objective 1=  37.20  Objective 2=  19.75
     Mean:     Objective 1= -11.53  Objective 2= -51.07

Gen  563/1000 [████████████████████████████░░░░░░░░░░░░░░░░░░░░░░]  56.3%
     Best:     Objective 1=  27.38  Objective 2=  12.98
     Mean:     Objective 1=  -5.50  Objective 2= -41.13

Gen  564/1000 [████████████████████████████░░░░░░░░░░░░░░░░░░░░░░]  56.4%
     Best:     Objective 1=  49.57  Objective 2=  65.76
     Mean:     Objective 1=  -7.77  Objective 2= -37.12

Gen  565/1000 [████████████████████████████░░░░░░░░░░░░░░░░░░░░░░]  56.5%
     Best:     Objective 1=  47.86  Objective 2=  20.50
     Mean:     Objective 1=  -3.92  Objective 2= -39.00

Generation 565:	[49.37844159 35.07565378]
Mean fitness:	-22.13 +- 53.24
Mean fitness per obj: ['-8.13 +-35.79', '-36.12 +-63.21']
Gen  566/1000 [████████████████████████████░░░░░░░░░░░░░░░░░░░░░░]  56.6%
     Best:     Objective 1=  28.72  Objective 2=  21.00
     Mean:     Objective 1=  -8.13  Objective 2= -36.12

Gen  567/1000 [████████████████████████████░░░░░░░░░░░░░░░░░░░░░░]  56.7%
     Best:     Objective 1=  55.65  Objective 2=  24.54
     Mean:     Objective 1= -10.97  Objective 2= -32.68

Gen  568/1000 [████████████████████████████░░░░░░░░░░░░░░░░░░░░░░]  56.8%
     Best:     Objective 1=  34.56  Objective 2=  24.47
     Mean:     Objective 1=  -6.12  Objective 2= -42.23

Gen  569/1000 [████████████████████████████░░░░░░░░░░░░░░░░░░░░░░]  56.9%
     Best:     Objective 1=  46.12  Objective 2=  17.11
     Mean:     Objective 1=  -4.12  Objective 2= -35.85

Gen  570/1000 [████████████████████████████░░░░░░░░░░░░░░░░░░░░░░]  57.0%
     Best:     Objective 1=  56.52  Objective 2=  16.98
     Mean:     Objective 1=  -6.13  Objective 2= -37.43

Generation 570:	[49.37844159 35.07565378]
Mean fitness:	-20.98 +- 58.03
Mean fitness per obj: ['-8.10 +-48.39', '-33.86 +-63.73']
Gen  571/1000 [████████████████████████████░░░░░░░░░░░░░░░░░░░░░░]  57.1%
     Best:     Objective 1=  46.42  Objective 2=  15.14
     Mean:     Objective 1=  -8.10  Objective 2= -33.86

Gen  572/1000 [████████████████████████████░░░░░░░░░░░░░░░░░░░░░░]  57.2%
     Best:     Objective 1=  54.23  Objective 2=  43.57
     Mean:     Objective 1=  -7.97  Objective 2= -36.20

Gen  573/1000 [████████████████████████████░░░░░░░░░░░░░░░░░░░░░░]  57.3%
     Best:     Objective 1=  63.31  Objective 2=  29.57
     Mean:     Objective 1=  -7.18  Objective 2= -41.68

Gen  574/1000 [████████████████████████████░░░░░░░░░░░░░░░░░░░░░░]  57.4%
     Best:     Objective 1=  46.72  Objective 2=  28.63
     Mean:     Objective 1=  -4.55  Objective 2= -32.04

Gen  575/1000 [████████████████████████████░░░░░░░░░░░░░░░░░░░░░░]  57.5%
     Best:     Objective 1=  38.46  Objective 2=  14.94
     Mean:     Objective 1=  -8.40  Objective 2= -42.57

Generation 575:	[49.37844159 35.07565378]
Mean fitness:	-29.57 +- 68.74
Mean fitness per obj: ['-5.81 +-19.18', '-53.33 +-89.18']
Gen  576/1000 [████████████████████████████░░░░░░░░░░░░░░░░░░░░░░]  57.6%
     Best:     Objective 1=  34.10  Objective 2=   6.15
     Mean:     Objective 1=  -5.81  Objective 2= -53.33

Gen  577/1000 [████████████████████████████░░░░░░░░░░░░░░░░░░░░░░]  57.7%
     Best:     Objective 1=  32.25  Objective 2=  40.97
     Mean:     Objective 1= -11.75  Objective 2= -32.28

Gen  578/1000 [████████████████████████████░░░░░░░░░░░░░░░░░░░░░░]  57.8%
     Best:     Objective 1=  35.99  Objective 2=  62.84
     Mean:     Objective 1=  -3.11  Objective 2= -30.27

Gen  579/1000 [████████████████████████████░░░░░░░░░░░░░░░░░░░░░░]  57.9%
     Best:     Objective 1=  39.57  Objective 2=  33.61
     Mean:     Objective 1=  -7.55  Objective 2= -40.16

Gen  580/1000 [████████████████████████████░░░░░░░░░░░░░░░░░░░░░░]  58.0%
     Best:     Objective 1=  41.71  Objective 2=  10.81
     Mean:     Objective 1=  -4.84  Objective 2= -39.39

Generation 580:	[49.37844159 35.07565378]
Mean fitness:	-21.72 +- 53.55
Mean fitness per obj: ['-11.54 +-47.62', '-31.89 +-57.11']
Gen  581/1000 [█████████████████████████████░░░░░░░░░░░░░░░░░░░░░]  58.1%
     Best:     Objective 1=  26.65  Objective 2=  42.71
     Mean:     Objective 1= -11.54  Objective 2= -31.89

Gen  582/1000 [█████████████████████████████░░░░░░░░░░░░░░░░░░░░░]  58.2%
     Best:     Objective 1=  45.41  Objective 2=  19.48
     Mean:     Objective 1=  -6.80  Objective 2= -43.79

Gen  583/1000 [█████████████████████████████░░░░░░░░░░░░░░░░░░░░░]  58.3%
     Best:     Objective 1=  29.24  Objective 2=  17.53
     Mean:     Objective 1=  -6.70  Objective 2= -38.12

Gen  584/1000 [█████████████████████████████░░░░░░░░░░░░░░░░░░░░░]  58.4%
     Best:     Objective 1=  49.36  Objective 2=  35.12
     Mean:     Objective 1=  -2.18  Objective 2= -38.31

Gen  585/1000 [█████████████████████████████░░░░░░░░░░░░░░░░░░░░░]  58.5%
     Best:     Objective 1=  27.08  Objective 2=  19.47
     Mean:     Objective 1=  -7.16  Objective 2= -36.32

Generation 585:	[49.37844159 35.07565378]
Mean fitness:	-24.69 +- 57.85
Mean fitness per obj: ['-2.95 +-17.97', '-46.42 +-73.65']
Gen  586/1000 [█████████████████████████████░░░░░░░░░░░░░░░░░░░░░]  58.6%
     Best:     Objective 1=  36.56  Objective 2=   7.38
     Mean:     Objective 1=  -2.95  Objective 2= -46.42

Gen  587/1000 [█████████████████████████████░░░░░░░░░░░░░░░░░░░░░]  58.7%
     Best:     Objective 1=  55.20  Objective 2=   9.14
     Mean:     Objective 1=  -1.75  Objective 2= -42.70

Gen  588/1000 [█████████████████████████████░░░░░░░░░░░░░░░░░░░░░]  58.8%
     Best:     Objective 1=  43.29  Objective 2=  45.91
     Mean:     Objective 1=  -4.19  Objective 2= -35.39

Gen  589/1000 [█████████████████████████████░░░░░░░░░░░░░░░░░░░░░]  58.9%
     Best:     Objective 1=  33.74  Objective 2=  34.06
     Mean:     Objective 1= -11.22  Objective 2= -36.59

Gen  590/1000 [█████████████████████████████░░░░░░░░░░░░░░░░░░░░░]  59.0%
     Best:     Objective 1=  46.86  Objective 2=  14.37
     Mean:     Objective 1=  -7.12  Objective 2= -31.72

Generation 590:	[49.37844159 35.07565378]
Mean fitness:	-16.35 +- 37.67
Mean fitness per obj: ['-4.51 +-15.51', '-28.19 +-48.14']
Gen  591/1000 [█████████████████████████████░░░░░░░░░░░░░░░░░░░░░]  59.1%
     Best:     Objective 1=  34.48  Objective 2=  43.77
     Mean:     Objective 1=  -4.51  Objective 2= -28.19

Gen  592/1000 [█████████████████████████████░░░░░░░░░░░░░░░░░░░░░]  59.2%
     Best:     Objective 1=  29.44  Objective 2=  11.23
     Mean:     Objective 1= -12.04  Objective 2= -38.36

Gen  593/1000 [█████████████████████████████░░░░░░░░░░░░░░░░░░░░░]  59.3%
     Best:     Objective 1=  25.31  Objective 2=  19.98
     Mean:     Objective 1=  -1.97  Objective 2= -35.62

Gen  594/1000 [█████████████████████████████░░░░░░░░░░░░░░░░░░░░░]  59.4%
     Best:     Objective 1=  29.89  Objective 2=  22.18
     Mean:     Objective 1=  -4.70  Objective 2= -39.65

Gen  595/1000 [█████████████████████████████░░░░░░░░░░░░░░░░░░░░░]  59.5%
     Best:     Objective 1=  32.85  Objective 2=   4.90
     Mean:     Objective 1=  -7.07  Objective 2= -55.28

Generation 595:	[49.37844159 35.07565378]
Mean fitness:	-27.12 +- 65.63
Mean fitness per obj: ['-5.76 +-32.78', '-48.47 +-81.41']
Gen  596/1000 [█████████████████████████████░░░░░░░░░░░░░░░░░░░░░]  59.6%
     Best:     Objective 1=  46.97  Objective 2=  23.38
     Mean:     Objective 1=  -5.76  Objective 2= -48.47

Gen  597/1000 [█████████████████████████████░░░░░░░░░░░░░░░░░░░░░]  59.7%
     Best:     Objective 1=  56.35  Objective 2=   5.38
     Mean:     Objective 1=  -3.41  Objective 2= -44.75

Gen  598/1000 [█████████████████████████████░░░░░░░░░░░░░░░░░░░░░]  59.8%
     Best:     Objective 1=  46.22  Objective 2=  45.15
     Mean:     Objective 1= -13.94  Objective 2= -40.48

Gen  599/1000 [█████████████████████████████░░░░░░░░░░░░░░░░░░░░░]  59.9%
     Best:     Objective 1=  43.25  Objective 2=  32.35
     Mean:     Objective 1=  -4.94  Objective 2= -35.05

Gen  600/1000 [██████████████████████████████░░░░░░░░░░░░░░░░░░░░]  60.0%
     Best:     Objective 1=  29.56  Objective 2=  17.52
     Mean:     Objective 1=  -2.27  Objective 2= -42.47

Generation 600:	[49.37844159 35.07565378]
Mean fitness:	-21.60 +- 49.55
Mean fitness per obj: ['-1.69 +-18.74', '-41.51 +-61.38']
Gen  601/1000 [██████████████████████████████░░░░░░░░░░░░░░░░░░░░]  60.1%
     Best:     Objective 1=  36.70  Objective 2=  30.39
     Mean:     Objective 1=  -1.69  Objective 2= -41.51

Gen  602/1000 [██████████████████████████████░░░░░░░░░░░░░░░░░░░░]  60.2%
     Best:     Objective 1=  35.40  Objective 2=  26.21
     Mean:     Objective 1=  -1.04  Objective 2= -33.83

Gen  603/1000 [██████████████████████████████░░░░░░░░░░░░░░░░░░░░]  60.3%
     Best:     Objective 1=  26.23  Objective 2=   9.03
     Mean:     Objective 1=  -7.27  Objective 2= -38.52

Gen  604/1000 [██████████████████████████████░░░░░░░░░░░░░░░░░░░░]  60.4%
     Best:     Objective 1=  34.60  Objective 2=  20.97
     Mean:     Objective 1=  -2.24  Objective 2= -35.66

Gen  605/1000 [██████████████████████████████░░░░░░░░░░░░░░░░░░░░]  60.5%
     Best:     Objective 1=  34.72  Objective 2=  62.14
     Mean:     Objective 1=  -5.09  Objective 2= -44.69

Generation 605:	[49.37844159 35.07565378]
Mean fitness:	-24.80 +- 58.10
Mean fitness per obj: ['-10.69 +-43.53', '-38.92 +-66.77']
Gen  606/1000 [██████████████████████████████░░░░░░░░░░░░░░░░░░░░]  60.6%
     Best:     Objective 1=  35.83  Objective 2=  24.94
     Mean:     Objective 1= -10.69  Objective 2= -38.92

Gen  607/1000 [██████████████████████████████░░░░░░░░░░░░░░░░░░░░]  60.7%
     Best:     Objective 1=  33.40  Objective 2=  26.14
     Mean:     Objective 1=  -4.33  Objective 2= -33.58

Gen  608/1000 [██████████████████████████████░░░░░░░░░░░░░░░░░░░░]  60.8%
     Best:     Objective 1=  31.62  Objective 2=  26.48
     Mean:     Objective 1=  -4.28  Objective 2= -43.39

Gen  609/1000 [██████████████████████████████░░░░░░░░░░░░░░░░░░░░]  60.9%
     Best:     Objective 1=  34.62  Objective 2=  23.56
     Mean:     Objective 1=  -6.37  Objective 2= -33.01

Gen  610/1000 [██████████████████████████████░░░░░░░░░░░░░░░░░░░░]  61.0%
     Best:     Objective 1=  67.61  Objective 2=   9.10
     Mean:     Objective 1=  -2.55  Objective 2= -46.34

Generation 610:	[49.37844159 35.07565378]
Mean fitness:	-15.85 +- 39.78
Mean fitness per obj: ['-2.55 +-14.68', '-29.15 +-50.95']
Gen  611/1000 [██████████████████████████████░░░░░░░░░░░░░░░░░░░░]  61.1%
     Best:     Objective 1=  30.39  Objective 2=  38.24
     Mean:     Objective 1=  -2.55  Objective 2= -29.15

Gen  612/1000 [██████████████████████████████░░░░░░░░░░░░░░░░░░░░]  61.2%
     Best:     Objective 1=  50.35  Objective 2=   6.67
     Mean:     Objective 1=  -1.54  Objective 2= -35.51

Gen  613/1000 [██████████████████████████████░░░░░░░░░░░░░░░░░░░░]  61.3%
     Best:     Objective 1=  37.53  Objective 2=  31.08
     Mean:     Objective 1=  -5.99  Objective 2= -34.70

Gen  614/1000 [██████████████████████████████░░░░░░░░░░░░░░░░░░░░]  61.4%
     Best:     Objective 1=  42.10  Objective 2=  15.24
     Mean:     Objective 1=  -5.66  Objective 2= -25.59

Gen  615/1000 [██████████████████████████████░░░░░░░░░░░░░░░░░░░░]  61.5%
     Best:     Objective 1=  27.49  Objective 2=  14.95
     Mean:     Objective 1=  -2.31  Objective 2= -40.78

Generation 615:	[49.37844159 35.07565378]
Mean fitness:	-19.48 +- 50.12
Mean fitness per obj: ['-3.89 +-36.20', '-35.06 +-56.82']
Gen  616/1000 [██████████████████████████████░░░░░░░░░░░░░░░░░░░░]  61.6%
     Best:     Objective 1=  74.89  Objective 2=  28.71
     Mean:     Objective 1=  -3.89  Objective 2= -35.06

Gen  617/1000 [██████████████████████████████░░░░░░░░░░░░░░░░░░░░]  61.7%
     Best:     Objective 1=  48.75  Objective 2=  14.80
     Mean:     Objective 1=  -6.44  Objective 2= -38.99

Gen  618/1000 [██████████████████████████████░░░░░░░░░░░░░░░░░░░░]  61.8%
     Best:     Objective 1=  60.31  Objective 2=  21.24
     Mean:     Objective 1=   0.06  Objective 2= -31.61

Gen  619/1000 [██████████████████████████████░░░░░░░░░░░░░░░░░░░░]  61.9%
     Best:     Objective 1=  48.45  Objective 2=  31.53
     Mean:     Objective 1=  -1.32  Objective 2= -25.71

Gen  620/1000 [███████████████████████████████░░░░░░░░░░░░░░░░░░░]  62.0%
     Best:     Objective 1=  25.48  Objective 2=  40.90
     Mean:     Objective 1=  -2.92  Objective 2= -27.73

Generation 620:	[49.37844159 35.07565378]
Mean fitness:	-28.49 +- 67.84
Mean fitness per obj: ['-6.93 +-40.44', '-50.04 +-81.49']
Gen  621/1000 [███████████████████████████████░░░░░░░░░░░░░░░░░░░]  62.1%
     Best:     Objective 1=  31.49  Objective 2=  23.98
     Mean:     Objective 1=  -6.93  Objective 2= -50.04

Gen  622/1000 [███████████████████████████████░░░░░░░░░░░░░░░░░░░]  62.2%
     Best:     Objective 1=  50.89  Objective 2=  13.56
     Mean:     Objective 1=  -7.85  Objective 2= -45.06

Gen  623/1000 [███████████████████████████████░░░░░░░░░░░░░░░░░░░]  62.3%
     Best:     Objective 1=  22.43  Objective 2=  23.31
     Mean:     Objective 1= -14.72  Objective 2= -29.64

Gen  624/1000 [███████████████████████████████░░░░░░░░░░░░░░░░░░░]  62.4%
     Best:     Objective 1=  20.93  Objective 2=  50.19
     Mean:     Objective 1=  -8.64  Objective 2= -34.55

Gen  625/1000 [███████████████████████████████░░░░░░░░░░░░░░░░░░░]  62.5%
     Best:     Objective 1=  35.32  Objective 2=  29.89
     Mean:     Objective 1=  -3.16  Objective 2= -40.75

Generation 625:	[49.37844159 35.07565378]
Mean fitness:	-24.13 +- 53.61
Mean fitness per obj: ['-6.89 +-30.60', '-41.37 +-64.94']
Gen  626/1000 [███████████████████████████████░░░░░░░░░░░░░░░░░░░]  62.6%
     Best:     Objective 1=  36.08  Objective 2=  64.71
     Mean:     Objective 1=  -6.89  Objective 2= -41.37

Gen  627/1000 [███████████████████████████████░░░░░░░░░░░░░░░░░░░]  62.7%
     Best:     Objective 1=  44.80  Objective 2=  35.16
     Mean:     Objective 1=  -9.56  Objective 2= -35.83

Gen  628/1000 [███████████████████████████████░░░░░░░░░░░░░░░░░░░]  62.8%
     Best:     Objective 1=  48.35  Objective 2=   9.18
     Mean:     Objective 1=  -8.54  Objective 2= -58.19

Gen  629/1000 [███████████████████████████████░░░░░░░░░░░░░░░░░░░]  62.9%
     Best:     Objective 1=  33.23  Objective 2=  43.65
     Mean:     Objective 1=  -9.63  Objective 2= -38.04

Gen  630/1000 [███████████████████████████████░░░░░░░░░░░░░░░░░░░]  63.0%
     Best:     Objective 1=  48.85  Objective 2=  23.85
     Mean:     Objective 1=  -0.74  Objective 2= -32.44

Generation 630:	[49.37844159 35.07565378]
Mean fitness:	-21.48 +- 54.42
Mean fitness per obj: ['-3.07 +-18.52', '-39.89 +-70.01']
Gen  631/1000 [███████████████████████████████░░░░░░░░░░░░░░░░░░░]  63.1%
     Best:     Objective 1=  41.14  Objective 2=  33.74
     Mean:     Objective 1=  -3.07  Objective 2= -39.89

Gen  632/1000 [███████████████████████████████░░░░░░░░░░░░░░░░░░░]  63.2%
     Best:     Objective 1=  32.68  Objective 2=  23.75
     Mean:     Objective 1=  -5.03  Objective 2= -44.48

Gen  633/1000 [███████████████████████████████░░░░░░░░░░░░░░░░░░░]  63.3%
     Best:     Objective 1=  42.47  Objective 2=  20.39
     Mean:     Objective 1=  -5.11  Objective 2= -44.99

Gen  634/1000 [███████████████████████████████░░░░░░░░░░░░░░░░░░░]  63.4%
     Best:     Objective 1=  34.31  Objective 2=  21.86
     Mean:     Objective 1=  -1.48  Objective 2= -34.61

Gen  635/1000 [███████████████████████████████░░░░░░░░░░░░░░░░░░░]  63.5%
     Best:     Objective 1=  43.82  Objective 2=   1.28
     Mean:     Objective 1=  -0.71  Objective 2= -35.94

Generation 635:	[49.37844159 35.07565378]
Mean fitness:	-20.84 +- 48.61
Mean fitness per obj: ['-5.82 +-17.50', '-35.86 +-63.00']
Gen  636/1000 [███████████████████████████████░░░░░░░░░░░░░░░░░░░]  63.6%
     Best:     Objective 1=  51.45  Objective 2=  40.99
     Mean:     Objective 1=  -5.82  Objective 2= -35.86

Gen  637/1000 [███████████████████████████████░░░░░░░░░░░░░░░░░░░]  63.7%
     Best:     Objective 1=  33.93  Objective 2=  52.22
     Mean:     Objective 1=  -6.64  Objective 2= -49.08

Gen  638/1000 [███████████████████████████████░░░░░░░░░░░░░░░░░░░]  63.8%
     Best:     Objective 1=  41.43  Objective 2=  30.38
     Mean:     Objective 1=  -9.31  Objective 2= -37.40

Gen  639/1000 [███████████████████████████████░░░░░░░░░░░░░░░░░░░]  63.9%
     Best:     Objective 1=  21.95  Objective 2=  20.99
     Mean:     Objective 1= -15.15  Objective 2= -33.66

Gen  640/1000 [████████████████████████████████░░░░░░░░░░░░░░░░░░]  64.0%
     Best:     Objective 1=  40.13  Objective 2=  12.81
     Mean:     Objective 1= -10.06  Objective 2= -52.85

Generation 640:	[49.37844159 35.07565378]
Mean fitness:	-24.28 +- 54.08
Mean fitness per obj: ['-7.39 +-30.54', '-41.17 +-65.93']
Gen  641/1000 [████████████████████████████████░░░░░░░░░░░░░░░░░░]  64.1%
     Best:     Objective 1=  38.19  Objective 2=  22.51
     Mean:     Objective 1=  -7.39  Objective 2= -41.17

Gen  642/1000 [████████████████████████████████░░░░░░░░░░░░░░░░░░]  64.2%
     Best:     Objective 1=  45.91  Objective 2=  11.46
     Mean:     Objective 1=  -2.58  Objective 2= -37.86

Gen  643/1000 [████████████████████████████████░░░░░░░░░░░░░░░░░░]  64.3%
     Best:     Objective 1=  61.79  Objective 2=  25.68
     Mean:     Objective 1=  -7.21  Objective 2= -31.83

Gen  644/1000 [████████████████████████████████░░░░░░░░░░░░░░░░░░]  64.4%
     Best:     Objective 1=  37.73  Objective 2=  31.21
     Mean:     Objective 1=  -6.00  Objective 2= -38.27

Gen  645/1000 [████████████████████████████████░░░░░░░░░░░░░░░░░░]  64.5%
     Best:     Objective 1=  28.28  Objective 2=  22.52
     Mean:     Objective 1=  -7.33  Objective 2= -52.94

Generation 645:	[49.37844159 35.07565378]
Mean fitness:	-17.98 +- 44.66
Mean fitness per obj: ['-7.03 +-30.89', '-28.92 +-52.87']
Gen  646/1000 [████████████████████████████████░░░░░░░░░░░░░░░░░░]  64.6%
     Best:     Objective 1=  34.70  Objective 2=  57.79
     Mean:     Objective 1=  -7.03  Objective 2= -28.92

Gen  647/1000 [████████████████████████████████░░░░░░░░░░░░░░░░░░]  64.7%
     Best:     Objective 1=  58.95  Objective 2=   9.47
     Mean:     Objective 1=  -5.98  Objective 2= -38.20

Gen  648/1000 [████████████████████████████████░░░░░░░░░░░░░░░░░░]  64.8%
     Best:     Objective 1=  42.83  Objective 2=  27.70
     Mean:     Objective 1=  -9.60  Objective 2= -39.16

Gen  649/1000 [████████████████████████████████░░░░░░░░░░░░░░░░░░]  64.9%
     Best:     Objective 1=  25.77  Objective 2=  22.25
     Mean:     Objective 1=  -2.60  Objective 2= -34.54

Gen  650/1000 [████████████████████████████████░░░░░░░░░░░░░░░░░░]  65.0%
     Best:     Objective 1=  55.29  Objective 2=  43.76
     Mean:     Objective 1=  -6.69  Objective 2= -30.79

Generation 650:	[49.37844159 35.07565378]
Mean fitness:	-20.40 +- 52.58
Mean fitness per obj: ['-2.40 +-16.19', '-38.41 +-67.97']
Gen  651/1000 [████████████████████████████████░░░░░░░░░░░░░░░░░░]  65.1%
     Best:     Objective 1=  71.62  Objective 2=   4.36
     Mean:     Objective 1=  -2.40  Objective 2= -38.41

Gen  652/1000 [████████████████████████████████░░░░░░░░░░░░░░░░░░]  65.2%
     Best:     Objective 1=  35.41  Objective 2=  42.76
     Mean:     Objective 1=  -7.34  Objective 2= -44.80

Gen  653/1000 [████████████████████████████████░░░░░░░░░░░░░░░░░░]  65.3%
     Best:     Objective 1=  42.87  Objective 2=  56.29
     Mean:     Objective 1=  -4.28  Objective 2= -30.72

Gen  654/1000 [████████████████████████████████░░░░░░░░░░░░░░░░░░]  65.4%
     Best:     Objective 1=  47.51  Objective 2=  59.99
     Mean:     Objective 1=  -9.28  Objective 2= -38.73

Gen  655/1000 [████████████████████████████████░░░░░░░░░░░░░░░░░░]  65.5%
     Best:     Objective 1=  36.40  Objective 2=   7.42
     Mean:     Objective 1=  -2.20  Objective 2= -33.51

Generation 655:	[49.37844159 35.07565378]
Mean fitness:	-23.20 +- 56.61
Mean fitness per obj: ['-3.79 +-23.87', '-42.62 +-71.32']
Gen  656/1000 [████████████████████████████████░░░░░░░░░░░░░░░░░░]  65.6%
     Best:     Objective 1=  39.57  Objective 2=   4.55
     Mean:     Objective 1=  -3.79  Objective 2= -42.62

Gen  657/1000 [████████████████████████████████░░░░░░░░░░░░░░░░░░]  65.7%
     Best:     Objective 1=  44.21  Objective 2=  43.29
     Mean:     Objective 1=  -4.19  Objective 2= -29.57

Gen  658/1000 [████████████████████████████████░░░░░░░░░░░░░░░░░░]  65.8%
     Best:     Objective 1=  35.10  Objective 2=  10.87
     Mean:     Objective 1= -10.92  Objective 2= -38.22

Gen  659/1000 [████████████████████████████████░░░░░░░░░░░░░░░░░░]  65.9%
     Best:     Objective 1=  39.45  Objective 2=  23.92
     Mean:     Objective 1=  -3.78  Objective 2= -33.95

Gen  660/1000 [█████████████████████████████████░░░░░░░░░░░░░░░░░]  66.0%
     Best:     Objective 1=  34.39  Objective 2=  37.40
     Mean:     Objective 1=  -6.46  Objective 2= -32.75

Generation 660:	[49.37844159 35.07565378]
Mean fitness:	-25.57 +- 60.95
Mean fitness per obj: ['-10.00 +-37.65', '-41.13 +-74.35']
Gen  661/1000 [█████████████████████████████████░░░░░░░░░░░░░░░░░]  66.1%
     Best:     Objective 1=  31.50  Objective 2=  21.24
     Mean:     Objective 1= -10.00  Objective 2= -41.13

Gen  662/1000 [█████████████████████████████████░░░░░░░░░░░░░░░░░]  66.2%
     Best:     Objective 1=  22.08  Objective 2=  35.37
     Mean:     Objective 1=  -6.07  Objective 2= -28.62

Gen  663/1000 [█████████████████████████████████░░░░░░░░░░░░░░░░░]  66.3%
     Best:     Objective 1=  38.24  Objective 2=  72.73
     Mean:     Objective 1=  -5.00  Objective 2= -48.39

Gen  664/1000 [█████████████████████████████████░░░░░░░░░░░░░░░░░]  66.4%
     Best:     Objective 1=  51.34  Objective 2=  21.24
     Mean:     Objective 1=  -2.80  Objective 2= -27.60

Gen  665/1000 [█████████████████████████████████░░░░░░░░░░░░░░░░░]  66.5%
     Best:     Objective 1=  24.28  Objective 2=  17.50
     Mean:     Objective 1=  -7.08  Objective 2= -38.05

Generation 665:	[49.37844159 35.07565378]
Mean fitness:	-14.86 +- 32.39
Mean fitness per obj: ['-2.59 +-17.01', '-27.13 +-38.83']
Gen  666/1000 [█████████████████████████████████░░░░░░░░░░░░░░░░░]  66.6%
     Best:     Objective 1=  26.55  Objective 2=  18.74
     Mean:     Objective 1=  -2.59  Objective 2= -27.13

Gen  667/1000 [█████████████████████████████████░░░░░░░░░░░░░░░░░]  66.7%
     Best:     Objective 1=  29.26  Objective 2=  26.88
     Mean:     Objective 1=  -7.60  Objective 2= -35.34

Gen  668/1000 [█████████████████████████████████░░░░░░░░░░░░░░░░░]  66.8%
     Best:     Objective 1=  28.11  Objective 2=  43.24
     Mean:     Objective 1=  -5.10  Objective 2= -35.04

Gen  669/1000 [█████████████████████████████████░░░░░░░░░░░░░░░░░]  66.9%
     Best:     Objective 1=  34.67  Objective 2=   5.53
     Mean:     Objective 1=  -7.68  Objective 2= -32.78

Gen  670/1000 [█████████████████████████████████░░░░░░░░░░░░░░░░░]  67.0%
     Best:     Objective 1=  47.13  Objective 2=  40.94
     Mean:     Objective 1=  -6.46  Objective 2= -28.78

Generation 670:	[49.37844159 35.07565378]
Mean fitness:	-21.24 +- 49.48
Mean fitness per obj: ['-7.31 +-33.92', '-35.18 +-57.94']
Gen  671/1000 [█████████████████████████████████░░░░░░░░░░░░░░░░░]  67.1%
     Best:     Objective 1=  66.06  Objective 2=  20.85
     Mean:     Objective 1=  -7.31  Objective 2= -35.18

Gen  672/1000 [█████████████████████████████████░░░░░░░░░░░░░░░░░]  67.2%
     Best:     Objective 1=  44.25  Objective 2=  28.00
     Mean:     Objective 1=  -2.56  Objective 2= -39.26

Gen  673/1000 [█████████████████████████████████░░░░░░░░░░░░░░░░░]  67.3%
     Best:     Objective 1=  27.40  Objective 2=  47.43
     Mean:     Objective 1=  -6.31  Objective 2= -44.95

Gen  674/1000 [█████████████████████████████████░░░░░░░░░░░░░░░░░]  67.4%
     Best:     Objective 1=  44.97  Objective 2=  19.06
     Mean:     Objective 1=  -3.66  Objective 2= -42.72

Gen  675/1000 [█████████████████████████████████░░░░░░░░░░░░░░░░░]  67.5%
     Best:     Objective 1=  34.78  Objective 2=  16.85
     Mean:     Objective 1=  -3.82  Objective 2= -31.19

Generation 675:	[49.37844159 35.07565378]
Mean fitness:	-23.51 +- 45.74
Mean fitness per obj: ['-9.21 +-33.30', '-37.82 +-51.63']
Gen  676/1000 [█████████████████████████████████░░░░░░░░░░░░░░░░░]  67.6%
     Best:     Objective 1=  44.82  Objective 2=  17.60
     Mean:     Objective 1=  -9.21  Objective 2= -37.82

Gen  677/1000 [█████████████████████████████████░░░░░░░░░░░░░░░░░]  67.7%
     Best:     Objective 1=  47.89  Objective 2=  21.04
     Mean:     Objective 1=  -8.45  Objective 2= -41.39

Gen  678/1000 [█████████████████████████████████░░░░░░░░░░░░░░░░░]  67.8%
     Best:     Objective 1=  42.08  Objective 2=  21.07
     Mean:     Objective 1=  -3.34  Objective 2= -39.85

Gen  679/1000 [█████████████████████████████████░░░░░░░░░░░░░░░░░]  67.9%
     Best:     Objective 1=  42.14  Objective 2=  21.49
     Mean:     Objective 1=  -2.49  Objective 2= -39.67

Gen  680/1000 [██████████████████████████████████░░░░░░░░░░░░░░░░]  68.0%
     Best:     Objective 1=  46.61  Objective 2=  51.93
     Mean:     Objective 1=  -3.14  Objective 2= -31.46

Generation 680:	[49.37844159 35.07565378]
Mean fitness:	-21.72 +- 50.01
Mean fitness per obj: ['-5.16 +-24.32', '-38.28 +-62.15']
Gen  681/1000 [██████████████████████████████████░░░░░░░░░░░░░░░░]  68.1%
     Best:     Objective 1=  35.28  Objective 2=  16.53
     Mean:     Objective 1=  -5.16  Objective 2= -38.28

Gen  682/1000 [██████████████████████████████████░░░░░░░░░░░░░░░░]  68.2%
     Best:     Objective 1=  45.67  Objective 2=  35.56
     Mean:     Objective 1=  -5.25  Objective 2= -34.25

Gen  683/1000 [██████████████████████████████████░░░░░░░░░░░░░░░░]  68.3%
     Best:     Objective 1=  21.75  Objective 2=  27.25
     Mean:     Objective 1=  -6.29  Objective 2= -33.65

Gen  684/1000 [██████████████████████████████████░░░░░░░░░░░░░░░░]  68.4%
     Best:     Objective 1=  33.04  Objective 2=  56.32
     Mean:     Objective 1=  -7.52  Objective 2= -39.46

Gen  685/1000 [██████████████████████████████████░░░░░░░░░░░░░░░░]  68.5%
     Best:     Objective 1=  51.77  Objective 2=  19.37
     Mean:     Objective 1=  -9.57  Objective 2= -39.36

Generation 685:	[49.37844159 35.07565378]
Mean fitness:	-21.17 +- 52.05
Mean fitness per obj: ['-8.10 +-38.91', '-34.23 +-59.69']
Gen  686/1000 [██████████████████████████████████░░░░░░░░░░░░░░░░]  68.6%
     Best:     Objective 1=  30.52  Objective 2=  20.44
     Mean:     Objective 1=  -8.10  Objective 2= -34.23

Gen  687/1000 [██████████████████████████████████░░░░░░░░░░░░░░░░]  68.7%
     Best:     Objective 1=  20.95  Objective 2=  15.36
     Mean:     Objective 1=  -8.74  Objective 2= -38.66

Gen  688/1000 [██████████████████████████████████░░░░░░░░░░░░░░░░]  68.8%
     Best:     Objective 1=  37.66  Objective 2=  20.81
     Mean:     Objective 1=  -3.86  Objective 2= -38.41

Gen  689/1000 [██████████████████████████████████░░░░░░░░░░░░░░░░]  68.9%
     Best:     Objective 1=  33.38  Objective 2=   9.19
     Mean:     Objective 1=  -2.19  Objective 2= -42.79

Gen  690/1000 [██████████████████████████████████░░░░░░░░░░░░░░░░]  69.0%
     Best:     Objective 1=  45.19  Objective 2=  26.38
     Mean:     Objective 1=  -3.41  Objective 2= -35.85

Generation 690:	[49.37844159 35.07565378]
Mean fitness:	-21.99 +- 49.54
Mean fitness per obj: ['-4.84 +-26.41', '-39.15 +-60.19']
Gen  691/1000 [██████████████████████████████████░░░░░░░░░░░░░░░░]  69.1%
     Best:     Objective 1=  59.84  Objective 2=  40.10
     Mean:     Objective 1=  -4.84  Objective 2= -39.15

Gen  692/1000 [██████████████████████████████████░░░░░░░░░░░░░░░░]  69.2%
     Best:     Objective 1=  24.72  Objective 2=  16.78
     Mean:     Objective 1=  -7.61  Objective 2= -37.82

Gen  693/1000 [██████████████████████████████████░░░░░░░░░░░░░░░░]  69.3%
     Best:     Objective 1=  30.22  Objective 2=  15.18
     Mean:     Objective 1=  -6.18  Objective 2= -34.41

Gen  694/1000 [██████████████████████████████████░░░░░░░░░░░░░░░░]  69.4%
     Best:     Objective 1=  35.57  Objective 2=  23.79
     Mean:     Objective 1=  -3.66  Objective 2= -36.76

Gen  695/1000 [██████████████████████████████████░░░░░░░░░░░░░░░░]  69.5%
     Best:     Objective 1=  39.82  Objective 2=   2.61
     Mean:     Objective 1=  -0.92  Objective 2= -38.30

Generation 695:	[49.37844159 35.07565378]
Mean fitness:	-15.41 +- 43.86
Mean fitness per obj: ['-1.02 +-13.26', '-29.81 +-57.08']
Gen  696/1000 [██████████████████████████████████░░░░░░░░░░░░░░░░]  69.6%
     Best:     Objective 1=  37.21  Objective 2=  44.65
     Mean:     Objective 1=  -1.02  Objective 2= -29.81

Gen  697/1000 [██████████████████████████████████░░░░░░░░░░░░░░░░]  69.7%
     Best:     Objective 1=  27.70  Objective 2=  24.47
     Mean:     Objective 1=  -6.96  Objective 2= -34.29

Gen  698/1000 [██████████████████████████████████░░░░░░░░░░░░░░░░]  69.8%
     Best:     Objective 1=  47.22  Objective 2=  25.93
     Mean:     Objective 1=  -4.10  Objective 2= -35.42

Gen  699/1000 [██████████████████████████████████░░░░░░░░░░░░░░░░]  69.9%
     Best:     Objective 1=  26.54  Objective 2=  25.86
     Mean:     Objective 1= -10.33  Objective 2= -36.50

Gen  700/1000 [███████████████████████████████████░░░░░░░░░░░░░░░]  70.0%
     Best:     Objective 1=  39.38  Objective 2=  55.34
     Mean:     Objective 1=  -2.43  Objective 2= -35.99

Generation 700:	[49.37844159 35.07565378]
Mean fitness:	-26.02 +- 63.17
Mean fitness per obj: ['-5.34 +-25.50', '-46.70 +-80.47']
Gen  701/1000 [███████████████████████████████████░░░░░░░░░░░░░░░]  70.1%
     Best:     Objective 1=  62.53  Objective 2=  16.99
     Mean:     Objective 1=  -5.34  Objective 2= -46.70

Gen  702/1000 [███████████████████████████████████░░░░░░░░░░░░░░░]  70.2%
     Best:     Objective 1=  58.65  Objective 2=  13.12
     Mean:     Objective 1=  -2.55  Objective 2= -36.79

Gen  703/1000 [███████████████████████████████████░░░░░░░░░░░░░░░]  70.3%
     Best:     Objective 1=  50.67  Objective 2=  12.04
     Mean:     Objective 1=  -6.11  Objective 2= -43.18

Gen  704/1000 [███████████████████████████████████░░░░░░░░░░░░░░░]  70.4%
     Best:     Objective 1=  32.88  Objective 2=  19.98
     Mean:     Objective 1=  -3.08  Objective 2= -61.79

Gen  705/1000 [███████████████████████████████████░░░░░░░░░░░░░░░]  70.5%
     Best:     Objective 1=  51.34  Objective 2=   7.15
     Mean:     Objective 1=  -2.93  Objective 2= -35.05

Generation 705:	[49.37844159 35.07565378]
Mean fitness:	-20.03 +- 55.95
Mean fitness per obj: ['-5.14 +-35.30', '-34.93 +-67.61']
Gen  706/1000 [███████████████████████████████████░░░░░░░░░░░░░░░]  70.6%
     Best:     Objective 1=  32.67  Objective 2=  40.70
     Mean:     Objective 1=  -5.14  Objective 2= -34.93

Gen  707/1000 [███████████████████████████████████░░░░░░░░░░░░░░░]  70.7%
     Best:     Objective 1=  61.45  Objective 2=  23.38
     Mean:     Objective 1=  -3.90  Objective 2= -40.66

Gen  708/1000 [███████████████████████████████████░░░░░░░░░░░░░░░]  70.8%
     Best:     Objective 1=  29.71  Objective 2=  24.31
     Mean:     Objective 1=  -7.07  Objective 2= -35.83

Gen  709/1000 [███████████████████████████████████░░░░░░░░░░░░░░░]  70.9%
     Best:     Objective 1=  42.29  Objective 2=  41.27
     Mean:     Objective 1=  -8.48  Objective 2= -32.55

Gen  710/1000 [███████████████████████████████████░░░░░░░░░░░░░░░]  71.0%
     Best:     Objective 1=  39.93  Objective 2=  27.63
     Mean:     Objective 1=  -5.77  Objective 2= -33.22

Generation 710:	[49.37844159 35.07565378]
Mean fitness:	-20.93 +- 49.90
Mean fitness per obj: ['-6.52 +-20.82', '-35.33 +-64.27']
Gen  711/1000 [███████████████████████████████████░░░░░░░░░░░░░░░]  71.1%
     Best:     Objective 1=  44.80  Objective 2=  13.25
     Mean:     Objective 1=  -6.52  Objective 2= -35.33

Gen  712/1000 [███████████████████████████████████░░░░░░░░░░░░░░░]  71.2%
     Best:     Objective 1=  39.88  Objective 2=   9.55
     Mean:     Objective 1=  -7.95  Objective 2= -41.64

Gen  713/1000 [███████████████████████████████████░░░░░░░░░░░░░░░]  71.3%
     Best:     Objective 1=  39.58  Objective 2=  42.55
     Mean:     Objective 1=  -2.61  Objective 2= -45.21

Gen  714/1000 [███████████████████████████████████░░░░░░░░░░░░░░░]  71.4%
     Best:     Objective 1=  27.17  Objective 2=  16.60
     Mean:     Objective 1=  -6.91  Objective 2= -36.05

Gen  715/1000 [███████████████████████████████████░░░░░░░░░░░░░░░]  71.5%
     Best:     Objective 1=  39.28  Objective 2=  46.13
     Mean:     Objective 1=  -1.89  Objective 2= -40.49

Generation 715:	[49.37844159 35.07565378]
Mean fitness:	-21.03 +- 56.29
Mean fitness per obj: ['-0.50 +-16.35', '-41.55 +-72.31']
Gen  716/1000 [███████████████████████████████████░░░░░░░░░░░░░░░]  71.6%
     Best:     Objective 1=  52.14  Objective 2=  29.26
     Mean:     Objective 1=  -0.50  Objective 2= -41.55

Gen  717/1000 [███████████████████████████████████░░░░░░░░░░░░░░░]  71.7%
     Best:     Objective 1=  27.44  Objective 2=  22.80
     Mean:     Objective 1=  -7.23  Objective 2= -44.34

Gen  718/1000 [███████████████████████████████████░░░░░░░░░░░░░░░]  71.8%
     Best:     Objective 1=  44.15  Objective 2=  20.42
     Mean:     Objective 1=  -2.87  Objective 2= -40.78

Gen  719/1000 [███████████████████████████████████░░░░░░░░░░░░░░░]  71.9%
     Best:     Objective 1=  23.35  Objective 2=  56.91
     Mean:     Objective 1=  -5.10  Objective 2= -33.12

Gen  720/1000 [████████████████████████████████████░░░░░░░░░░░░░░]  72.0%
     Best:     Objective 1=  19.02  Objective 2=  15.96
     Mean:     Objective 1=  -6.77  Objective 2= -45.80

Generation 720:	[49.37844159 35.07565378]
Mean fitness:	-22.70 +- 56.07
Mean fitness per obj: ['-6.24 +-28.12', '-39.15 +-70.40']
Gen  721/1000 [████████████████████████████████████░░░░░░░░░░░░░░]  72.1%
     Best:     Objective 1=  36.82  Objective 2=  14.80
     Mean:     Objective 1=  -6.24  Objective 2= -39.15

Gen  722/1000 [████████████████████████████████████░░░░░░░░░░░░░░]  72.2%
     Best:     Objective 1=  50.34  Objective 2=  22.83
     Mean:     Objective 1=  -1.79  Objective 2= -39.85

Gen  723/1000 [████████████████████████████████████░░░░░░░░░░░░░░]  72.3%
     Best:     Objective 1=  40.43  Objective 2=  24.90
     Mean:     Objective 1=  -1.42  Objective 2= -36.62

Gen  724/1000 [████████████████████████████████████░░░░░░░░░░░░░░]  72.4%
     Best:     Objective 1=  56.15  Objective 2=  10.95
     Mean:     Objective 1=   1.70  Objective 2= -37.10

Gen  725/1000 [████████████████████████████████████░░░░░░░░░░░░░░]  72.5%
     Best:     Objective 1=  34.09  Objective 2=  40.90
     Mean:     Objective 1=  -5.14  Objective 2= -36.24

Generation 725:	[49.37844159 35.07565378]
Mean fitness:	-17.23 +- 39.32
Mean fitness per obj: ['-3.46 +-14.78', '-31.01 +-49.93']
Gen  726/1000 [████████████████████████████████████░░░░░░░░░░░░░░]  72.6%
     Best:     Objective 1=  35.49  Objective 2=  35.03
     Mean:     Objective 1=  -3.46  Objective 2= -31.01

Gen  727/1000 [████████████████████████████████████░░░░░░░░░░░░░░]  72.7%
     Best:     Objective 1=  38.30  Objective 2=  18.17
     Mean:     Objective 1=  -3.29  Objective 2= -38.18

Gen  728/1000 [████████████████████████████████████░░░░░░░░░░░░░░]  72.8%
     Best:     Objective 1=  52.11  Objective 2=  32.03
     Mean:     Objective 1=  -3.19  Objective 2= -41.37

Gen  729/1000 [████████████████████████████████████░░░░░░░░░░░░░░]  72.9%
     Best:     Objective 1=  57.16  Objective 2=  55.99
     Mean:     Objective 1=  -5.97  Objective 2= -34.79

Gen  730/1000 [████████████████████████████████████░░░░░░░░░░░░░░]  73.0%
     Best:     Objective 1=  42.75  Objective 2=  35.01
     Mean:     Objective 1=  -9.99  Objective 2= -34.47

Generation 730:	[49.37844159 35.07565378]
Mean fitness:	-28.37 +- 65.68
Mean fitness per obj: ['-4.91 +-31.10', '-51.84 +-80.99']
Gen  731/1000 [████████████████████████████████████░░░░░░░░░░░░░░]  73.1%
     Best:     Objective 1=  47.92  Objective 2=  11.47
     Mean:     Objective 1=  -4.91  Objective 2= -51.84

Gen  732/1000 [████████████████████████████████████░░░░░░░░░░░░░░]  73.2%
     Best:     Objective 1=  38.58  Objective 2=   6.88
     Mean:     Objective 1=  -7.89  Objective 2= -41.06

Gen  733/1000 [████████████████████████████████████░░░░░░░░░░░░░░]  73.3%
     Best:     Objective 1=  97.19  Objective 2=  22.88
     Mean:     Objective 1=  -8.16  Objective 2= -45.63

Gen  734/1000 [████████████████████████████████████░░░░░░░░░░░░░░]  73.4%
     Best:     Objective 1=  35.84  Objective 2=   8.57
     Mean:     Objective 1=  -4.67  Objective 2= -40.44

Gen  735/1000 [████████████████████████████████████░░░░░░░░░░░░░░]  73.5%
     Best:     Objective 1=  40.37  Objective 2=  46.80
     Mean:     Objective 1=  -4.38  Objective 2= -42.92

Generation 735:	[49.37844159 35.07565378]
Mean fitness:	-23.28 +- 52.83
Mean fitness per obj: ['-4.69 +-20.03', '-41.87 +-67.00']
Gen  736/1000 [████████████████████████████████████░░░░░░░░░░░░░░]  73.6%
     Best:     Objective 1=  26.90  Objective 2=  15.89
     Mean:     Objective 1=  -4.69  Objective 2= -41.87

Gen  737/1000 [████████████████████████████████████░░░░░░░░░░░░░░]  73.7%
     Best:     Objective 1=  61.02  Objective 2=  47.97
     Mean:     Objective 1=  -6.75  Objective 2= -46.40

Gen  738/1000 [████████████████████████████████████░░░░░░░░░░░░░░]  73.8%
     Best:     Objective 1=  46.23  Objective 2=  15.32
     Mean:     Objective 1=  -6.42  Objective 2= -43.47

Gen  739/1000 [████████████████████████████████████░░░░░░░░░░░░░░]  73.9%
     Best:     Objective 1=  62.86  Objective 2=  68.23
     Mean:     Objective 1=  -1.64  Objective 2= -32.12

Gen  740/1000 [█████████████████████████████████████░░░░░░░░░░░░░]  74.0%
     Best:     Objective 1=  38.27  Objective 2=  26.93
     Mean:     Objective 1=  -8.70  Objective 2= -33.00

Generation 740:	[49.37844159 35.07565378]
Mean fitness:	-19.17 +- 50.44
Mean fitness per obj: ['-1.73 +-15.31', '-36.60 +-65.16']
Gen  741/1000 [█████████████████████████████████████░░░░░░░░░░░░░]  74.1%
     Best:     Objective 1=  31.36  Objective 2=  20.20
     Mean:     Objective 1=  -1.73  Objective 2= -36.60

Gen  742/1000 [█████████████████████████████████████░░░░░░░░░░░░░]  74.2%
     Best:     Objective 1=  52.16  Objective 2=  73.81
     Mean:     Objective 1=  -8.11  Objective 2= -44.08

Gen  743/1000 [█████████████████████████████████████░░░░░░░░░░░░░]  74.3%
     Best:     Objective 1=  60.67  Objective 2=  25.67
     Mean:     Objective 1=  -8.28  Objective 2= -36.92

Gen  744/1000 [█████████████████████████████████████░░░░░░░░░░░░░]  74.4%
     Best:     Objective 1=  31.66  Objective 2=  14.28
     Mean:     Objective 1=  -9.79  Objective 2= -39.61

Gen  745/1000 [█████████████████████████████████████░░░░░░░░░░░░░]  74.5%
     Best:     Objective 1=  36.96  Objective 2=  20.14
     Mean:     Objective 1=  -6.69  Objective 2= -29.30

Generation 745:	[49.37844159 35.07565378]
Mean fitness:	-27.03 +- 61.97
Mean fitness per obj: ['-10.52 +-39.77', '-43.54 +-74.52']
Gen  746/1000 [█████████████████████████████████████░░░░░░░░░░░░░]  74.6%
     Best:     Objective 1=  38.14  Objective 2=  29.79
     Mean:     Objective 1= -10.52  Objective 2= -43.54

Gen  747/1000 [█████████████████████████████████████░░░░░░░░░░░░░]  74.7%
     Best:     Objective 1=  38.25  Objective 2=  44.84
     Mean:     Objective 1=  -8.89  Objective 2= -35.74

Gen  748/1000 [█████████████████████████████████████░░░░░░░░░░░░░]  74.8%
     Best:     Objective 1=  35.40  Objective 2=  29.64
     Mean:     Objective 1=  -5.57  Objective 2= -28.96

Gen  749/1000 [█████████████████████████████████████░░░░░░░░░░░░░]  74.9%
     Best:     Objective 1=  51.84  Objective 2=  98.74
     Mean:     Objective 1=  -1.04  Objective 2= -33.77

Gen  750/1000 [█████████████████████████████████████░░░░░░░░░░░░░]  75.0%
     Best:     Objective 1=  47.09  Objective 2=   3.80
     Mean:     Objective 1=  -5.61  Objective 2= -42.33

Generation 750:	[49.37844159 35.07565378]
Mean fitness:	-18.65 +- 46.50
Mean fitness per obj: ['-1.03 +-17.46', '-36.27 +-58.29']
Gen  751/1000 [█████████████████████████████████████░░░░░░░░░░░░░]  75.1%
     Best:     Objective 1=  43.13  Objective 2=  36.57
     Mean:     Objective 1=  -1.03  Objective 2= -36.27

Gen  752/1000 [█████████████████████████████████████░░░░░░░░░░░░░]  75.2%
     Best:     Objective 1=  29.17  Objective 2=  40.40
     Mean:     Objective 1=  -7.93  Objective 2= -27.37

Gen  753/1000 [█████████████████████████████████████░░░░░░░░░░░░░]  75.3%
     Best:     Objective 1=  48.17  Objective 2=   8.76
     Mean:     Objective 1=  -4.90  Objective 2= -61.35

Gen  754/1000 [█████████████████████████████████████░░░░░░░░░░░░░]  75.4%
     Best:     Objective 1=  40.40  Objective 2=  42.90
     Mean:     Objective 1=  -3.37  Objective 2= -37.69

Gen  755/1000 [█████████████████████████████████████░░░░░░░░░░░░░]  75.5%
     Best:     Objective 1=  28.64  Objective 2=   9.84
     Mean:     Objective 1=  -3.72  Objective 2= -33.99

Generation 755:	[49.37844159 35.07565378]
Mean fitness:	-22.96 +- 55.00
Mean fitness per obj: ['-3.37 +-16.53', '-42.55 +-70.78']
Gen  756/1000 [█████████████████████████████████████░░░░░░░░░░░░░]  75.6%
     Best:     Objective 1=  44.78  Objective 2=  16.14
     Mean:     Objective 1=  -3.37  Objective 2= -42.55

Gen  757/1000 [█████████████████████████████████████░░░░░░░░░░░░░]  75.7%
     Best:     Objective 1=  29.66  Objective 2=  20.54
     Mean:     Objective 1=  -5.18  Objective 2= -30.17

Gen  758/1000 [█████████████████████████████████████░░░░░░░░░░░░░]  75.8%
     Best:     Objective 1=  28.41  Objective 2=  31.71
     Mean:     Objective 1=  -3.07  Objective 2= -36.34

Gen  759/1000 [█████████████████████████████████████░░░░░░░░░░░░░]  75.9%
     Best:     Objective 1=  34.21  Objective 2=  26.66
     Mean:     Objective 1= -11.01  Objective 2= -30.96

Gen  760/1000 [██████████████████████████████████████░░░░░░░░░░░░]  76.0%
     Best:     Objective 1=  38.03  Objective 2=  12.21
     Mean:     Objective 1=  -9.10  Objective 2= -42.15

Generation 760:	[49.37844159 35.07565378]
Mean fitness:	-23.93 +- 51.83
Mean fitness per obj: ['-7.23 +-30.19', '-40.63 +-62.47']
Gen  761/1000 [██████████████████████████████████████░░░░░░░░░░░░]  76.1%
     Best:     Objective 1=  29.63  Objective 2=  10.71
     Mean:     Objective 1=  -7.23  Objective 2= -40.63

Gen  762/1000 [██████████████████████████████████████░░░░░░░░░░░░]  76.2%
     Best:     Objective 1=  37.25  Objective 2=  19.64
     Mean:     Objective 1=  -4.61  Objective 2= -35.09

Gen  763/1000 [██████████████████████████████████████░░░░░░░░░░░░]  76.3%
     Best:     Objective 1=  35.86  Objective 2=  34.91
     Mean:     Objective 1=  -4.56  Objective 2= -37.20

Gen  764/1000 [██████████████████████████████████████░░░░░░░░░░░░]  76.4%
     Best:     Objective 1=  28.68  Objective 2=  23.50
     Mean:     Objective 1=  -9.29  Objective 2= -36.21

Gen  765/1000 [██████████████████████████████████████░░░░░░░░░░░░]  76.5%
     Best:     Objective 1=  41.41  Objective 2=  22.95
     Mean:     Objective 1=  -5.78  Objective 2= -35.27

Generation 765:	[49.37844159 35.07565378]
Mean fitness:	-20.74 +- 47.80
Mean fitness per obj: ['-7.30 +-26.96', '-34.17 +-59.00']
Gen  766/1000 [██████████████████████████████████████░░░░░░░░░░░░]  76.6%
     Best:     Objective 1=  35.57  Objective 2=  53.91
     Mean:     Objective 1=  -7.30  Objective 2= -34.17

Gen  767/1000 [██████████████████████████████████████░░░░░░░░░░░░]  76.7%
     Best:     Objective 1=  20.87  Objective 2=  42.17
     Mean:     Objective 1= -10.30  Objective 2= -47.05

Gen  768/1000 [██████████████████████████████████████░░░░░░░░░░░░]  76.8%
     Best:     Objective 1=  46.83  Objective 2=  11.31
     Mean:     Objective 1=  -6.46  Objective 2= -49.17

Gen  769/1000 [██████████████████████████████████████░░░░░░░░░░░░]  76.9%
     Best:     Objective 1=  52.94  Objective 2=   1.78
     Mean:     Objective 1=  -4.95  Objective 2= -49.43

Gen  770/1000 [██████████████████████████████████████░░░░░░░░░░░░]  77.0%
     Best:     Objective 1=  54.32  Objective 2=  28.47
     Mean:     Objective 1=  -3.48  Objective 2= -34.19

Generation 770:	[49.37844159 35.07565378]
Mean fitness:	-25.20 +- 57.24
Mean fitness per obj: ['-8.03 +-36.26', '-42.37 +-68.18']
Gen  771/1000 [██████████████████████████████████████░░░░░░░░░░░░]  77.1%
     Best:     Objective 1=  31.78  Objective 2=  52.03
     Mean:     Objective 1=  -8.03  Objective 2= -42.37

Gen  772/1000 [██████████████████████████████████████░░░░░░░░░░░░]  77.2%
     Best:     Objective 1=  38.00  Objective 2=  52.28
     Mean:     Objective 1=  -9.38  Objective 2= -42.61

Gen  773/1000 [██████████████████████████████████████░░░░░░░░░░░░]  77.3%
     Best:     Objective 1=  31.82  Objective 2=  44.20
     Mean:     Objective 1=  -3.18  Objective 2= -40.81

Gen  774/1000 [██████████████████████████████████████░░░░░░░░░░░░]  77.4%
     Best:     Objective 1=  55.31  Objective 2=  15.49
     Mean:     Objective 1=  -4.48  Objective 2= -26.66

Gen  775/1000 [██████████████████████████████████████░░░░░░░░░░░░]  77.5%
     Best:     Objective 1=  55.66  Objective 2=  27.39
     Mean:     Objective 1=  -0.79  Objective 2= -45.95

Generation 775:	[49.37844159 35.07565378]
Mean fitness:	-16.73 +- 37.85
Mean fitness per obj: ['-7.79 +-38.98', '-25.67 +-34.44']
Gen  776/1000 [██████████████████████████████████████░░░░░░░░░░░░]  77.6%
     Best:     Objective 1=  62.86  Objective 2=  16.22
     Mean:     Objective 1=  -7.79  Objective 2= -25.67

Gen  777/1000 [██████████████████████████████████████░░░░░░░░░░░░]  77.7%
     Best:     Objective 1=  34.38  Objective 2=  20.90
     Mean:     Objective 1=  -0.19  Objective 2= -34.84

Gen  778/1000 [██████████████████████████████████████░░░░░░░░░░░░]  77.8%
     Best:     Objective 1=  34.40  Objective 2=  27.37
     Mean:     Objective 1=  -1.53  Objective 2= -39.31

Gen  779/1000 [██████████████████████████████████████░░░░░░░░░░░░]  77.9%
     Best:     Objective 1=  49.53  Objective 2=  33.56
     Mean:     Objective 1=  -4.12  Objective 2= -36.36

Gen  780/1000 [███████████████████████████████████████░░░░░░░░░░░]  78.0%
     Best:     Objective 1=  48.66  Objective 2=  56.18
     Mean:     Objective 1=  -3.18  Objective 2= -37.58

Generation 780:	[49.37844159 35.07565378]
Mean fitness:	-22.00 +- 48.12
Mean fitness per obj: ['-7.08 +-31.30', '-36.92 +-56.63']
Gen  781/1000 [███████████████████████████████████████░░░░░░░░░░░]  78.1%
     Best:     Objective 1=  28.32  Objective 2=  23.73
     Mean:     Objective 1=  -7.08  Objective 2= -36.92

Gen  782/1000 [███████████████████████████████████████░░░░░░░░░░░]  78.2%
     Best:     Objective 1=  38.86  Objective 2=   5.55
     Mean:     Objective 1=  -1.85  Objective 2= -36.07

Gen  783/1000 [███████████████████████████████████████░░░░░░░░░░░]  78.3%
     Best:     Objective 1=  51.91  Objective 2=  50.27
     Mean:     Objective 1=  -2.49  Objective 2= -41.09

Gen  784/1000 [███████████████████████████████████████░░░░░░░░░░░]  78.4%
     Best:     Objective 1=  37.36  Objective 2=  67.68
     Mean:     Objective 1=  -4.94  Objective 2= -43.68

Gen  785/1000 [███████████████████████████████████████░░░░░░░░░░░]  78.5%
     Best:     Objective 1=  42.11  Objective 2=  23.06
     Mean:     Objective 1=  -4.40  Objective 2= -46.73

Generation 785:	[49.37844159 35.07565378]
Mean fitness:	-20.09 +- 46.75
Mean fitness per obj: ['-5.62 +-18.21', '-34.56 +-60.18']
Gen  786/1000 [███████████████████████████████████████░░░░░░░░░░░]  78.6%
     Best:     Objective 1=  50.69  Objective 2=  43.14
     Mean:     Objective 1=  -5.62  Objective 2= -34.56

Gen  787/1000 [███████████████████████████████████████░░░░░░░░░░░]  78.7%
     Best:     Objective 1=  36.03  Objective 2=  14.07
     Mean:     Objective 1=  -4.70  Objective 2= -37.00

Gen  788/1000 [███████████████████████████████████████░░░░░░░░░░░]  78.8%
     Best:     Objective 1=  38.68  Objective 2=  30.42
     Mean:     Objective 1=  -3.33  Objective 2= -39.27

Gen  789/1000 [███████████████████████████████████████░░░░░░░░░░░]  78.9%
     Best:     Objective 1=  35.61  Objective 2=  56.39
     Mean:     Objective 1=  -4.56  Objective 2= -28.25

Gen  790/1000 [███████████████████████████████████████░░░░░░░░░░░]  79.0%
     Best:     Objective 1=  28.35  Objective 2=  12.51
     Mean:     Objective 1=  -9.27  Objective 2= -47.74

Generation 790:	[49.37844159 35.07565378]
Mean fitness:	-28.05 +- 64.97
Mean fitness per obj: ['-6.28 +-37.10', '-49.82 +-78.22']
Gen  791/1000 [███████████████████████████████████████░░░░░░░░░░░]  79.1%
     Best:     Objective 1=  31.98  Objective 2=  16.49
     Mean:     Objective 1=  -6.28  Objective 2= -49.82

Gen  792/1000 [███████████████████████████████████████░░░░░░░░░░░]  79.2%
     Best:     Objective 1=  32.43  Objective 2=   6.26
     Mean:     Objective 1=  -5.31  Objective 2= -46.37

Gen  793/1000 [███████████████████████████████████████░░░░░░░░░░░]  79.3%
     Best:     Objective 1=  34.68  Objective 2=  37.72
     Mean:     Objective 1=  -7.99  Objective 2= -31.04

Gen  794/1000 [███████████████████████████████████████░░░░░░░░░░░]  79.4%
     Best:     Objective 1=  35.38  Objective 2=  24.68
     Mean:     Objective 1=  -5.56  Objective 2= -37.97

Gen  795/1000 [███████████████████████████████████████░░░░░░░░░░░]  79.5%
     Best:     Objective 1=  33.20  Objective 2=  12.13
     Mean:     Objective 1=  -6.11  Objective 2= -34.92

Generation 795:	[49.37844159 35.07565378]
Mean fitness:	-19.43 +- 39.88
Mean fitness per obj: ['-4.72 +-27.79', '-34.14 +-44.45']
Gen  796/1000 [███████████████████████████████████████░░░░░░░░░░░]  79.6%
     Best:     Objective 1=  32.97  Objective 2=  25.26
     Mean:     Objective 1=  -4.72  Objective 2= -34.14

Gen  797/1000 [███████████████████████████████████████░░░░░░░░░░░]  79.7%
     Best:     Objective 1=  32.10  Objective 2=  27.79
     Mean:     Objective 1=  -4.08  Objective 2= -36.67

Gen  798/1000 [███████████████████████████████████████░░░░░░░░░░░]  79.8%
     Best:     Objective 1=  42.75  Objective 2=  39.39
     Mean:     Objective 1=  -7.56  Objective 2= -29.36

Gen  799/1000 [███████████████████████████████████████░░░░░░░░░░░]  79.9%
     Best:     Objective 1=  24.45  Objective 2=  32.31
     Mean:     Objective 1=  -6.94  Objective 2= -36.89

Gen  800/1000 [████████████████████████████████████████░░░░░░░░░░]  80.0%
     Best:     Objective 1=  30.71  Objective 2=  42.28
     Mean:     Objective 1=  -7.04  Objective 2= -39.11

Generation 800:	[49.37844159 35.07565378]
Mean fitness:	-21.00 +- 52.09
Mean fitness per obj: ['-8.99 +-46.38', '-33.00 +-54.65']
Gen  801/1000 [████████████████████████████████████████░░░░░░░░░░]  80.1%
     Best:     Objective 1=  53.31  Objective 2=  24.10
     Mean:     Objective 1=  -8.99  Objective 2= -33.00

Gen  802/1000 [████████████████████████████████████████░░░░░░░░░░]  80.2%
     Best:     Objective 1=  55.78  Objective 2=  30.82
     Mean:     Objective 1= -11.68  Objective 2= -33.52

Gen  803/1000 [████████████████████████████████████████░░░░░░░░░░]  80.3%
     Best:     Objective 1=  31.95  Objective 2=  63.33
     Mean:     Objective 1=  -8.99  Objective 2= -46.84

Gen  804/1000 [████████████████████████████████████████░░░░░░░░░░]  80.4%
     Best:     Objective 1=  27.11  Objective 2=   4.64
     Mean:     Objective 1=  -5.89  Objective 2= -46.19

Gen  805/1000 [████████████████████████████████████████░░░░░░░░░░]  80.5%
     Best:     Objective 1=  31.10  Objective 2=  19.26
     Mean:     Objective 1=  -6.74  Objective 2= -33.59

Generation 805:	[49.37844159 35.07565378]
Mean fitness:	-24.50 +- 59.08
Mean fitness per obj: ['-7.77 +-31.46', '-41.22 +-73.71']
Gen  806/1000 [████████████████████████████████████████░░░░░░░░░░]  80.6%
     Best:     Objective 1=  28.40  Objective 2=  19.66
     Mean:     Objective 1=  -7.77  Objective 2= -41.22

Gen  807/1000 [████████████████████████████████████████░░░░░░░░░░]  80.7%
     Best:     Objective 1=  48.37  Objective 2=  24.96
     Mean:     Objective 1=  -2.34  Objective 2= -27.24

Gen  808/1000 [████████████████████████████████████████░░░░░░░░░░]  80.8%
     Best:     Objective 1=  44.09  Objective 2=   5.57
     Mean:     Objective 1=  -9.12  Objective 2= -41.77

Gen  809/1000 [████████████████████████████████████████░░░░░░░░░░]  80.9%
     Best:     Objective 1=  34.20  Objective 2=  11.44
     Mean:     Objective 1=  -5.31  Objective 2= -32.28

Gen  810/1000 [████████████████████████████████████████░░░░░░░░░░]  81.0%
     Best:     Objective 1=  33.37  Objective 2=  21.68
     Mean:     Objective 1=  -3.92  Objective 2= -41.91

Generation 810:	[49.37844159 35.07565378]
Mean fitness:	-15.84 +- 38.65
Mean fitness per obj: ['-8.18 +-33.18', '-23.51 +-42.07']
Gen  811/1000 [████████████████████████████████████████░░░░░░░░░░]  81.1%
     Best:     Objective 1=  53.29  Objective 2=   6.48
     Mean:     Objective 1=  -8.18  Objective 2= -23.51

Gen  812/1000 [████████████████████████████████████████░░░░░░░░░░]  81.2%
     Best:     Objective 1=  44.06  Objective 2=  26.06
     Mean:     Objective 1=  -3.27  Objective 2= -45.74

Gen  813/1000 [████████████████████████████████████████░░░░░░░░░░]  81.3%
     Best:     Objective 1=  44.73  Objective 2=  23.09
     Mean:     Objective 1=  -4.59  Objective 2= -37.29

Gen  814/1000 [████████████████████████████████████████░░░░░░░░░░]  81.4%
     Best:     Objective 1=  54.86  Objective 2=  13.64
     Mean:     Objective 1=  -3.26  Objective 2= -49.94

Gen  815/1000 [████████████████████████████████████████░░░░░░░░░░]  81.5%
     Best:     Objective 1=  38.34  Objective 2=  22.94
     Mean:     Objective 1=  -6.04  Objective 2= -45.08

Generation 815:	[49.37844159 35.07565378]
Mean fitness:	-19.03 +- 44.82
Mean fitness per obj: ['-7.97 +-36.47', '-30.09 +-49.43']
Gen  816/1000 [████████████████████████████████████████░░░░░░░░░░]  81.6%
     Best:     Objective 1=  31.41  Objective 2=   7.61
     Mean:     Objective 1=  -7.97  Objective 2= -30.09

Gen  817/1000 [████████████████████████████████████████░░░░░░░░░░]  81.7%
     Best:     Objective 1=  55.99  Objective 2=  20.16
     Mean:     Objective 1=  -0.68  Objective 2= -41.01

Gen  818/1000 [████████████████████████████████████████░░░░░░░░░░]  81.8%
     Best:     Objective 1=  44.60  Objective 2=  40.27
     Mean:     Objective 1=  -2.18  Objective 2= -30.68

Gen  819/1000 [████████████████████████████████████████░░░░░░░░░░]  81.9%
     Best:     Objective 1=  47.27  Objective 2=  21.85
     Mean:     Objective 1=  -5.85  Objective 2= -49.25

Gen  820/1000 [█████████████████████████████████████████░░░░░░░░░]  82.0%
     Best:     Objective 1=  36.78  Objective 2=  55.88
     Mean:     Objective 1=  -2.36  Objective 2= -24.15

Generation 820:	[49.37844159 35.07565378]
Mean fitness:	-24.52 +- 58.83
Mean fitness per obj: ['-6.15 +-38.53', '-42.89 +-69.01']
Gen  821/1000 [█████████████████████████████████████████░░░░░░░░░]  82.1%
     Best:     Objective 1=  49.26  Objective 2=  31.55
     Mean:     Objective 1=  -6.15  Objective 2= -42.89

Gen  822/1000 [█████████████████████████████████████████░░░░░░░░░]  82.2%
     Best:     Objective 1=  47.09  Objective 2=  23.80
     Mean:     Objective 1=  -3.77  Objective 2= -43.87

Gen  823/1000 [█████████████████████████████████████████░░░░░░░░░]  82.3%
     Best:     Objective 1=  36.19  Objective 2=  33.08
     Mean:     Objective 1=  -3.31  Objective 2= -34.88

Gen  824/1000 [█████████████████████████████████████████░░░░░░░░░]  82.4%
     Best:     Objective 1=  36.50  Objective 2=  43.41
     Mean:     Objective 1=  -3.74  Objective 2= -43.28

Gen  825/1000 [█████████████████████████████████████████░░░░░░░░░]  82.5%
     Best:     Objective 1=  58.51  Objective 2=  42.90
     Mean:     Objective 1=  -7.46  Objective 2= -53.05

Generation 825:	[49.37844159 35.07565378]
Mean fitness:	-27.84 +- 71.23
Mean fitness per obj: ['-11.38 +-53.08', '-44.30 +-82.39']
Gen  826/1000 [█████████████████████████████████████████░░░░░░░░░]  82.6%
     Best:     Objective 1=  33.82  Objective 2=   8.76
     Mean:     Objective 1= -11.38  Objective 2= -44.30

Gen  827/1000 [█████████████████████████████████████████░░░░░░░░░]  82.7%
     Best:     Objective 1=  40.06  Objective 2=  34.64
     Mean:     Objective 1=  -5.92  Objective 2= -46.19

Gen  828/1000 [█████████████████████████████████████████░░░░░░░░░]  82.8%
     Best:     Objective 1=  37.12  Objective 2=  21.31
     Mean:     Objective 1=  -5.01  Objective 2= -35.57

Gen  829/1000 [█████████████████████████████████████████░░░░░░░░░]  82.9%
     Best:     Objective 1=  45.77  Objective 2=  23.45
     Mean:     Objective 1=  -5.38  Objective 2= -38.14

Gen  830/1000 [█████████████████████████████████████████░░░░░░░░░]  83.0%
     Best:     Objective 1=  54.23  Objective 2=  21.87
     Mean:     Objective 1=  -8.79  Objective 2= -45.30

Generation 830:	[49.37844159 35.07565378]
Mean fitness:	-22.51 +- 60.01
Mean fitness per obj: ['-3.37 +-20.07', '-41.64 +-77.90']
Gen  831/1000 [█████████████████████████████████████████░░░░░░░░░]  83.1%
     Best:     Objective 1=  46.32  Objective 2=  16.13
     Mean:     Objective 1=  -3.37  Objective 2= -41.64

Gen  832/1000 [█████████████████████████████████████████░░░░░░░░░]  83.2%
     Best:     Objective 1=  24.70  Objective 2=  45.48
     Mean:     Objective 1=  -9.28  Objective 2= -37.23

Gen  833/1000 [█████████████████████████████████████████░░░░░░░░░]  83.3%
     Best:     Objective 1=  25.09  Objective 2=  24.50
     Mean:     Objective 1= -12.83  Objective 2= -53.65

Gen  834/1000 [█████████████████████████████████████████░░░░░░░░░]  83.4%
     Best:     Objective 1=  34.01  Objective 2=  30.71
     Mean:     Objective 1=  -7.46  Objective 2= -36.09

Gen  835/1000 [█████████████████████████████████████████░░░░░░░░░]  83.5%
     Best:     Objective 1=  36.23  Objective 2=  16.82
     Mean:     Objective 1=  -8.41  Objective 2= -42.14

Generation 835:	[49.37844159 35.07565378]
Mean fitness:	-16.58 +- 39.32
Mean fitness per obj: ['-8.36 +-34.35', '-24.80 +-42.15']
Gen  836/1000 [█████████████████████████████████████████░░░░░░░░░]  83.6%
     Best:     Objective 1=  44.20  Objective 2=  86.39
     Mean:     Objective 1=  -8.36  Objective 2= -24.80

Gen  837/1000 [█████████████████████████████████████████░░░░░░░░░]  83.7%
     Best:     Objective 1=  30.11  Objective 2=   4.58
     Mean:     Objective 1=  -3.63  Objective 2= -49.42

Gen  838/1000 [█████████████████████████████████████████░░░░░░░░░]  83.8%
     Best:     Objective 1=  27.79  Objective 2=  25.25
     Mean:     Objective 1=  -7.16  Objective 2= -36.50

Gen  839/1000 [█████████████████████████████████████████░░░░░░░░░]  83.9%
     Best:     Objective 1=  24.00  Objective 2=  29.33
     Mean:     Objective 1=  -5.73  Objective 2= -39.97

Gen  840/1000 [██████████████████████████████████████████░░░░░░░░]  84.0%
     Best:     Objective 1=  35.66  Objective 2=  26.13
     Mean:     Objective 1=  -7.15  Objective 2= -32.12

Generation 840:	[49.37844159 35.07565378]
Mean fitness:	-21.50 +- 56.46
Mean fitness per obj: ['-6.92 +-36.98', '-36.08 +-67.69']
Gen  841/1000 [██████████████████████████████████████████░░░░░░░░]  84.1%
     Best:     Objective 1=  24.25  Objective 2=  21.25
     Mean:     Objective 1=  -6.92  Objective 2= -36.08

Gen  842/1000 [██████████████████████████████████████████░░░░░░░░]  84.2%
     Best:     Objective 1=  42.31  Objective 2=  57.57
     Mean:     Objective 1=  -3.81  Objective 2= -39.53

Gen  843/1000 [██████████████████████████████████████████░░░░░░░░]  84.3%
     Best:     Objective 1=  74.59  Objective 2=  22.57
     Mean:     Objective 1=  -6.76  Objective 2= -35.96

Gen  844/1000 [██████████████████████████████████████████░░░░░░░░]  84.4%
     Best:     Objective 1=  27.11  Objective 2=  12.16
     Mean:     Objective 1=  -6.42  Objective 2= -30.85

Gen  845/1000 [██████████████████████████████████████████░░░░░░░░]  84.5%
     Best:     Objective 1=  45.71  Objective 2=  22.25
     Mean:     Objective 1=  -5.78  Objective 2= -48.51

Generation 845:	[49.37844159 35.07565378]
Mean fitness:	-24.70 +- 56.44
Mean fitness per obj: ['-7.99 +-35.41', '-41.41 +-67.51']
Gen  846/1000 [██████████████████████████████████████████░░░░░░░░]  84.6%
     Best:     Objective 1=  67.30  Objective 2=  21.78
     Mean:     Objective 1=  -7.99  Objective 2= -41.41

Gen  847/1000 [██████████████████████████████████████████░░░░░░░░]  84.7%
     Best:     Objective 1=  70.62  Objective 2=  66.39
     Mean:     Objective 1=  -4.58  Objective 2= -30.06

Gen  848/1000 [██████████████████████████████████████████░░░░░░░░]  84.8%
     Best:     Objective 1=  39.42  Objective 2=  29.57
     Mean:     Objective 1=  -3.06  Objective 2= -35.32

Gen  849/1000 [██████████████████████████████████████████░░░░░░░░]  84.9%
     Best:     Objective 1=  22.40  Objective 2=  33.16
     Mean:     Objective 1=  -4.23  Objective 2= -32.32

Gen  850/1000 [██████████████████████████████████████████░░░░░░░░]  85.0%
     Best:     Objective 1=  43.92  Objective 2=  37.87
     Mean:     Objective 1= -14.77  Objective 2= -45.36

Generation 850:	[49.37844159 35.07565378]
Mean fitness:	-20.78 +- 58.05
Mean fitness per obj: ['-3.47 +-20.42', '-38.10 +-75.66']
Gen  851/1000 [██████████████████████████████████████████░░░░░░░░]  85.1%
     Best:     Objective 1=  44.46  Objective 2=  28.69
     Mean:     Objective 1=  -3.47  Objective 2= -38.10

Gen  852/1000 [██████████████████████████████████████████░░░░░░░░]  85.2%
     Best:     Objective 1=  24.61  Objective 2=  20.13
     Mean:     Objective 1=  -3.44  Objective 2= -47.36

Gen  853/1000 [██████████████████████████████████████████░░░░░░░░]  85.3%
     Best:     Objective 1=  33.95  Objective 2=  18.94
     Mean:     Objective 1=  -8.23  Objective 2= -36.22

Gen  854/1000 [██████████████████████████████████████████░░░░░░░░]  85.4%
     Best:     Objective 1=  30.69  Objective 2=  21.78
     Mean:     Objective 1= -12.75  Objective 2= -29.87

Gen  855/1000 [██████████████████████████████████████████░░░░░░░░]  85.5%
     Best:     Objective 1=  48.07  Objective 2=  17.84
     Mean:     Objective 1=  -6.51  Objective 2= -36.70

Generation 855:	[49.37844159 35.07565378]
Mean fitness:	-21.23 +- 51.04
Mean fitness per obj: ['-1.39 +-14.60', '-41.07 +-64.88']
Gen  856/1000 [██████████████████████████████████████████░░░░░░░░]  85.6%
     Best:     Objective 1=  41.48  Objective 2=  15.76
     Mean:     Objective 1=  -1.39  Objective 2= -41.07

Gen  857/1000 [██████████████████████████████████████████░░░░░░░░]  85.7%
     Best:     Objective 1=  56.74  Objective 2=  45.92
     Mean:     Objective 1= -11.96  Objective 2= -30.32

Gen  858/1000 [██████████████████████████████████████████░░░░░░░░]  85.8%
     Best:     Objective 1=  45.35  Objective 2=  39.80
     Mean:     Objective 1=  -2.81  Objective 2= -34.40

Gen  859/1000 [██████████████████████████████████████████░░░░░░░░]  85.9%
     Best:     Objective 1=  52.02  Objective 2=  20.08
     Mean:     Objective 1=  -0.05  Objective 2= -37.67

Gen  860/1000 [███████████████████████████████████████████░░░░░░░]  86.0%
     Best:     Objective 1=  31.38  Objective 2=  21.20
     Mean:     Objective 1=  -9.03  Objective 2= -38.82

Generation 860:	[49.37844159 35.07565378]
Mean fitness:	-21.32 +- 54.88
Mean fitness per obj: ['-8.54 +-45.48', '-34.09 +-60.25']
Gen  861/1000 [███████████████████████████████████████████░░░░░░░]  86.1%
     Best:     Objective 1=  32.98  Objective 2=  37.15
     Mean:     Objective 1=  -8.54  Objective 2= -34.09

Gen  862/1000 [███████████████████████████████████████████░░░░░░░]  86.2%
     Best:     Objective 1=  30.51  Objective 2=  23.82
     Mean:     Objective 1= -11.26  Objective 2= -42.43

Gen  863/1000 [███████████████████████████████████████████░░░░░░░]  86.3%
     Best:     Objective 1=  42.90  Objective 2=  15.15
     Mean:     Objective 1=  -2.92  Objective 2= -30.57

Gen  864/1000 [███████████████████████████████████████████░░░░░░░]  86.4%
     Best:     Objective 1=  37.57  Objective 2=  23.18
     Mean:     Objective 1=  -3.78  Objective 2= -26.49

Gen  865/1000 [███████████████████████████████████████████░░░░░░░]  86.5%
     Best:     Objective 1=  59.46  Objective 2=  20.22
     Mean:     Objective 1=  -5.29  Objective 2= -43.55

Generation 865:	[49.37844159 35.07565378]
Mean fitness:	-23.24 +- 55.97
Mean fitness per obj: ['-4.57 +-18.48', '-41.91 +-72.29']
Gen  866/1000 [███████████████████████████████████████████░░░░░░░]  86.6%
     Best:     Objective 1=  47.33  Objective 2=  30.30
     Mean:     Objective 1=  -4.57  Objective 2= -41.91

Gen  867/1000 [███████████████████████████████████████████░░░░░░░]  86.7%
     Best:     Objective 1=  42.75  Objective 2=  35.28
     Mean:     Objective 1=  -5.91  Objective 2= -35.02

Gen  868/1000 [███████████████████████████████████████████░░░░░░░]  86.8%
     Best:     Objective 1=  62.88  Objective 2=  22.37
     Mean:     Objective 1=  -3.00  Objective 2= -35.48

Gen  869/1000 [███████████████████████████████████████████░░░░░░░]  86.9%
     Best:     Objective 1=  72.11  Objective 2=  18.10
     Mean:     Objective 1=  -5.28  Objective 2= -46.28

Gen  870/1000 [███████████████████████████████████████████░░░░░░░]  87.0%
     Best:     Objective 1=  68.00  Objective 2=  26.91
     Mean:     Objective 1=  -4.40  Objective 2= -47.77

Generation 870:	[49.37844159 35.07565378]
Mean fitness:	-22.13 +- 56.54
Mean fitness per obj: ['-3.66 +-19.34', '-40.61 +-73.05']
Gen  871/1000 [███████████████████████████████████████████░░░░░░░]  87.1%
     Best:     Objective 1=  54.44  Objective 2=  53.48
     Mean:     Objective 1=  -3.66  Objective 2= -40.61

Gen  872/1000 [███████████████████████████████████████████░░░░░░░]  87.2%
     Best:     Objective 1=  53.46  Objective 2=  27.47
     Mean:     Objective 1=   0.94  Objective 2= -38.91

Gen  873/1000 [███████████████████████████████████████████░░░░░░░]  87.3%
     Best:     Objective 1=  46.72  Objective 2=   6.02
     Mean:     Objective 1=  -2.28  Objective 2= -43.35

Gen  874/1000 [███████████████████████████████████████████░░░░░░░]  87.4%
     Best:     Objective 1=  41.35  Objective 2=  11.55
     Mean:     Objective 1=  -2.65  Objective 2= -40.76

Gen  875/1000 [███████████████████████████████████████████░░░░░░░]  87.5%
     Best:     Objective 1=  25.79  Objective 2=  29.33
     Mean:     Objective 1=  -5.99  Objective 2= -29.19

Generation 875:	[49.37844159 35.07565378]
Mean fitness:	-32.95 +- 71.33
Mean fitness per obj: ['-12.04 +-53.54', '-53.86 +-80.22']
Gen  876/1000 [███████████████████████████████████████████░░░░░░░]  87.6%
     Best:     Objective 1=  36.30  Objective 2=   8.96
     Mean:     Objective 1= -12.04  Objective 2= -53.86

Gen  877/1000 [███████████████████████████████████████████░░░░░░░]  87.7%
     Best:     Objective 1=  30.97  Objective 2=   8.57
     Mean:     Objective 1=  -3.09  Objective 2= -29.33

Gen  878/1000 [███████████████████████████████████████████░░░░░░░]  87.8%
     Best:     Objective 1=  28.71  Objective 2=  19.40
     Mean:     Objective 1=  -4.64  Objective 2= -35.52

Gen  879/1000 [███████████████████████████████████████████░░░░░░░]  87.9%
     Best:     Objective 1=  65.25  Objective 2=  18.76
     Mean:     Objective 1=  -2.81  Objective 2= -41.03

Gen  880/1000 [████████████████████████████████████████████░░░░░░]  88.0%
     Best:     Objective 1=  44.27  Objective 2=  13.37
     Mean:     Objective 1=  -7.37  Objective 2= -44.72

Generation 880:	[49.37844159 35.07565378]
Mean fitness:	-18.10 +- 47.38
Mean fitness per obj: ['-5.18 +-34.92', '-31.02 +-54.19']
Gen  881/1000 [████████████████████████████████████████████░░░░░░]  88.1%
     Best:     Objective 1=  46.44  Objective 2=  37.18
     Mean:     Objective 1=  -5.18  Objective 2= -31.02

Gen  882/1000 [████████████████████████████████████████████░░░░░░]  88.2%
     Best:     Objective 1=  17.31  Objective 2=  15.99
     Mean:     Objective 1=  -8.19  Objective 2= -47.18

Gen  883/1000 [████████████████████████████████████████████░░░░░░]  88.3%
     Best:     Objective 1=  40.96  Objective 2=  24.39
     Mean:     Objective 1=  -6.99  Objective 2= -32.91

Gen  884/1000 [████████████████████████████████████████████░░░░░░]  88.4%
     Best:     Objective 1=  50.43  Objective 2=  32.36
     Mean:     Objective 1=  -7.19  Objective 2= -34.97

Gen  885/1000 [████████████████████████████████████████████░░░░░░]  88.5%
     Best:     Objective 1=  36.90  Objective 2=  27.83
     Mean:     Objective 1=  -2.70  Objective 2= -41.06

Generation 885:	[49.37844159 35.07565378]
Mean fitness:	-21.16 +- 58.37
Mean fitness per obj: ['-2.86 +-32.75', '-39.47 +-71.21']
Gen  886/1000 [████████████████████████████████████████████░░░░░░]  88.6%
     Best:     Objective 1=  63.45  Objective 2=  13.96
     Mean:     Objective 1=  -2.86  Objective 2= -39.47

Gen  887/1000 [████████████████████████████████████████████░░░░░░]  88.7%
     Best:     Objective 1=  38.08  Objective 2=  22.11
     Mean:     Objective 1= -10.25  Objective 2= -37.33

Gen  888/1000 [████████████████████████████████████████████░░░░░░]  88.8%
     Best:     Objective 1=  34.45  Objective 2=  29.96
     Mean:     Objective 1=  -8.35  Objective 2= -44.61

Gen  889/1000 [████████████████████████████████████████████░░░░░░]  88.9%
     Best:     Objective 1=  45.42  Objective 2=   8.47
     Mean:     Objective 1=  -3.79  Objective 2= -37.84

Gen  890/1000 [████████████████████████████████████████████░░░░░░]  89.0%
     Best:     Objective 1=  35.06  Objective 2=  20.07
     Mean:     Objective 1=  -5.01  Objective 2= -49.49

Generation 890:	[49.37844159 35.07565378]
Mean fitness:	-25.94 +- 62.16
Mean fitness per obj: ['-3.68 +-15.79', '-48.19 +-80.56']
Gen  891/1000 [████████████████████████████████████████████░░░░░░]  89.1%
     Best:     Objective 1=  45.80  Objective 2=  30.29
     Mean:     Objective 1=  -3.68  Objective 2= -48.19

Gen  892/1000 [████████████████████████████████████████████░░░░░░]  89.2%
     Best:     Objective 1=  59.49  Objective 2=  12.64
     Mean:     Objective 1=  -4.62  Objective 2= -40.65

Gen  893/1000 [████████████████████████████████████████████░░░░░░]  89.3%
     Best:     Objective 1=  34.64  Objective 2=  19.08
     Mean:     Objective 1=  -1.82  Objective 2= -39.35

Gen  894/1000 [████████████████████████████████████████████░░░░░░]  89.4%
     Best:     Objective 1=  31.82  Objective 2=  52.92
     Mean:     Objective 1=  -7.48  Objective 2= -44.07

Gen  895/1000 [████████████████████████████████████████████░░░░░░]  89.5%
     Best:     Objective 1=  64.00  Objective 2=  23.23
     Mean:     Objective 1=  -5.48  Objective 2= -38.86

Generation 895:	[49.37844159 35.07565378]
Mean fitness:	-21.59 +- 53.56
Mean fitness per obj: ['-8.90 +-41.36', '-34.27 +-60.88']
Gen  896/1000 [████████████████████████████████████████████░░░░░░]  89.6%
     Best:     Objective 1=  46.31  Objective 2=  16.02
     Mean:     Objective 1=  -8.90  Objective 2= -34.27

Gen  897/1000 [████████████████████████████████████████████░░░░░░]  89.7%
     Best:     Objective 1=  44.57  Objective 2=  70.48
     Mean:     Objective 1=  -8.01  Objective 2= -35.64

Gen  898/1000 [████████████████████████████████████████████░░░░░░]  89.8%
     Best:     Objective 1=  38.53  Objective 2=  42.82
     Mean:     Objective 1=  -0.72  Objective 2= -46.93

Gen  899/1000 [████████████████████████████████████████████░░░░░░]  89.9%
     Best:     Objective 1=  39.21  Objective 2=  29.72
     Mean:     Objective 1=  -3.90  Objective 2= -34.68

Gen  900/1000 [█████████████████████████████████████████████░░░░░]  90.0%
     Best:     Objective 1=  49.49  Objective 2=  41.21
     Mean:     Objective 1=  -3.96  Objective 2= -32.56

Generation 900:	[49.37844159 35.07565378]
Mean fitness:	-23.73 +- 52.12
Mean fitness per obj: ['-8.22 +-32.65', '-39.23 +-62.34']
Gen  901/1000 [█████████████████████████████████████████████░░░░░]  90.1%
     Best:     Objective 1=  45.77  Objective 2=   3.32
     Mean:     Objective 1=  -8.22  Objective 2= -39.23

Gen  902/1000 [█████████████████████████████████████████████░░░░░]  90.2%
     Best:     Objective 1=  22.96  Objective 2=  56.39
     Mean:     Objective 1=  -6.76  Objective 2= -34.33

Gen  903/1000 [█████████████████████████████████████████████░░░░░]  90.3%
     Best:     Objective 1=  31.72  Objective 2=  19.14
     Mean:     Objective 1=  -9.06  Objective 2= -37.82

Gen  904/1000 [█████████████████████████████████████████████░░░░░]  90.4%
     Best:     Objective 1=  38.86  Objective 2=  28.18
     Mean:     Objective 1=  -4.85  Objective 2= -38.35

Gen  905/1000 [█████████████████████████████████████████████░░░░░]  90.5%
     Best:     Objective 1=  37.61  Objective 2=  22.71
     Mean:     Objective 1=  -1.85  Objective 2= -41.71

Generation 905:	[49.37844159 35.07565378]
Mean fitness:	-22.71 +- 51.54
Mean fitness per obj: ['-5.10 +-21.58', '-40.32 +-65.01']
Gen  906/1000 [█████████████████████████████████████████████░░░░░]  90.6%
     Best:     Objective 1=  45.08  Objective 2=  73.99
     Mean:     Objective 1=  -5.10  Objective 2= -40.32

Gen  907/1000 [█████████████████████████████████████████████░░░░░]  90.7%
     Best:     Objective 1=  26.72  Objective 2=  16.40
     Mean:     Objective 1=  -9.10  Objective 2= -29.19

Gen  908/1000 [█████████████████████████████████████████████░░░░░]  90.8%
     Best:     Objective 1=  35.08  Objective 2=  61.22
     Mean:     Objective 1= -11.90  Objective 2= -43.47

Gen  909/1000 [█████████████████████████████████████████████░░░░░]  90.9%
     Best:     Objective 1=  32.92  Objective 2=  23.77
     Mean:     Objective 1=  -4.67  Objective 2= -42.01

Gen  910/1000 [█████████████████████████████████████████████░░░░░]  91.0%
     Best:     Objective 1=  37.29  Objective 2=  18.77
     Mean:     Objective 1=  -4.02  Objective 2= -31.50

Generation 910:	[49.37844159 35.07565378]
Mean fitness:	-20.56 +- 55.57
Mean fitness per obj: ['-4.39 +-20.95', '-36.73 +-72.21']
Gen  911/1000 [█████████████████████████████████████████████░░░░░]  91.1%
     Best:     Objective 1=  31.54  Objective 2=  38.25
     Mean:     Objective 1=  -4.39  Objective 2= -36.73

Gen  912/1000 [█████████████████████████████████████████████░░░░░]  91.2%
     Best:     Objective 1=  28.02  Objective 2=  81.25
     Mean:     Objective 1=  -8.34  Objective 2= -44.68

Gen  913/1000 [█████████████████████████████████████████████░░░░░]  91.3%
     Best:     Objective 1=  42.81  Objective 2=  18.96
     Mean:     Objective 1=  -2.06  Objective 2= -39.88

Gen  914/1000 [█████████████████████████████████████████████░░░░░]  91.4%
     Best:     Objective 1= 103.22  Objective 2=  15.17
     Mean:     Objective 1=  -3.47  Objective 2= -32.81

Gen  915/1000 [█████████████████████████████████████████████░░░░░]  91.5%
     Best:     Objective 1=  33.86  Objective 2=  30.44
     Mean:     Objective 1=  -4.30  Objective 2= -54.58

Generation 915:	[49.37844159 35.07565378]
Mean fitness:	-18.41 +- 47.04
Mean fitness per obj: ['-2.75 +-26.76', '-34.08 +-56.73']
Gen  916/1000 [█████████████████████████████████████████████░░░░░]  91.6%
     Best:     Objective 1=  56.56  Objective 2=  33.22
     Mean:     Objective 1=  -2.75  Objective 2= -34.08

Gen  917/1000 [█████████████████████████████████████████████░░░░░]  91.7%
     Best:     Objective 1=  42.39  Objective 2=   4.46
     Mean:     Objective 1= -11.41  Objective 2= -39.50

Gen  918/1000 [█████████████████████████████████████████████░░░░░]  91.8%
     Best:     Objective 1=  40.40  Objective 2=  28.43
     Mean:     Objective 1=  -2.26  Objective 2= -36.55

Gen  919/1000 [█████████████████████████████████████████████░░░░░]  91.9%
     Best:     Objective 1=  38.50  Objective 2=  22.86
     Mean:     Objective 1=  -5.22  Objective 2= -45.51

Gen  920/1000 [██████████████████████████████████████████████░░░░]  92.0%
     Best:     Objective 1=  34.17  Objective 2=  20.64
     Mean:     Objective 1=  -8.94  Objective 2= -47.44

Generation 920:	[49.37844159 35.07565378]
Mean fitness:	-20.03 +- 46.94
Mean fitness per obj: ['-3.23 +-18.05', '-36.82 +-59.30']
Gen  921/1000 [██████████████████████████████████████████████░░░░]  92.1%
     Best:     Objective 1=  47.79  Objective 2=  32.89
     Mean:     Objective 1=  -3.23  Objective 2= -36.82

Gen  922/1000 [██████████████████████████████████████████████░░░░]  92.2%
     Best:     Objective 1=  38.01  Objective 2=  59.44
     Mean:     Objective 1=  -9.13  Objective 2= -30.12

Gen  923/1000 [██████████████████████████████████████████████░░░░]  92.3%
     Best:     Objective 1=  41.39  Objective 2=  16.81
     Mean:     Objective 1=  -4.40  Objective 2= -49.02

Gen  924/1000 [██████████████████████████████████████████████░░░░]  92.4%
     Best:     Objective 1=  43.73  Objective 2=  31.61
     Mean:     Objective 1=  -7.59  Objective 2= -40.34

Gen  925/1000 [██████████████████████████████████████████████░░░░]  92.5%
     Best:     Objective 1=  26.28  Objective 2=  17.42
     Mean:     Objective 1=  -6.34  Objective 2= -43.73

Generation 925:	[49.37844159 35.07565378]
Mean fitness:	-22.75 +- 55.47
Mean fitness per obj: ['-3.57 +-34.66', '-41.94 +-64.94']
Gen  926/1000 [██████████████████████████████████████████████░░░░]  92.6%
     Best:     Objective 1=  38.49  Objective 2=  11.04
     Mean:     Objective 1=  -3.57  Objective 2= -41.94

Gen  927/1000 [██████████████████████████████████████████████░░░░]  92.7%
     Best:     Objective 1=  32.98  Objective 2=  20.33
     Mean:     Objective 1=  -2.09  Objective 2= -42.59

Gen  928/1000 [██████████████████████████████████████████████░░░░]  92.8%
     Best:     Objective 1=  27.15  Objective 2=  15.62
     Mean:     Objective 1=  -6.76  Objective 2= -42.99

Gen  929/1000 [██████████████████████████████████████████████░░░░]  92.9%
     Best:     Objective 1=  44.91  Objective 2=  23.19
     Mean:     Objective 1=  -2.39  Objective 2= -43.35

Gen  930/1000 [██████████████████████████████████████████████░░░░]  93.0%
     Best:     Objective 1=  35.28  Objective 2=  46.78
     Mean:     Objective 1=  -3.84  Objective 2= -43.13

Generation 930:	[49.37844159 35.07565378]
Mean fitness:	-21.79 +- 56.36
Mean fitness per obj: ['-5.88 +-32.43', '-37.71 +-69.25']
Gen  931/1000 [██████████████████████████████████████████████░░░░]  93.1%
     Best:     Objective 1=  50.11  Objective 2=   8.79
     Mean:     Objective 1=  -5.88  Objective 2= -37.71

Gen  932/1000 [██████████████████████████████████████████████░░░░]  93.2%
     Best:     Objective 1=  28.04  Objective 2=  40.91
     Mean:     Objective 1=  -6.61  Objective 2= -34.23

Gen  933/1000 [██████████████████████████████████████████████░░░░]  93.3%
     Best:     Objective 1=  58.48  Objective 2=  17.68
     Mean:     Objective 1=  -2.45  Objective 2= -44.94

Gen  934/1000 [██████████████████████████████████████████████░░░░]  93.4%
     Best:     Objective 1=  26.90  Objective 2=  19.16
     Mean:     Objective 1=  -6.64  Objective 2= -43.79

Gen  935/1000 [██████████████████████████████████████████████░░░░]  93.5%
     Best:     Objective 1=  33.40  Objective 2=  39.92
     Mean:     Objective 1=  -2.53  Objective 2= -36.81

Generation 935:	[49.37844159 35.07565378]
Mean fitness:	-23.08 +- 55.70
Mean fitness per obj: ['-6.97 +-39.44', '-39.19 +-64.27']
Gen  936/1000 [██████████████████████████████████████████████░░░░]  93.6%
     Best:     Objective 1=  49.20  Objective 2=  44.12
     Mean:     Objective 1=  -6.97  Objective 2= -39.19

Gen  937/1000 [██████████████████████████████████████████████░░░░]  93.7%
     Best:     Objective 1=  40.30  Objective 2=  72.81
     Mean:     Objective 1=  -4.66  Objective 2= -32.68

Gen  938/1000 [██████████████████████████████████████████████░░░░]  93.8%
     Best:     Objective 1=  36.37  Objective 2=  34.10
     Mean:     Objective 1=  -5.76  Objective 2= -28.59

Gen  939/1000 [██████████████████████████████████████████████░░░░]  93.9%
     Best:     Objective 1=  54.09  Objective 2=  28.53
     Mean:     Objective 1=  -8.25  Objective 2= -40.74

Gen  940/1000 [███████████████████████████████████████████████░░░]  94.0%
     Best:     Objective 1=  31.12  Objective 2=  21.06
     Mean:     Objective 1=  -6.61  Objective 2= -36.72

Generation 940:	[49.37844159 35.07565378]
Mean fitness:	-22.01 +- 58.23
Mean fitness per obj: ['1.01 +-16.52', '-45.02 +-73.82']
Gen  941/1000 [███████████████████████████████████████████████░░░]  94.1%
     Best:     Objective 1=  40.47  Objective 2=  15.14
     Mean:     Objective 1=   1.01  Objective 2= -45.02

Gen  942/1000 [███████████████████████████████████████████████░░░]  94.2%
     Best:     Objective 1=  40.33  Objective 2=  26.86
     Mean:     Objective 1=  -5.80  Objective 2= -44.06

Gen  943/1000 [███████████████████████████████████████████████░░░]  94.3%
     Best:     Objective 1=  45.53  Objective 2=  10.91
     Mean:     Objective 1=  -3.36  Objective 2= -37.80

Gen  944/1000 [███████████████████████████████████████████████░░░]  94.4%
     Best:     Objective 1=  40.09  Objective 2=   9.60
     Mean:     Objective 1=  -2.76  Objective 2= -31.57

Gen  945/1000 [███████████████████████████████████████████████░░░]  94.5%
     Best:     Objective 1=  38.90  Objective 2=  12.58
     Mean:     Objective 1=  -1.87  Objective 2= -31.71

Generation 945:	[49.37844159 35.07565378]
Mean fitness:	-22.66 +- 49.85
Mean fitness per obj: ['-6.87 +-36.75', '-38.46 +-55.85']
Gen  946/1000 [███████████████████████████████████████████████░░░]  94.6%
     Best:     Objective 1=  31.24  Objective 2=  63.38
     Mean:     Objective 1=  -6.87  Objective 2= -38.46

Gen  947/1000 [███████████████████████████████████████████████░░░]  94.7%
     Best:     Objective 1=  46.90  Objective 2=  30.75
     Mean:     Objective 1=  -5.71  Objective 2= -33.95

Gen  948/1000 [███████████████████████████████████████████████░░░]  94.8%
     Best:     Objective 1=  45.53  Objective 2=  21.37
     Mean:     Objective 1=  -5.68  Objective 2= -33.38

Gen  949/1000 [███████████████████████████████████████████████░░░]  94.9%
     Best:     Objective 1=  42.20  Objective 2=  31.88
     Mean:     Objective 1=  -1.73  Objective 2= -34.28

Gen  950/1000 [███████████████████████████████████████████████░░░]  95.0%
     Best:     Objective 1=  40.60  Objective 2=  20.14
     Mean:     Objective 1=  -6.44  Objective 2= -26.76

Generation 950:	[49.37844159 35.07565378]
Mean fitness:	-25.59 +- 57.15
Mean fitness per obj: ['-9.14 +-32.89', '-42.05 +-70.06']
Gen  951/1000 [███████████████████████████████████████████████░░░]  95.1%
     Best:     Objective 1=  45.79  Objective 2=  14.38
     Mean:     Objective 1=  -9.14  Objective 2= -42.05

Gen  952/1000 [███████████████████████████████████████████████░░░]  95.2%
     Best:     Objective 1=  58.67  Objective 2=  45.62
     Mean:     Objective 1=  -2.18  Objective 2= -32.79

Gen  953/1000 [███████████████████████████████████████████████░░░]  95.3%
     Best:     Objective 1=  32.79  Objective 2=  47.11
     Mean:     Objective 1=  -8.83  Objective 2= -50.26

Gen  954/1000 [███████████████████████████████████████████████░░░]  95.4%
     Best:     Objective 1=  32.25  Objective 2=  41.93
     Mean:     Objective 1=  -5.39  Objective 2= -36.41

Gen  955/1000 [███████████████████████████████████████████████░░░]  95.5%
     Best:     Objective 1=  33.61  Objective 2=  30.13
     Mean:     Objective 1=  -6.39  Objective 2= -55.44

Generation 955:	[49.37844159 35.07565378]
Mean fitness:	-22.17 +- 50.42
Mean fitness per obj: ['-12.10 +-48.51', '-32.23 +-50.28']
Gen  956/1000 [███████████████████████████████████████████████░░░]  95.6%
     Best:     Objective 1=  27.60  Objective 2=  23.61
     Mean:     Objective 1= -12.10  Objective 2= -32.23

Gen  957/1000 [███████████████████████████████████████████████░░░]  95.7%
     Best:     Objective 1=  44.25  Objective 2=   9.29
     Mean:     Objective 1=  -9.28  Objective 2= -35.15

Gen  958/1000 [███████████████████████████████████████████████░░░]  95.8%
     Best:     Objective 1=  36.13  Objective 2=  35.19
     Mean:     Objective 1= -12.44  Objective 2= -22.84

Gen  959/1000 [███████████████████████████████████████████████░░░]  95.9%
     Best:     Objective 1=  67.00  Objective 2=  34.14
     Mean:     Objective 1=  -2.13  Objective 2= -43.35

Gen  960/1000 [████████████████████████████████████████████████░░]  96.0%
     Best:     Objective 1=  29.13  Objective 2=  39.49
     Mean:     Objective 1=  -6.66  Objective 2= -40.93

Generation 960:	[49.37844159 35.07565378]
Mean fitness:	-22.39 +- 54.74
Mean fitness per obj: ['-5.09 +-19.95', '-39.69 +-70.69']
Gen  961/1000 [████████████████████████████████████████████████░░]  96.1%
     Best:     Objective 1=  28.87  Objective 2=  34.18
     Mean:     Objective 1=  -5.09  Objective 2= -39.69

Gen  962/1000 [████████████████████████████████████████████████░░]  96.2%
     Best:     Objective 1=  35.48  Objective 2=   4.83
     Mean:     Objective 1=  -3.85  Objective 2= -31.96

Gen  963/1000 [████████████████████████████████████████████████░░]  96.3%
     Best:     Objective 1=  80.76  Objective 2=  36.23
     Mean:     Objective 1=  -5.25  Objective 2= -39.27

Gen  964/1000 [████████████████████████████████████████████████░░]  96.4%
     Best:     Objective 1=  35.52  Objective 2=  20.72
     Mean:     Objective 1=  -9.81  Objective 2= -34.37

Gen  965/1000 [████████████████████████████████████████████████░░]  96.5%
     Best:     Objective 1=  57.42  Objective 2=  36.63
     Mean:     Objective 1=  -9.35  Objective 2= -40.01

Generation 965:	[49.37844159 35.07565378]
Mean fitness:	-22.46 +- 47.67
Mean fitness per obj: ['-8.72 +-35.69', '-36.20 +-53.80']
Gen  966/1000 [████████████████████████████████████████████████░░]  96.6%
     Best:     Objective 1=  59.02  Objective 2=  35.63
     Mean:     Objective 1=  -8.72  Objective 2= -36.20

Gen  967/1000 [████████████████████████████████████████████████░░]  96.7%
     Best:     Objective 1=  33.21  Objective 2=  15.84
     Mean:     Objective 1=  -7.50  Objective 2= -33.85

Gen  968/1000 [████████████████████████████████████████████████░░]  96.8%
     Best:     Objective 1=  55.47  Objective 2=  21.12
     Mean:     Objective 1=  -1.34  Objective 2= -28.28

Gen  969/1000 [████████████████████████████████████████████████░░]  96.9%
     Best:     Objective 1=  38.49  Objective 2=  20.80
     Mean:     Objective 1= -12.15  Objective 2= -34.07

Gen  970/1000 [████████████████████████████████████████████████░░]  97.0%
     Best:     Objective 1=  29.04  Objective 2=   9.59
     Mean:     Objective 1=  -7.48  Objective 2= -36.64

Generation 970:	[49.37844159 35.07565378]
Mean fitness:	-25.11 +- 63.97
Mean fitness per obj: ['-1.97 +-20.11', '-48.25 +-81.91']
Gen  971/1000 [████████████████████████████████████████████████░░]  97.1%
     Best:     Objective 1=  51.41  Objective 2=  35.01
     Mean:     Objective 1=  -1.97  Objective 2= -48.25

Gen  972/1000 [████████████████████████████████████████████████░░]  97.2%
     Best:     Objective 1=  38.21  Objective 2=  23.36
     Mean:     Objective 1=  -3.20  Objective 2= -35.95

Gen  973/1000 [████████████████████████████████████████████████░░]  97.3%
     Best:     Objective 1=  27.09  Objective 2=   4.84
     Mean:     Objective 1=  -5.59  Objective 2= -32.32

Gen  974/1000 [████████████████████████████████████████████████░░]  97.4%
     Best:     Objective 1=  62.81  Objective 2=  17.78
     Mean:     Objective 1=  -7.56  Objective 2= -38.46

Gen  975/1000 [████████████████████████████████████████████████░░]  97.5%
     Best:     Objective 1=  53.51  Objective 2=   9.49
     Mean:     Objective 1=  -6.00  Objective 2= -34.94

Generation 975:	[49.37844159 35.07565378]
Mean fitness:	-23.19 +- 54.10
Mean fitness per obj: ['-7.84 +-43.51', '-38.54 +-59.07']
Gen  976/1000 [████████████████████████████████████████████████░░]  97.6%
     Best:     Objective 1=  50.26  Objective 2=  11.47
     Mean:     Objective 1=  -7.84  Objective 2= -38.54

Gen  977/1000 [████████████████████████████████████████████████░░]  97.7%
     Best:     Objective 1=  33.13  Objective 2=   6.22
     Mean:     Objective 1= -13.50  Objective 2= -40.68

Gen  978/1000 [████████████████████████████████████████████████░░]  97.8%
     Best:     Objective 1=  36.78  Objective 2=  27.81
     Mean:     Objective 1=  -4.53  Objective 2= -35.06

Gen  979/1000 [████████████████████████████████████████████████░░]  97.9%
     Best:     Objective 1=  58.07  Objective 2=  14.72
     Mean:     Objective 1=  -7.79  Objective 2= -32.68

Gen  980/1000 [█████████████████████████████████████████████████░]  98.0%
     Best:     Objective 1=  75.23  Objective 2=  30.77
     Mean:     Objective 1=  -1.17  Objective 2= -50.02

Generation 980:	[49.37844159 35.07565378]
Mean fitness:	-20.46 +- 45.54
Mean fitness per obj: ['-2.87 +-19.93', '-38.05 +-55.96']
Gen  981/1000 [█████████████████████████████████████████████████░]  98.1%
     Best:     Objective 1=  37.02  Objective 2=  10.86
     Mean:     Objective 1=  -2.87  Objective 2= -38.05

Gen  982/1000 [█████████████████████████████████████████████████░]  98.2%
     Best:     Objective 1=  44.69  Objective 2=  13.02
     Mean:     Objective 1= -11.28  Objective 2= -32.78

Gen  983/1000 [█████████████████████████████████████████████████░]  98.3%
     Best:     Objective 1=  44.97  Objective 2=  30.09
     Mean:     Objective 1=  -2.45  Objective 2= -42.80

Gen  984/1000 [█████████████████████████████████████████████████░]  98.4%
     Best:     Objective 1=  46.45  Objective 2=  25.82
     Mean:     Objective 1=  -7.09  Objective 2= -37.94

Gen  985/1000 [█████████████████████████████████████████████████░]  98.5%
     Best:     Objective 1=  29.01  Objective 2=  36.18
     Mean:     Objective 1=  -5.23  Objective 2= -30.42

Generation 985:	[49.37844159 35.07565378]
Mean fitness:	-29.10 +- 72.65
Mean fitness per obj: ['-2.17 +-34.06', '-56.04 +-89.14']
Gen  986/1000 [█████████████████████████████████████████████████░]  98.6%
     Best:     Objective 1=  53.63  Objective 2=   5.03
     Mean:     Objective 1=  -2.17  Objective 2= -56.04

Gen  987/1000 [█████████████████████████████████████████████████░]  98.7%
     Best:     Objective 1=  49.45  Objective 2=   5.61
     Mean:     Objective 1=  -7.98  Objective 2= -54.59

Gen  988/1000 [█████████████████████████████████████████████████░]  98.8%
     Best:     Objective 1=  44.21  Objective 2=   6.21
     Mean:     Objective 1=  -7.17  Objective 2= -41.64

Gen  989/1000 [█████████████████████████████████████████████████░]  98.9%
     Best:     Objective 1=  37.61  Objective 2=  31.70
     Mean:     Objective 1=  -5.06  Objective 2= -31.51

Gen  990/1000 [█████████████████████████████████████████████████░]  99.0%
     Best:     Objective 1=  73.07  Objective 2=  22.23
     Mean:     Objective 1=  -2.66  Objective 2= -52.04

Generation 990:	[49.37844159 35.07565378]
Mean fitness:	-12.51 +- 33.90
Mean fitness per obj: ['-0.72 +-16.36', '-24.31 +-41.85']
Gen  991/1000 [█████████████████████████████████████████████████░]  99.1%
     Best:     Objective 1=  48.19  Objective 2=  14.82
     Mean:     Objective 1=  -0.72  Objective 2= -24.31

Gen  992/1000 [█████████████████████████████████████████████████░]  99.2%
     Best:     Objective 1=  56.32  Objective 2=  26.27
     Mean:     Objective 1=  -6.21  Objective 2= -42.49

Gen  993/1000 [█████████████████████████████████████████████████░]  99.3%
     Best:     Objective 1=  71.00  Objective 2=  40.60
     Mean:     Objective 1=  -7.32  Objective 2= -38.34

Gen  994/1000 [█████████████████████████████████████████████████░]  99.4%
     Best:     Objective 1=  43.32  Objective 2=  18.15
     Mean:     Objective 1=  -0.44  Objective 2= -47.82

Gen  995/1000 [█████████████████████████████████████████████████░]  99.5%
     Best:     Objective 1=  38.18  Objective 2=   7.47
     Mean:     Objective 1= -13.13  Objective 2= -32.26

Generation 995:	[49.37844159 35.07565378]
Mean fitness:	-28.08 +- 63.11
Mean fitness per obj: ['-9.74 +-41.32', '-46.43 +-74.73']
Gen  996/1000 [█████████████████████████████████████████████████░]  99.6%
     Best:     Objective 1=  41.35  Objective 2=  12.02
     Mean:     Objective 1=  -9.74  Objective 2= -46.43

Gen  997/1000 [█████████████████████████████████████████████████░]  99.7%
     Best:     Objective 1=  28.04  Objective 2=  18.18
     Mean:     Objective 1=  -8.02  Objective 2= -43.40

Gen  998/1000 [█████████████████████████████████████████████████░]  99.8%
     Best:     Objective 1=  48.63  Objective 2=  21.61
     Mean:     Objective 1=  -7.71  Objective 2= -37.84

Gen  999/1000 [█████████████████████████████████████████████████░]  99.9%
     Best:     Objective 1=  67.40  Objective 2=  32.08
     Mean:     Objective 1=  -8.38  Objective 2= -34.96

Gen 1000/1000 [██████████████████████████████████████████████████] 100.0%
     Best:     Objective 1=  32.30  Objective 2=  23.21
     Mean:     Objective 1=  -6.51  Objective 2= -38.74

